Handle,Title,Body (HTML),Vendor,Product Category,Type,Tags,Published,Option1 Name,Option1 Value,Variant SKU,Variant Barcode,Variant Inventory Tracker,Variant Inventory Qty,Variant Inventory Policy,Variant Fulfillment Service,Variant Price,Variant Compare At Price,Variant Requires Shipping,Variant Taxable,Image Src,Image Position,Image Alt Text,Gift Card,SEO Title,SEO Description,Status
1-8-scale-die-cast-mountain-bike-model,Superior 1:8 Scale Die-Cast Mountain Bike Model,"<p>A 1:8 scale die-cast mountain bike model from Superior&#x27;s Mountainbike Bicycle Simulation Series. Metal frame in red, with working wheels, a kickstand and a little water bottle on the frame. For display or play.</p><ul><li>Die-cast metal, 1:8 scale</li><li>Superior Mountainbike Simulation Series</li><li>Kickstand and water bottle</li><li>Red frame with black handlebars</li><li>For display or play</li></ul><p><strong>What's included:</strong></p><ul><li>1:8 scale die-cast mountain bike model</li><li>Kickstand</li><li>Water bottle</li></ul>",The Toy Gift Shop,,Cars & Vehicles,"age:3-5, feature:new, occasion:birthday, occasion:eid, play:vehicles, sub:Die-Cast Cars",FALSE,Title,Default Title,TGS-DIECAST-MOUNTAIN-BIKE,,shopify,2,deny,manual,2200.00,,TRUE,TRUE,output/TGS-DIECAST-MOUNTAIN-BIKE/CatalogClean.png,1,"1:8 scale die-cast mountain bike model with red frame, black handlebars, and red tires, displayed on a white surface.",FALSE,Superior 1:8 Scale Die-Cast Mountain Bike Model | Toy Gift Shop,"1:8 scale die-cast mountain bike model with red frame, black handlebars, and red tires. Includes kickstand and water bottle. For display or play.",draft
1-8-scale-die-cast-mountain-bike-model,,,,,,,,,,,,,,,,,,,,output/TGS-DIECAST-MOUNTAIN-BIKE/CatalogHero_wm.png,2,"1:8 scale die-cast mountain bike model with red frame, black handlebars, and red tires, displayed on a white surface.",,,,
1-8-scale-die-cast-mountain-bike-model,,,,,,,,,,,,,,,,,,,,output/TGS-DIECAST-MOUNTAIN-BIKE/Box_wm.png,3,"1:8 scale die-cast mountain bike model with red frame, black handlebars, and red tires, displayed on a white surface.",,,,
1-8-scale-die-cast-mountain-bike-model,,,,,,,,,,,,,,,,,,,,output/TGS-DIECAST-MOUNTAIN-BIKE/Lifestyle_wm.png,4,"1:8 scale die-cast mountain bike model with red frame, black handlebars, and red tires, displayed on a white surface.",,,,
1-8-scale-die-cast-mountain-bike-model,,,,,,,,,,,,,,,,,,,,output/TGS-DIECAST-MOUNTAIN-BIKE/Hero_titled.png,5,"1:8 scale die-cast mountain bike model with red frame, black handlebars, and red tires, displayed on a white surface.",,,,
1-8-scale-die-cast-mountain-bike-model,,,,,,,,,,,,,,,,,,,,output/TGS-DIECAST-MOUNTAIN-BIKE/FeatureCard.png,6,"1:8 scale die-cast mountain bike model with red frame, black handlebars, and red tires, displayed on a white surface.",,,,
3d-printing-pen,3D Printing Pen with USB Charger and Filament,"<p>A 3D printing pen that draws in the air with plastic filament. The box says it is designed with no hot parts and uses low-heat plastic, so it is safe to touch while you shape your doodles. It has a built-in 3.7V rechargeable battery and charges from any USB port. Ages 3+ on the box, with a choking hazard warning for small parts.</p><ul><li>Draws 3D shapes with plastic filament</li><li>No hot parts, low-heat plastic</li><li>Built-in 3.7V rechargeable battery</li><li>Charges from any USB port</li><li>Ages 3+ as printed on the box</li></ul><p><strong>What's included:</strong></p><ul><li>3D printing pen</li><li>USB charging cable</li><li>Filament</li></ul>",The Toy Gift Shop,,Novelty & Fun Toys,"age:3-5, feature:new, occasion:birthday, occasion:eid, play:games, sub:Novelty Toys",FALSE,Title,Default Title,TGS-3D-PRINTING-PEN,,shopify,9,deny,manual,3800.00,,TRUE,TRUE,output/TGS-3D-PRINTING-PEN/CatalogClean.png,1,A blue and white 3D printing pen with USB charger and filament in packaging.,FALSE,3D Printing Pen in Pakistan | Toy Gift Shop,"3D Printing Pen for kids aged 3+ with USB charger and filament. Child-safe, no hot parts, designed for creative 3D drawing.",draft
3d-printing-pen,,,,,,,,,,,,,,,,,,,,output/TGS-3D-PRINTING-PEN/CatalogHero_wm.png,2,A blue and white 3D printing pen with USB charger and filament in packaging.,,,,
3d-printing-pen,,,,,,,,,,,,,,,,,,,,output/TGS-3D-PRINTING-PEN/Open_wm.png,3,A blue and white 3D printing pen with USB charger and filament in packaging.,,,,
3d-printing-pen,,,,,,,,,,,,,,,,,,,,output/TGS-3D-PRINTING-PEN/Box_wm.png,4,A blue and white 3D printing pen with USB charger and filament in packaging.,,,,
3d-printing-pen,,,,,,,,,,,,,,,,,,,,output/TGS-3D-PRINTING-PEN/Hero_titled.png,5,A blue and white 3D printing pen with USB charger and filament in packaging.,,,,
3d-printing-pen,,,,,,,,,,,,,,,,,,,,output/TGS-3D-PRINTING-PEN/FeatureCard.png,6,A blue and white 3D printing pen with USB charger and filament in packaging.,,,,
4drc-vita-50-jet-drone,4DRC Vita-50 Jet-Style 4-Axis Remote Control Drone,"<p>This is a 4-axis remote control drone styled like a fighter jet, with a blue-and-grey body and orange nose cone. It is controlled by a black handheld remote with two joysticks. The box indicates it is for ages 14 and up.</p><ul><li>BLUE AND BLACK PLASTIC BODY</li><li>BLACK REMOTE CONTROL UNIT</li><li>FOUR SPINNING BLADES</li><li>FOR AGES 14 AND UP</li><li>INCLUDES DRONE AND REMOTE</li></ul><p><strong>What's included:</strong></p><ul><li>RC drone (jet-styled body)</li><li>Remote control</li></ul>",The Toy Gift Shop,,RC & Remote Control Toys,"age:8+, feature:new, occasion:birthday, occasion:eid, play:vehicles, sub:Drones",FALSE,Title,Default Title,TGS-VITA50-JET-DRONE,,shopify,2,deny,manual,5350.00,,TRUE,TRUE,output/TGS-VITA50-JET-DRONE/CatalogClean.png,1,MRC VITA-50 4-axis remote control drone with remote control in packaging.,FALSE,4DRC Vita-50 Jet-Style 4-Axis Remote Control Drone | Toy Gift Shop,MRC VITA-50 4-axis RC drone with remote control. For ages 14+. Includes drone and remote. Safety warnings printed. Indoor/outdoor use.,draft
4drc-vita-50-jet-drone,,,,,,,,,,,,,,,,,,,,output/TGS-VITA50-JET-DRONE/CatalogHero_wm.png,2,MRC VITA-50 4-axis remote control drone with remote control in packaging.,,,,
4drc-vita-50-jet-drone,,,,,,,,,,,,,,,,,,,,output/TGS-VITA50-JET-DRONE/Box_wm.png,3,MRC VITA-50 4-axis remote control drone with remote control in packaging.,,,,
4drc-vita-50-jet-drone,,,,,,,,,,,,,,,,,,,,output/TGS-VITA50-JET-DRONE/Hero_titled.png,4,MRC VITA-50 4-axis remote control drone with remote control in packaging.,,,,
4drc-vita-50-jet-drone,,,,,,,,,,,,,,,,,,,,output/TGS-VITA50-JET-DRONE/FeatureCard.png,5,MRC VITA-50 4-axis remote control drone with remote control in packaging.,,,,
abero-enlightening-steering-wheel,abero Enlightening Steering Wheel – Baby Activity Toy,"<p>An abero Enlightening Steering Wheel (QX-91027) for babies: a light-up wheel in the middle, letter keys, number keys, music keys and transport sounds, with a little gear lever on the side. The box lists visual training, auditory training and hand-eye coordination, and gives the age as 19 to 36 months. It needs 3 x 1.5V AA batteries, which are not included.</p><ul><li>Light-up steering wheel with letter and number keys</li><li>Music keys and transport sounds</li><li>Gear lever on the side</li><li>Visual, auditory and hand-eye training</li><li>For 19 to 36 months as printed on the box</li><li>Needs 3 x AA batteries (not included)</li></ul><p><strong>What's included:</strong></p><ul><li>abero Enlightening Steering Wheel</li></ul>",The Toy Gift Shop,,Baby & Toddler Toys,"age:1-3, feature:new, occasion:birthday, occasion:eid, play:pretend, sub:Baby Activity Toys",FALSE,Title,Default Title,TGS-ABERO-STEER-WHEEL,,shopify,2,deny,manual,4350.00,,TRUE,TRUE,output/TGS-ABERO-STEER-WHEEL/CatalogClean.png,1,Blue and white abero Enlightening Steering Wheel baby toy in its open box.,FALSE,abero Enlightening Steering Wheel in Pakistan | Toy Gift Shop,"abero Enlightening Steering Wheel: lights, letters, numbers, music keys and transport sounds. For 19 to 36 months.",draft
abero-enlightening-steering-wheel,,,,,,,,,,,,,,,,,,,,output/TGS-ABERO-STEER-WHEEL/CatalogHero_wm.png,2,Blue and white abero Enlightening Steering Wheel baby toy in its open box.,,,,
abero-enlightening-steering-wheel,,,,,,,,,,,,,,,,,,,,output/TGS-ABERO-STEER-WHEEL/Box_wm.png,3,Blue and white abero Enlightening Steering Wheel baby toy in its open box.,,,,
abero-enlightening-steering-wheel,,,,,,,,,,,,,,,,,,,,output/TGS-ABERO-STEER-WHEEL/Lifestyle_wm.png,4,Blue and white abero Enlightening Steering Wheel baby toy in its open box.,,,,
abero-enlightening-steering-wheel,,,,,,,,,,,,,,,,,,,,output/TGS-ABERO-STEER-WHEEL/Hero_titled.png,5,Blue and white abero Enlightening Steering Wheel baby toy in its open box.,,,,
abero-enlightening-steering-wheel,,,,,,,,,,,,,,,,,,,,output/TGS-ABERO-STEER-WHEEL/FeatureCard.png,6,Blue and white abero Enlightening Steering Wheel baby toy in its open box.,,,,
aerobat-four-axis-mini-drone,Aerobat Four Axis Mini Drone with Remote Control,"<p>The Aerobat Four-Axis is a small red drone with a 2.4GHz remote. The box lists take-off and landing, 360° surround flight, omnidirectional flight, cool LED light and USB charging. Ages 14+ as printed on the box.</p><ul><li>2.4GHz remote control</li><li>One-touch take-off and landing</li><li>360° surround and omnidirectional flight</li><li>LED cool light</li><li>USB charging</li><li>Ages 14+ as printed on the box</li></ul><p><strong>What's included:</strong></p><ul><li>Red drone</li><li>White remote control</li><li>USB charging cable</li></ul>",The Toy Gift Shop,,RC & Remote Control Toys,"age:8+, feature:new, occasion:birthday, occasion:eid, play:vehicles, sub:Drones",FALSE,Title,Default Title,TGS-FOUR-AXIS-DRONE,,shopify,2,deny,manual,6000.00,,TRUE,TRUE,output/TGS-FOUR-AXIS-DRONE/CatalogClean.png,1,Red Aerobat Four Axis Mini Drone with remote control and USB cable on a white surface.,FALSE,Aerobat Four Axis Mini Drone in Pakistan | Toy Gift Shop,"Aerobat Four Axis Mini Drone with remote control for ages 14+. Features 360-degree flight, USB charging, and includes all accessories. Perfect for indoor and outdoor flying.",draft
aerobat-four-axis-mini-drone,,,,,,,,,,,,,,,,,,,,output/TGS-FOUR-AXIS-DRONE/CatalogHero_wm.png,2,Red Aerobat Four Axis Mini Drone with remote control and USB cable on a white surface.,,,,
aerobat-four-axis-mini-drone,,,,,,,,,,,,,,,,,,,,output/TGS-FOUR-AXIS-DRONE/Box_wm.png,3,Red Aerobat Four Axis Mini Drone with remote control and USB cable on a white surface.,,,,
aerobat-four-axis-mini-drone,,,,,,,,,,,,,,,,,,,,output/TGS-FOUR-AXIS-DRONE/Lifestyle_wm.png,4,Red Aerobat Four Axis Mini Drone with remote control and USB cable on a white surface.,,,,
aerobat-four-axis-mini-drone,,,,,,,,,,,,,,,,,,,,output/TGS-FOUR-AXIS-DRONE/Hero_titled.png,5,Red Aerobat Four Axis Mini Drone with remote control and USB cable on a white surface.,,,,
aerobat-four-axis-mini-drone,,,,,,,,,,,,,,,,,,,,output/TGS-FOUR-AXIS-DRONE/FeatureCard.png,6,Red Aerobat Four Axis Mini Drone with remote control and USB cable on a white surface.,,,,
aike-led-digital-watch-black,Aike LED Digital Watch – Black Strap,"<p>An Aike LED watch with a square face and a ribbed black strap, presented in a clear display case. The screen wakes at the press of the side button. A simple first watch, and it looks the part.</p><ul><li>LED display, wakes at a button press</li><li>Square face with a ribbed black strap</li><li>Comes in a clear display case</li><li>A simple first watch</li></ul><p><strong>What's included:</strong></p><ul><li>Aike LED watch</li><li>Display case</li></ul>",The Toy Gift Shop,,Novelty & Fun Toys,"age:3-5, feature:new, occasion:birthday, occasion:eid, play:games, sub:Gadgets",FALSE,Title,Default Title,TGS-AIKE-LED-WATCH,,shopify,5,deny,manual,1650.00,,TRUE,TRUE,output/TGS-AIKE-LED-WATCH/CatalogClean.png,1,Black Aike LED digital watch beside its clear display case.,FALSE,Aike LED Digital Watch in Pakistan | Toy Gift Shop,"Aike LED digital watch with a square face and black ribbed strap, in a clear display case.",draft
aike-led-digital-watch-black,,,,,,,,,,,,,,,,,,,,output/TGS-AIKE-LED-WATCH/CatalogHero_wm.png,2,Black Aike LED digital watch beside its clear display case.,,,,
aike-led-digital-watch-black,,,,,,,,,,,,,,,,,,,,output/TGS-AIKE-LED-WATCH/Angle_wm.png,3,Black Aike LED digital watch beside its clear display case.,,,,
aike-led-digital-watch-black,,,,,,,,,,,,,,,,,,,,output/TGS-AIKE-LED-WATCH/Box_wm.png,4,Black Aike LED digital watch beside its clear display case.,,,,
aike-led-digital-watch-black,,,,,,,,,,,,,,,,,,,,output/TGS-AIKE-LED-WATCH/Lifestyle_wm.png,5,Black Aike LED digital watch beside its clear display case.,,,,
aike-led-digital-watch-black,,,,,,,,,,,,,,,,,,,,output/TGS-AIKE-LED-WATCH/Hero_titled.png,6,Black Aike LED digital watch beside its clear display case.,,,,
aike-led-digital-watch-black,,,,,,,,,,,,,,,,,,,,output/TGS-AIKE-LED-WATCH/FeatureCard.png,7,Black Aike LED digital watch beside its clear display case.,,,,
angelo-notebook-pc-educational-toy-with-mouse,Angelo Notebook PC Educational Toy with Mouse,"<p>The Angelo Slimline Notebook is a toy laptop from the Enlightenment Educational Series, with a screen, a full keyboard and its own mouse. The box calls it a new style flashing enter. Not for children under 3, as it has small parts.</p><ul><li>Plastic construction with blue and white color scheme</li><li>Includes a separate mouse with blue and white design</li><li>Screen shows colorful icons and text</li><li>Keyboard has QWERTY layout with number keys</li><li>Intended for children aged 3 and up</li></ul><p><strong>What's included:</strong></p><ul><li>Angelo notebook toy</li><li>Mouse</li></ul>",The Toy Gift Shop,,Educational Toys,"age:3-5, feature:new, occasion:birthday, occasion:eid, play:build, sub:Learning Toys",FALSE,Title,Default Title,TGS-NOTEBOOK-PC,,shopify,3,deny,manual,5500.00,,TRUE,TRUE,output/TGS-NOTEBOOK-PC/CatalogClean.png,1,"Angelo Notebook PC educational toy with mouse and keyboard, packaged in blue and white box.",FALSE,Angelo Notebook PC in Pakistan | Toy Gift Shop,"Angelo Notebook PC educational toy for ages 3+ with keyboard, mouse, and screen. Designed for learning and play. Made in China.",draft
angelo-notebook-pc-educational-toy-with-mouse,,,,,,,,,,,,,,,,,,,,output/TGS-NOTEBOOK-PC/CatalogHero_wm.png,2,"Angelo Notebook PC educational toy with mouse and keyboard, packaged in blue and white box.",,,,
angelo-notebook-pc-educational-toy-with-mouse,,,,,,,,,,,,,,,,,,,,output/TGS-NOTEBOOK-PC/Box_wm.png,3,"Angelo Notebook PC educational toy with mouse and keyboard, packaged in blue and white box.",,,,
angelo-notebook-pc-educational-toy-with-mouse,,,,,,,,,,,,,,,,,,,,output/TGS-NOTEBOOK-PC/Hero_titled.png,4,"Angelo Notebook PC educational toy with mouse and keyboard, packaged in blue and white box.",,,,
angelo-notebook-pc-educational-toy-with-mouse,,,,,,,,,,,,,,,,,,,,output/TGS-NOTEBOOK-PC/FeatureCard.png,5,"Angelo Notebook PC educational toy with mouse and keyboard, packaged in blue and white box.",,,,
baby-rattle-turntable-set,Little Tin Lok Baby Rattle Turntable Set,"<p>A Little Tin Lok Baby Rattle Turntable Set: three spinning rattles in blue, pink and yellow, each with a soft animal face and beads that click as they turn. The box says 360° rotating with super strong suction, so a rattle sticks to the high-chair tray or table while baby spins it. From 0 months.</p><ul><li>Three turntable rattles: blue, pink and yellow</li><li>Spins 360° as printed on the box</li><li>Super strong suction base sticks to a tray or table</li><li>Beads rattle as they turn</li><li>From 0 months</li></ul><p><strong>What's included:</strong></p><ul><li>3 turntable rattles (blue, pink, yellow)</li></ul>",The Toy Gift Shop,,Baby & Toddler Toys,"age:0-1, feature:new, occasion:birthday, occasion:eid, play:pretend, sub:Baby Toys",FALSE,Title,Default Title,TGS-BABY-RATTLE-TURNTABLE,,shopify,9,deny,manual,1850.00,,TRUE,TRUE,output/TGS-BABY-RATTLE-TURNTABLE/CatalogClean.png,1,"Little Tin Lok Baby Rattle Turntable Set with three spinning rattles in blue, pink and yellow, beside its box.",FALSE,Little Tin Lok Baby Rattle Turntable Set in Pakistan | Toy Gift Shop,"Little Tin Lok Baby Rattle Turntable Set: three spinning suction rattles in blue, pink and yellow. 360° rotating. From 0 months.",draft
baby-rattle-turntable-set,,,,,,,,,,,,,,,,,,,,output/TGS-BABY-RATTLE-TURNTABLE/CatalogHero_wm.png,2,"Little Tin Lok Baby Rattle Turntable Set with three spinning rattles in blue, pink and yellow, beside its box.",,,,
baby-rattle-turntable-set,,,,,,,,,,,,,,,,,,,,output/TGS-BABY-RATTLE-TURNTABLE/Box_wm.png,3,"Little Tin Lok Baby Rattle Turntable Set with three spinning rattles in blue, pink and yellow, beside its box.",,,,
baby-rattle-turntable-set,,,,,,,,,,,,,,,,,,,,output/TGS-BABY-RATTLE-TURNTABLE/Lifestyle_wm.png,4,"Little Tin Lok Baby Rattle Turntable Set with three spinning rattles in blue, pink and yellow, beside its box.",,,,
baby-rattle-turntable-set,,,,,,,,,,,,,,,,,,,,output/TGS-BABY-RATTLE-TURNTABLE/Hero_titled.png,5,"Little Tin Lok Baby Rattle Turntable Set with three spinning rattles in blue, pink and yellow, beside its box.",,,,
baby-rattle-turntable-set,,,,,,,,,,,,,,,,,,,,output/TGS-BABY-RATTLE-TURNTABLE/FeatureCard.png,6,"Little Tin Lok Baby Rattle Turntable Set with three spinning rattles in blue, pink and yellow, beside its box.",,,,
basketball-board-game-championship-trophy,Basketball Board Game – Championship Trophy Catapult,"<p>A two-player basketball game shaped like a championship trophy. Open the trophy and both sides play at once: put a basketball on the catapult, aim, press, and shoot it into the basket. Most goals wins. The box gives the size as 19.5 x 8.8 cm.</p><ul><li>Trophy opens into two catapults, one each side</li><li>Shoot the ball into the basket, most goals wins</li><li>Comes with 4 small basketballs</li><li>19.5 x 8.8 cm as printed on the box</li><li>Two players</li></ul><p><strong>What's included:</strong></p><ul><li>Championship trophy game base</li><li>4 small basketballs</li></ul>",The Toy Gift Shop,,Board Games,"age:5-8, feature:new, occasion:birthday, occasion:eid, play:games, sub:Family Board Games",FALSE,Title,Default Title,TGS-BBALL-BOARD,,shopify,2,deny,manual,1350.00,,TRUE,TRUE,output/TGS-BBALL-BOARD/CatalogClean.png,1,A basketball-themed trophy game with two arms and target cups for two players.,FALSE,Basketball Board Game in Pakistan | Toy Gift Shop,"Basketball board game shaped like a championship trophy: two catapults, 4 balls, most goals wins.",draft
basketball-board-game-championship-trophy,,,,,,,,,,,,,,,,,,,,output/TGS-BBALL-BOARD/CatalogHero_wm.png,2,A basketball-themed trophy game with two arms and target cups for two players.,,,,
basketball-board-game-championship-trophy,,,,,,,,,,,,,,,,,,,,output/TGS-BBALL-BOARD/Angle_wm.png,3,A basketball-themed trophy game with two arms and target cups for two players.,,,,
basketball-board-game-championship-trophy,,,,,,,,,,,,,,,,,,,,output/TGS-BBALL-BOARD/Box_wm.png,4,A basketball-themed trophy game with two arms and target cups for two players.,,,,
basketball-board-game-championship-trophy,,,,,,,,,,,,,,,,,,,,output/TGS-BBALL-BOARD/Lifestyle_wm.png,5,A basketball-themed trophy game with two arms and target cups for two players.,,,,
basketball-board-game-championship-trophy,,,,,,,,,,,,,,,,,,,,output/TGS-BBALL-BOARD/Hero_titled.png,6,A basketball-themed trophy game with two arms and target cups for two players.,,,,
basketball-board-game-championship-trophy,,,,,,,,,,,,,,,,,,,,output/TGS-BBALL-BOARD/FeatureCard.png,7,A basketball-themed trophy game with two arms and target cups for two players.,,,,
bead-box-jewellery-kit-teal,"Bead Box Jewellery Kit – Letters, Pearls and Beads","<p>A teal carry case with six trays of beads: alphabet cubes for spelling out names, pearls, pastel rounds, striped melon beads and a spool of elastic cord in the middle. Enough for a whole afternoon of bracelets, and it all clips away again.</p><ul><li>Six trays in a carry case</li><li>Alphabet beads for names and words</li><li>Pearls, pastels and striped beads</li><li>Elastic cord included</li><li>Clips shut with a handle to carry</li></ul><p><strong>What's included:</strong></p><ul><li>Bead case with handle</li><li>Beads in six trays</li><li>Elastic cord</li></ul>",The Toy Gift Shop,,"Arts, Crafts & Creative Toys","age:3-5, feature:new, occasion:birthday, occasion:eid, play:build, sub:Art Sets",FALSE,Title,Default Title,TGS-BEAD-BOX-TEAL,,shopify,6,deny,manual,1050.00,,TRUE,TRUE,output/TGS-BEAD-BOX-TEAL/CatalogClean.png,1,"Teal bead box open, showing six trays of beads and a spool of elastic cord.",FALSE,Bead Box Jewellery Kit in Pakistan | Toy Gift Shop,"Teal bead box with six trays: alphabet beads, pearls, pastels and striped beads, with elastic cord.",draft
bead-box-jewellery-kit-teal,,,,,,,,,,,,,,,,,,,,output/TGS-BEAD-BOX-TEAL/CatalogHero_wm.png,2,"Teal bead box open, showing six trays of beads and a spool of elastic cord.",,,,
bead-box-jewellery-kit-teal,,,,,,,,,,,,,,,,,,,,output/TGS-BEAD-BOX-TEAL/Open_wm.png,3,"Teal bead box open, showing six trays of beads and a spool of elastic cord.",,,,
bead-box-jewellery-kit-teal,,,,,,,,,,,,,,,,,,,,output/TGS-BEAD-BOX-TEAL/Lifestyle_wm.png,4,"Teal bead box open, showing six trays of beads and a spool of elastic cord.",,,,
bead-box-jewellery-kit-teal,,,,,,,,,,,,,,,,,,,,output/TGS-BEAD-BOX-TEAL/Hero_titled.png,5,"Teal bead box open, showing six trays of beads and a spool of elastic cord.",,,,
bead-box-jewellery-kit-teal,,,,,,,,,,,,,,,,,,,,output/TGS-BEAD-BOX-TEAL/FeatureCard.png,6,"Teal bead box open, showing six trays of beads and a spool of elastic cord.",,,,
block-building-toys-in-clear-storage-jar,Block Building Toys in Clear Storage Jar with Red Lid,"<p>A jar of chunky building blocks, including wheels and special pieces, with a screw-on red lid so everything goes back in after play. The blocks press together with studs, big enough for small hands.</p><ul><li>Chunky blocks with studs that press together</li><li>Wheels and special pieces in the mix</li><li>Clear jar with a screw-on lid for tidying up</li><li>Bright mixed colours</li><li>Ages 3+</li></ul><p><strong>What's included:</strong></p><ul><li>Jar of building blocks with lid</li></ul>",The Toy Gift Shop,,Building & Construction Toys,"age:3-5, feature:new, occasion:birthday, occasion:eid, play:build, sub:Building Blocks",FALSE,Title,Default Title,TGS-BLOCK-BUILDING,,shopify,2,deny,manual,4250.00,,TRUE,TRUE,output/TGS-BLOCK-BUILDING/CatalogClean.png,1,Clear plastic jar with red lid filled with colorful plastic building blocks.,FALSE,Block Building Toys in Pakistan | Toy Gift Shop,Colorful plastic building blocks in a clear storage jar with a red lid. Ideal for kids to build and create. Perfect for playtime and storage.,draft
block-building-toys-in-clear-storage-jar,,,,,,,,,,,,,,,,,,,,output/TGS-BLOCK-BUILDING/CatalogHero_wm.png,2,Clear plastic jar with red lid filled with colorful plastic building blocks.,,,,
block-building-toys-in-clear-storage-jar,,,,,,,,,,,,,,,,,,,,output/TGS-BLOCK-BUILDING/Open_wm.png,3,Clear plastic jar with red lid filled with colorful plastic building blocks.,,,,
block-building-toys-in-clear-storage-jar,,,,,,,,,,,,,,,,,,,,output/TGS-BLOCK-BUILDING/Lifestyle_wm.png,4,Clear plastic jar with red lid filled with colorful plastic building blocks.,,,,
block-building-toys-in-clear-storage-jar,,,,,,,,,,,,,,,,,,,,output/TGS-BLOCK-BUILDING/Hero_titled.png,5,Clear plastic jar with red lid filled with colorful plastic building blocks.,,,,
block-building-toys-in-clear-storage-jar,,,,,,,,,,,,,,,,,,,,output/TGS-BLOCK-BUILDING/FeatureCard.png,6,Clear plastic jar with red lid filled with colorful plastic building blocks.,,,,
boom-strike-hammer-game,Boom Strike Hammer Game – Light-Up Tower with Score Display,"<p>Boom Strike is a real action game set: hit the pad with the hammer and the lights race up the scoring tower, with the score on the digital display. The box lists single-player modes (challenge, free play and time attack) and a two-player mode where each player gets 3 rounds and the highest total wins. Volume has three levels. Ages 3+, two players.</p><ul><li>Hit the pad and the lights race up the tower</li><li>Digital score display</li><li>Challenge, free play and time attack modes</li><li>Two-player mode: 3 rounds each, highest total wins</li><li>Three volume levels</li><li>Ages 3+</li></ul><p><strong>What's included:</strong></p><ul><li>Boom Strike tower with base</li><li>2 hammers</li></ul>",The Toy Gift Shop,,Robots & Electronic Toys,"age:3-5, feature:new, occasion:birthday, occasion:eid, play:games, sub:Arcade Games",FALSE,Title,Default Title,TGS-BOOM-STRIKE-HAMMER,,shopify,3,deny,manual,7350.00,,TRUE,TRUE,output/TGS-BOOM-STRIKE-HAMMER/CatalogClean.png,1,Boom Strike electronic hammer game with digital score display and two hammers on a white surface.,FALSE,Boom Strike Hammer Game in Pakistan | Toy Gift Shop,"Boom Strike hammer game: hit the pad, lights race up the tower, digital score. Challenge, free play, time attack and 2-player modes. Ages 3+.",draft
boom-strike-hammer-game,,,,,,,,,,,,,,,,,,,,output/TGS-BOOM-STRIKE-HAMMER/CatalogHero_wm.png,2,Boom Strike electronic hammer game with digital score display and two hammers on a white surface.,,,,
boom-strike-hammer-game,,,,,,,,,,,,,,,,,,,,output/TGS-BOOM-STRIKE-HAMMER/Box_wm.png,3,Boom Strike electronic hammer game with digital score display and two hammers on a white surface.,,,,
boom-strike-hammer-game,,,,,,,,,,,,,,,,,,,,output/TGS-BOOM-STRIKE-HAMMER/Lifestyle_wm.png,4,Boom Strike electronic hammer game with digital score display and two hammers on a white surface.,,,,
boom-strike-hammer-game,,,,,,,,,,,,,,,,,,,,output/TGS-BOOM-STRIKE-HAMMER/Hero_titled.png,5,Boom Strike electronic hammer game with digital score display and two hammers on a white surface.,,,,
boom-strike-hammer-game,,,,,,,,,,,,,,,,,,,,output/TGS-BOOM-STRIKE-HAMMER/FeatureCard.png,6,Boom Strike electronic hammer game with digital score display and two hammers on a white surface.,,,,
busy-book-match-and-learn-activity-book,Busy Book – Match and Learn Activity Book,"<p>A busy book of matching pages: lift the little cards and stick them where they belong. The weather page runs from sunshine and rainbow to typhoon and storm, and the planets page lays out Mercury to Saturn around the sun. Sturdy board pages, and everything stores back in the book. Ages 3+ as printed on the box.</p><ul><li>Matching pages with stick-on cards</li><li>Weather page: sun, rain, snow, thunder, typhoon and more</li><li>Planets page: Mercury to Saturn</li><li>Sturdy board pages, cards store inside</li><li>Ages 3+ as printed on the box</li></ul><p><strong>What's included:</strong></p><ul><li>Busy Book with matching pages and cards</li></ul>",The Toy Gift Shop,,Educational Toys,"age:3-5, feature:new, occasion:birthday, occasion:eid, play:build, sub:Learning Toys",FALSE,Title,Default Title,TGS-BUSY-BOOK-MATCH,,shopify,2,deny,manual,2300.00,,TRUE,TRUE,output/TGS-BUSY-BOOK-MATCH/CatalogClean.png,1,"Busy Book activity book open at the planets matching page, with its box.",FALSE,Busy Book in Pakistan | Toy Gift Shop,"Busy Book: matching pages for weather and the planets, with stick-on cards that store in the book. Ages 3+.",draft
busy-book-match-and-learn-activity-book,,,,,,,,,,,,,,,,,,,,output/TGS-BUSY-BOOK-MATCH/CatalogHero_wm.png,2,"Busy Book activity book open at the planets matching page, with its box.",,,,
busy-book-match-and-learn-activity-book,,,,,,,,,,,,,,,,,,,,output/TGS-BUSY-BOOK-MATCH/Box_wm.png,3,"Busy Book activity book open at the planets matching page, with its box.",,,,
busy-book-match-and-learn-activity-book,,,,,,,,,,,,,,,,,,,,output/TGS-BUSY-BOOK-MATCH/Lifestyle_wm.png,4,"Busy Book activity book open at the planets matching page, with its box.",,,,
busy-book-match-and-learn-activity-book,,,,,,,,,,,,,,,,,,,,output/TGS-BUSY-BOOK-MATCH/Hero_titled.png,5,"Busy Book activity book open at the planets matching page, with its box.",,,,
busy-book-match-and-learn-activity-book,,,,,,,,,,,,,,,,,,,,output/TGS-BUSY-BOOK-MATCH/FeatureCard.png,6,"Busy Book activity book open at the planets matching page, with its box.",,,,
camel-animal-figure,Bactrian Camel Figure,"<p>A two-humped Bactrian camel figure in sandy brown, with dark tufts on the humps and moulded fur along the neck. It stands on its own and suits a desert scene, a nativity set or a shelf.</p><ul><li>Two-humped Bactrian camel</li><li>Sandy brown with dark tufts</li><li>Moulded fur detail</li><li>Stands on its own</li></ul><p><strong>What's included:</strong></p><ul><li>1 camel figure</li></ul>",The Toy Gift Shop,,Animal & Dinosaur Toys,"age:3-5, feature:new, occasion:birthday, occasion:eid, play:pretend, sub:Animal Figures",FALSE,Title,Default Title,TGS-CAMEL-FIGURE,,shopify,4,deny,manual,2850.00,,TRUE,TRUE,output/TGS-CAMEL-FIGURE/CatalogClean.png,1,Sandy brown two-humped camel figure standing.,FALSE,Camel Figure in Pakistan | Toy Gift Shop,"Two-humped Bactrian camel figure in sandy brown, moulded detail, stands on its own.",draft
camel-animal-figure,,,,,,,,,,,,,,,,,,,,output/TGS-CAMEL-FIGURE/CatalogHero_wm.png,2,Sandy brown two-humped camel figure standing.,,,,
camel-animal-figure,,,,,,,,,,,,,,,,,,,,output/TGS-CAMEL-FIGURE/Angle_wm.png,3,Sandy brown two-humped camel figure standing.,,,,
camel-animal-figure,,,,,,,,,,,,,,,,,,,,output/TGS-CAMEL-FIGURE/Lifestyle_wm.png,4,Sandy brown two-humped camel figure standing.,,,,
camel-animal-figure,,,,,,,,,,,,,,,,,,,,output/TGS-CAMEL-FIGURE/Hero_titled.png,5,Sandy brown two-humped camel figure standing.,,,,
camel-animal-figure,,,,,,,,,,,,,,,,,,,,output/TGS-CAMEL-FIGURE/FeatureCard.png,6,Sandy brown two-humped camel figure standing.,,,,
capsule-squishy-ball,Capsule Squishy Ball,"<p>A soft squishy ball swirled in pastel pink, blue and yellow, packed inside a clear round capsule. Open the capsule, squeeze the ball and let it spring back. It is a toy, not food.</p><ul><li>Soft squishy ball</li><li>Pastel pink, blue and yellow swirl</li><li>Comes in a clear round capsule</li><li>For sensory and fidget play</li><li>A toy, not food</li></ul><p><strong>What's included:</strong></p><ul><li>1 squishy ball</li><li>Clear capsule</li></ul>",The Toy Gift Shop,,Sensory & Fidget Toys,"age:3-5, feature:new, occasion:birthday, occasion:eid, play:games, sub:Squishies",FALSE,Title,Default Title,TGS-SQUISHY-CAPSULE-BALL,,shopify,5,deny,manual,1950.00,,TRUE,TRUE,output/TGS-SQUISHY-CAPSULE-BALL/CatalogClean.png,1,Pastel swirl squishy ball next to its open clear capsule.,FALSE,Capsule Squishy Ball in Pakistan | Toy Gift Shop,Pastel swirl squishy ball in a clear round capsule. Soft sensory fidget toy for ages 3+.,draft
capsule-squishy-ball,,,,,,,,,,,,,,,,,,,,output/TGS-SQUISHY-CAPSULE-BALL/CatalogHero_wm.png,2,Pastel swirl squishy ball next to its open clear capsule.,,,,
capsule-squishy-ball,,,,,,,,,,,,,,,,,,,,output/TGS-SQUISHY-CAPSULE-BALL/Box_wm.png,3,Pastel swirl squishy ball next to its open clear capsule.,,,,
capsule-squishy-ball,,,,,,,,,,,,,,,,,,,,output/TGS-SQUISHY-CAPSULE-BALL/Hero_titled.png,4,Pastel swirl squishy ball next to its open clear capsule.,,,,
capsule-squishy-ball,,,,,,,,,,,,,,,,,,,,output/TGS-SQUISHY-CAPSULE-BALL/FeatureCard.png,5,Pastel swirl squishy ball next to its open clear capsule.,,,,
cartoon-animal-hand-knock-piano-series-8-tone,Cartoon Animal Hand Knock Piano Series 8-Tone Xylophone with Mallets,"<p>An 8-tone hand knock piano from the Cartoon Animal Hand Knock Piano Series: eight colourful keys on a wooden frame with a carry handle, played with two mallets. The box prints the music for Twinkle Twinkle Little Star and Happy Birthday so beginners can follow along. Ages 3+, with a choking hazard warning for small parts.</p><ul><li>8 tones across eight colourful keys</li><li>Two mallets included</li><li>Wooden frame with a carry handle</li><li>Song sheets printed on the box: Twinkle Twinkle and Happy Birthday</li><li>Ages 3+</li></ul><p><strong>What's included:</strong></p><ul><li>8-tone hand knock piano</li><li>2 mallets</li></ul>",The Toy Gift Shop,,Musical Toys,"age:3-5, feature:new, occasion:birthday, occasion:eid, play:pretend, sub:Musical Instruments",FALSE,Title,Default Title,TGS-CARTOON-ANIMAL-XYLO,,shopify,5,deny,manual,1050.00,,TRUE,TRUE,output/TGS-CARTOON-ANIMAL-XYLO/CatalogClean.png,1,A colorful cartoon animal hand xylophone piano with 8 keys and two mallets.,FALSE,Cartoon Animal Xylophone Piano in Pakistan | Toy Gift Shop,8-tone cartoon animal hand xylophone piano toy with mallets for ages 3+. Made of wood and painted plastic. Great for musical play.,draft
cartoon-animal-hand-knock-piano-series-8-tone,,,,,,,,,,,,,,,,,,,,output/TGS-CARTOON-ANIMAL-XYLO/CatalogHero_wm.png,2,A colorful cartoon animal hand xylophone piano with 8 keys and two mallets.,,,,
cartoon-animal-hand-knock-piano-series-8-tone,,,,,,,,,,,,,,,,,,,,output/TGS-CARTOON-ANIMAL-XYLO/Box_wm.png,3,A colorful cartoon animal hand xylophone piano with 8 keys and two mallets.,,,,
cartoon-animal-hand-knock-piano-series-8-tone,,,,,,,,,,,,,,,,,,,,output/TGS-CARTOON-ANIMAL-XYLO/Lifestyle_wm.png,4,A colorful cartoon animal hand xylophone piano with 8 keys and two mallets.,,,,
cartoon-animal-hand-knock-piano-series-8-tone,,,,,,,,,,,,,,,,,,,,output/TGS-CARTOON-ANIMAL-XYLO/Hero_titled.png,5,A colorful cartoon animal hand xylophone piano with 8 keys and two mallets.,,,,
cartoon-animal-hand-knock-piano-series-8-tone,,,,,,,,,,,,,,,,,,,,output/TGS-CARTOON-ANIMAL-XYLO/FeatureCard.png,6,A colorful cartoon animal hand xylophone piano with 8 keys and two mallets.,,,,
childrens-camera,"Children's Camera with Unicorn Design – 1080p Photo, Video and Selfie","<p>A children&#x27;s camera in a unicorn design. The box specs: 1920 x 1080 video, a 2.4 inch IPS screen, photo, video and selfie modes, double photo and filter stickers, an ABS body and a 3.7V 600mAh battery that charges by Type-C in about two hours. Ages 6+.</p><ul><li>Photo, video and selfie modes</li><li>1920 x 1080 video, 2.4 inch IPS screen</li><li>Double photo and filter stickers</li><li>3.7V 600mAh battery, Type-C charging, about 2 hours</li><li>ABS body, unicorn design</li><li>Ages 6+</li></ul><p><strong>What's included:</strong></p><ul><li>Children&#x27;s camera</li></ul>",The Toy Gift Shop,,Robots & Electronic Toys,"age:5-8, feature:new, occasion:birthday, occasion:eid, play:games, sub:Electronic Toys",FALSE,Title,Default Title,TGS-S-CAMERA,,shopify,3,deny,manual,7650.00,,TRUE,TRUE,output/TGS-S-CAMERA/CatalogClean.png,1,"A children's camera with a unicorn design, shown in its packaging.",FALSE,Children's Camera in Pakistan | Toy Gift Shop,"Children's unicorn camera: 1080p video, 2.4 inch IPS screen, filters and selfie mode, Type-C charging. Ages 6+.",draft
childrens-camera,,,,,,,,,,,,,,,,,,,,output/TGS-S-CAMERA/CatalogHero_wm.png,2,"A children's camera with a unicorn design, shown in its packaging.",,,,
childrens-camera,,,,,,,,,,,,,,,,,,,,output/TGS-S-CAMERA/Box_wm.png,3,"A children's camera with a unicorn design, shown in its packaging.",,,,
childrens-camera,,,,,,,,,,,,,,,,,,,,output/TGS-S-CAMERA/Lifestyle_wm.png,4,"A children's camera with a unicorn design, shown in its packaging.",,,,
childrens-camera,,,,,,,,,,,,,,,,,,,,output/TGS-S-CAMERA/Hero_titled.png,5,"A children's camera with a unicorn design, shown in its packaging.",,,,
childrens-camera,,,,,,,,,,,,,,,,,,,,output/TGS-S-CAMERA/FeatureCard.png,6,"A children's camera with a unicorn design, shown in its packaging.",,,,
childrens-digital-camera,Children's Digital Camera – Green,"<p>A small digital camera for children, in green. It has a big front lens, a screen on the back and simple round buttons. It comes with a pink lanyard and a USB cable. The box has tick boxes for blue, pink and green; this one is the green camera.</p><ul><li>Green children&#x27;s camera</li><li>Screen on the back, big front lens</li><li>Simple round buttons</li><li>Comes with a pink lanyard and USB cable</li><li>Light enough for small hands</li></ul><p><strong>What's included:</strong></p><ul><li>Children&#x27;s digital camera (green)</li><li>Pink lanyard</li><li>USB cable</li></ul>",The Toy Gift Shop,,Robots & Electronic Toys,"age:3-5, feature:new, occasion:birthday, occasion:eid, play:games, sub:Electronic Toys",FALSE,Title,Default Title,TGS-S-DIGITAL-CAMERA,,shopify,4,deny,manual,2600.00,,TRUE,TRUE,output/TGS-S-DIGITAL-CAMERA/CatalogClean.png,1,"Green children's digital camera with its box, pink lanyard and USB cable.",FALSE,Children's Digital Camera in Pakistan | Toy Gift Shop,"Green children's digital camera with a screen on the back, pink lanyard and USB cable.",draft
childrens-digital-camera,,,,,,,,,,,,,,,,,,,,output/TGS-S-DIGITAL-CAMERA/CatalogHero_wm.png,2,"Green children's digital camera with its box, pink lanyard and USB cable.",,,,
childrens-digital-camera,,,,,,,,,,,,,,,,,,,,output/TGS-S-DIGITAL-CAMERA/Box_wm.png,3,"Green children's digital camera with its box, pink lanyard and USB cable.",,,,
childrens-digital-camera,,,,,,,,,,,,,,,,,,,,output/TGS-S-DIGITAL-CAMERA/Hero_titled.png,4,"Green children's digital camera with its box, pink lanyard and USB cable.",,,,
childrens-digital-camera,,,,,,,,,,,,,,,,,,,,output/TGS-S-DIGITAL-CAMERA/FeatureCard.png,5,"Green children's digital camera with its box, pink lanyard and USB cable.",,,,
chocolate-bar-squishy-kinder-and-snickers,Chocolate Bar Squishy Toy – Kinder Maxi or Snickers,"<p>A soft squishy shaped like a chocolate bar, in two designs: Kinder Maxi and Snickers. Squeeze it and let it spring back. It comes in a clear wrapper. It is a toy, not food.</p><ul><li>Chocolate-bar shaped squishy</li><li>Choose Kinder Maxi or Snickers</li><li>Squeeze and release</li><li>Comes in a clear wrapper</li><li>A toy, not food</li></ul><p><strong>What's included:</strong></p><ul><li>1 chocolate bar squishy (Kinder Maxi or Snickers)</li></ul>",The Toy Gift Shop,,Sensory & Fidget Toys,"age:3-5, feature:new, occasion:birthday, occasion:eid, play:games, sub:Squishies",FALSE,Style,Kinder Maxi,TGS-CHOCOLATE-BAR-SQUISHY-KINDER-MAXI,,shopify,4,deny,manual,1850.00,,TRUE,TRUE,output/TGS-CHOCOLATE-BAR-SQUISHY/CatalogClean.png,1,Kinder Maxi and Snickers chocolate bar squishy toys in clear wrappers.,FALSE,Chocolate Bar Squishy in Pakistan | Toy Gift Shop,"Chocolate bar squishy toy in Kinder Maxi or Snickers design. Squeeze and release for fidget play. A toy, not food. Ages 3+.",draft
chocolate-bar-squishy-kinder-and-snickers,,,,,,,,Style,Snickers,TGS-CHOCOLATE-BAR-SQUISHY-SNICKERS,,shopify,4,deny,manual,1850.00,,TRUE,TRUE,,,,,,,
chocolate-bar-squishy-kinder-and-snickers,,,,,,,,,,,,,,,,,,,,output/TGS-CHOCOLATE-BAR-SQUISHY/CatalogHero_wm.png,2,Kinder Maxi and Snickers chocolate bar squishy toys in clear wrappers.,,,,
chocolate-bar-squishy-kinder-and-snickers,,,,,,,,,,,,,,,,,,,,output/TGS-CHOCOLATE-BAR-SQUISHY/Angle_wm.png,3,Kinder Maxi and Snickers chocolate bar squishy toys in clear wrappers.,,,,
chocolate-bar-squishy-kinder-and-snickers,,,,,,,,,,,,,,,,,,,,output/TGS-CHOCOLATE-BAR-SQUISHY/Box_wm.png,4,Kinder Maxi and Snickers chocolate bar squishy toys in clear wrappers.,,,,
chocolate-bar-squishy-kinder-and-snickers,,,,,,,,,,,,,,,,,,,,output/TGS-CHOCOLATE-BAR-SQUISHY/Hero_titled.png,5,Kinder Maxi and Snickers chocolate bar squishy toys in clear wrappers.,,,,
chocolate-bar-squishy-kinder-and-snickers,,,,,,,,,,,,,,,,,,,,output/TGS-CHOCOLATE-BAR-SQUISHY/FeatureCard.png,6,Kinder Maxi and Snickers chocolate bar squishy toys in clear wrappers.,,,,
cocomelon-figure-set,"CoComelon TomTom, JJ, YoYo and Bingo Mini Figure Set","<p>A set of 4 small CoComelon character figures: TomTom (boy with blue helmet and goggles), JJ (baby in overalls with a yellow hair tuft), YoYo (girl with orange hair), and Bingo the family dog. For ages 3 and up as printed on the box.</p><ul><li>Made of hard plastic</li><li>Each figure is approximately 3 inches tall</li><li>Includes 4 characters: a girl in a polka dot dress, a boy in overalls, a baby, and a dog</li><li>No moving parts or electronic features</li><li>Intended for children ages 3 and up for pretend play</li></ul><p><strong>What's included:</strong></p><ul><li>1 TomTom figure</li><li>1 JJ figure</li><li>1 YoYo figure</li><li>1 Bingo dog figure</li></ul>",The Toy Gift Shop,,Action Figures & Characters,"age:3-5, feature:new, occasion:birthday, occasion:eid, play:pretend, sub:Action Figures",FALSE,Title,Default Title,TGS-COCOMELON-FIGS,,shopify,3,deny,manual,1750.00,,TRUE,TRUE,output/TGS-COCOMELON-FIGS/CatalogClean.png,1,A box of Cocomelon mini figures with four characters displayed in front.,FALSE,"CoComelon TomTom, JJ, YoYo and Bingo Mini Figure Set | Toy Gift Shop","Cocomelon character mini figures set for ages 3+. Includes 4 small plastic figures for pretend play. Hard plastic, no batteries, no movement.",draft
cocomelon-figure-set,,,,,,,,,,,,,,,,,,,,output/TGS-COCOMELON-FIGS/CatalogHero_wm.png,2,A box of Cocomelon mini figures with four characters displayed in front.,,,,
cocomelon-figure-set,,,,,,,,,,,,,,,,,,,,output/TGS-COCOMELON-FIGS/Box_wm.png,3,A box of Cocomelon mini figures with four characters displayed in front.,,,,
cocomelon-figure-set,,,,,,,,,,,,,,,,,,,,output/TGS-COCOMELON-FIGS/Lifestyle_wm.png,4,A box of Cocomelon mini figures with four characters displayed in front.,,,,
cocomelon-figure-set,,,,,,,,,,,,,,,,,,,,output/TGS-COCOMELON-FIGS/Hero_titled.png,5,A box of Cocomelon mini figures with four characters displayed in front.,,,,
cocomelon-figure-set,,,,,,,,,,,,,,,,,,,,output/TGS-COCOMELON-FIGS/FeatureCard.png,6,A box of Cocomelon mini figures with four characters displayed in front.,,,,
colorday-tea-party-artistic-painting-set,ColorDay Tea Party Artistic Painting Set with 9 Piece Mini Tea Set and 6 Colors,"<p>A ColorDay Tea Party painting set: a 9-piece mini tea set to paint yourself, with 6 colours and a brush. Paint the teapot, the cups and the saucers, then set the table for a tea party. Ages 5+ as printed on the box.</p><ul><li>9-piece mini tea set to paint</li><li>6 colours of paint and a brush</li><li>Paint your own teapot, cups and saucers</li><li>ColorDay Tea Party Artistic Painting</li><li>Ages 5+ as printed on the box</li></ul><p><strong>What's included:</strong></p><ul><li>9-piece mini tea set</li><li>6 colours of paint</li><li>Paintbrush</li></ul>",The Toy Gift Shop,,"Arts, Crafts & Creative Toys","age:5-8, feature:new, occasion:birthday, occasion:eid, play:build, sub:Art Sets",FALSE,Title,Default Title,TGS-TEA-PARTY-PAINT,,shopify,3,deny,manual,1850.00,,TRUE,TRUE,output/TGS-TEA-PARTY-PAINT/CatalogClean.png,1,ColorDay Tea Party Artistic Painting Set with 9 piece ceramic tea set and 6 colors of paint.,FALSE,Tea Party Painting Set in Pakistan | Toy Gift Shop,"ColorDay Tea Party Artistic Painting Set includes a 9-piece ceramic tea set, 6 colors of paint, and a paintbrush for children ages 5+.",draft
colorday-tea-party-artistic-painting-set,,,,,,,,,,,,,,,,,,,,output/TGS-TEA-PARTY-PAINT/CatalogHero_wm.png,2,ColorDay Tea Party Artistic Painting Set with 9 piece ceramic tea set and 6 colors of paint.,,,,
colorday-tea-party-artistic-painting-set,,,,,,,,,,,,,,,,,,,,output/TGS-TEA-PARTY-PAINT/Angle_wm.png,3,ColorDay Tea Party Artistic Painting Set with 9 piece ceramic tea set and 6 colors of paint.,,,,
colorday-tea-party-artistic-painting-set,,,,,,,,,,,,,,,,,,,,output/TGS-TEA-PARTY-PAINT/Box_wm.png,4,ColorDay Tea Party Artistic Painting Set with 9 piece ceramic tea set and 6 colors of paint.,,,,
colorday-tea-party-artistic-painting-set,,,,,,,,,,,,,,,,,,,,output/TGS-TEA-PARTY-PAINT/Lifestyle_wm.png,5,ColorDay Tea Party Artistic Painting Set with 9 piece ceramic tea set and 6 colors of paint.,,,,
colorday-tea-party-artistic-painting-set,,,,,,,,,,,,,,,,,,,,output/TGS-TEA-PARTY-PAINT/Hero_titled.png,6,ColorDay Tea Party Artistic Painting Set with 9 piece ceramic tea set and 6 colors of paint.,,,,
colorday-tea-party-artistic-painting-set,,,,,,,,,,,,,,,,,,,,output/TGS-TEA-PARTY-PAINT/FeatureCard.png,7,ColorDay Tea Party Artistic Painting Set with 9 piece ceramic tea set and 6 colors of paint.,,,,
colorful-magnetic-blocks-forest-theme-set,Colorful Magnetic Blocks Forest Theme Set,"<p>A 44-piece set of colourful magnetic blocks on a forest theme: translucent squares, triangles and arches that click together, plus little forest animals. The box notes that the animal colours are random. Ages 3+.</p><ul><li>44 pieces as printed on the box</li><li>Translucent squares, triangles and arches</li><li>Pieces click together with magnets</li><li>Forest theme with little animals (colours are random)</li><li>Ages 3+</li></ul><p><strong>What's included:</strong></p><ul><li>44 magnetic blocks</li></ul>",The Toy Gift Shop,,Building & Construction Toys,"age:3-5, feature:new, occasion:birthday, occasion:eid, play:build, sub:Building Blocks",FALSE,Title,Default Title,TGS-COLORFUL-MAG-BLOCKS,,shopify,2,deny,manual,4500.00,,TRUE,TRUE,output/TGS-COLORFUL-MAG-BLOCKS/CatalogClean.png,1,Box of colorful magnetic blocks with forest theme illustration.,FALSE,Colorful Magnetic Blocks in Pakistan | Toy Gift Shop,"Forest-themed magnetic blocks for ages 3+, 44 pieces, translucent plastic, educational building toy.",draft
colorful-magnetic-blocks-forest-theme-set,,,,,,,,,,,,,,,,,,,,output/TGS-COLORFUL-MAG-BLOCKS/CatalogHero_wm.png,2,Box of colorful magnetic blocks with forest theme illustration.,,,,
colorful-magnetic-blocks-forest-theme-set,,,,,,,,,,,,,,,,,,,,output/TGS-COLORFUL-MAG-BLOCKS/Box_wm.png,3,Box of colorful magnetic blocks with forest theme illustration.,,,,
colorful-magnetic-blocks-forest-theme-set,,,,,,,,,,,,,,,,,,,,output/TGS-COLORFUL-MAG-BLOCKS/Lifestyle_wm.png,4,Box of colorful magnetic blocks with forest theme illustration.,,,,
colorful-magnetic-blocks-forest-theme-set,,,,,,,,,,,,,,,,,,,,output/TGS-COLORFUL-MAG-BLOCKS/Hero_titled.png,5,Box of colorful magnetic blocks with forest theme illustration.,,,,
colorful-magnetic-blocks-forest-theme-set,,,,,,,,,,,,,,,,,,,,output/TGS-COLORFUL-MAG-BLOCKS/FeatureCard.png,6,Box of colorful magnetic blocks with forest theme illustration.,,,,
cosplay-spider-launch-toys,Spider Launch Toys Wrist Transmitter with Suction-Cup Darts,"<p>A wrist-worn hero launcher toy. A red spider-web-print fabric sleeve wraps the wrist and forearm, connected to a hand-crank launcher unit that fires three suction-cup-tipped darts. The launcher body is black with a red base. For ages 6 and up as printed on the box.</p><ul><li>Red spider-web-print fabric wrist sleeve</li><li>Hand-crank launcher unit, black with red base</li><li>3 suction-cup-tipped darts included</li><li>Designed for ages 6 and up</li><li>Cosplay-style hero role play</li></ul><p><strong>What's included:</strong></p><ul><li>1 wrist sleeve (spider-web print)</li><li>1 launcher unit</li><li>3 suction-cup darts</li></ul>",The Toy Gift Shop,,Battle & Action Play,"age:5-8, feature:new, occasion:birthday, occasion:eid, play:games, sub:Battle Play",FALSE,Title,Default Title,TGS-SPIDERWEB-LAUNCH,,shopify,2,deny,manual,840.00,,TRUE,TRUE,output/TGS-SPIDERWEB-LAUNCH/CatalogClean.png,1,"Spider Launch Toys Hero Equipment Set with wrist transmitter, costume, and glasses.",FALSE,Spider Launch Toys Wrist Transmitter with Suction-Cup Darts | Toy Gift Shop,"Spider Launch Toys Hero Equipment Set includes a wrist transmitter, costume, and glasses for kids aged 6+. Perfect for cosplay and pretend play.",draft
cosplay-spider-launch-toys,,,,,,,,,,,,,,,,,,,,output/TGS-SPIDERWEB-LAUNCH/CatalogHero_wm.png,2,"Spider Launch Toys Hero Equipment Set with wrist transmitter, costume, and glasses.",,,,
cosplay-spider-launch-toys,,,,,,,,,,,,,,,,,,,,output/TGS-SPIDERWEB-LAUNCH/Box_wm.png,3,"Spider Launch Toys Hero Equipment Set with wrist transmitter, costume, and glasses.",,,,
cosplay-spider-launch-toys,,,,,,,,,,,,,,,,,,,,output/TGS-SPIDERWEB-LAUNCH/Hero_titled.png,4,"Spider Launch Toys Hero Equipment Set with wrist transmitter, costume, and glasses.",,,,
cosplay-spider-launch-toys,,,,,,,,,,,,,,,,,,,,output/TGS-SPIDERWEB-LAUNCH/FeatureCard.png,5,"Spider Launch Toys Hero Equipment Set with wrist transmitter, costume, and glasses.",,,,
crackle-fluff-crispy-crunch-squishy-sticks,Crackle Fluff Crispy Crunch Squishy Sticks,"<p>Crackle Fluff Crispy Crunch squishy sticks: soft pastel sticks swirled in pink, yellow and blue, packed in a clear case with the Crackle Fluff label. Squeeze and squish them for sensory play. The label says do not eat. It is a toy, not food.</p><ul><li>Pastel squishy sticks in pink, yellow and blue swirls</li><li>Crispy Crunch squish</li><li>Clear storage case</li><li>Label: do not eat</li><li>A toy, not food</li></ul><p><strong>What's included:</strong></p><ul><li>Crackle Fluff squishy sticks</li><li>Clear case</li></ul>",The Toy Gift Shop,,Sensory & Fidget Toys,"age:3-5, feature:new, occasion:birthday, occasion:eid, play:games, sub:Squishies",FALSE,Title,Default Title,TGS-SQUISHY-PASTEL-STICKS,,shopify,4,deny,manual,1850.00,,TRUE,TRUE,output/TGS-SQUISHY-PASTEL-STICKS/CatalogClean.png,1,"Crackle Fluff pastel squishy sticks in pink, yellow and blue with their clear case.",FALSE,Crackle Fluff Crispy Crunch Squishy Sticks in Pakistan | Toy Gift Shop,Crackle Fluff Crispy Crunch pastel squishy sticks in a clear case. Soft sensory squish toy. Do not eat.,draft
crackle-fluff-crispy-crunch-squishy-sticks,,,,,,,,,,,,,,,,,,,,output/TGS-SQUISHY-PASTEL-STICKS/CatalogHero_wm.png,2,"Crackle Fluff pastel squishy sticks in pink, yellow and blue with their clear case.",,,,
crackle-fluff-crispy-crunch-squishy-sticks,,,,,,,,,,,,,,,,,,,,output/TGS-SQUISHY-PASTEL-STICKS/Box_wm.png,3,"Crackle Fluff pastel squishy sticks in pink, yellow and blue with their clear case.",,,,
crackle-fluff-crispy-crunch-squishy-sticks,,,,,,,,,,,,,,,,,,,,output/TGS-SQUISHY-PASTEL-STICKS/Hero_titled.png,4,"Crackle Fluff pastel squishy sticks in pink, yellow and blue with their clear case.",,,,
crackle-fluff-crispy-crunch-squishy-sticks,,,,,,,,,,,,,,,,,,,,output/TGS-SQUISHY-PASTEL-STICKS/FeatureCard.png,5,"Crackle Fluff pastel squishy sticks in pink, yellow and blue with their clear case.",,,,
crisp-choco-squishy-cream-and-chocolate,Crisp Choco Squishy Toy,"<p>A soft squishy shaped like a chocolate bar, in two flavours: cream (white with coloured sprinkles) and chocolate (dark brown). Squeeze it and it slowly springs back. It comes in a clear case with the Faux Crisp Choco label. It is a toy, not food.</p><ul><li>Chocolate-bar shaped squishy</li><li>Two flavours: cream or chocolate</li><li>Slow-rise squeeze</li><li>Clear storage case</li><li>A toy, not food</li></ul><p><strong>What's included:</strong></p><ul><li>1 Crisp Choco squishy (cream or chocolate)</li><li>Clear case</li></ul>",The Toy Gift Shop,,Sensory & Fidget Toys,"age:3-5, feature:new, occasion:birthday, occasion:eid, play:games, sub:Squishies",FALSE,Style,Cream,TGS-SQUISHY-CRISP-CHOCO-CREAM,,shopify,11,deny,manual,1850.00,,TRUE,TRUE,output/TGS-SQUISHY-CRISP-CHOCO/CatalogClean.png,1,Crisp Choco chocolate-bar squishies in cream and chocolate with their clear cases.,FALSE,Crisp Choco Squishy in Pakistan | Toy Gift Shop,"Crisp Choco chocolate-bar squishy toy in cream or chocolate, in a clear case. A toy, not food.",draft
crisp-choco-squishy-cream-and-chocolate,,,,,,,,Style,Chocolate,TGS-SQUISHY-CRISP-CHOCO-CHOCOLATE,,shopify,7,deny,manual,1850.00,,TRUE,TRUE,,,,,,,
crisp-choco-squishy-cream-and-chocolate,,,,,,,,,,,,,,,,,,,,output/TGS-SQUISHY-CRISP-CHOCO/CatalogHero_wm.png,2,Crisp Choco chocolate-bar squishies in cream and chocolate with their clear cases.,,,,
crisp-choco-squishy-cream-and-chocolate,,,,,,,,,,,,,,,,,,,,output/TGS-SQUISHY-CRISP-CHOCO/Angle_wm.png,3,Crisp Choco chocolate-bar squishies in cream and chocolate with their clear cases.,,,,
crisp-choco-squishy-cream-and-chocolate,,,,,,,,,,,,,,,,,,,,output/TGS-SQUISHY-CRISP-CHOCO/Open_wm.png,4,Crisp Choco chocolate-bar squishies in cream and chocolate with their clear cases.,,,,
crisp-choco-squishy-cream-and-chocolate,,,,,,,,,,,,,,,,,,,,output/TGS-SQUISHY-CRISP-CHOCO/Box_wm.png,5,Crisp Choco chocolate-bar squishies in cream and chocolate with their clear cases.,,,,
crisp-choco-squishy-cream-and-chocolate,,,,,,,,,,,,,,,,,,,,output/TGS-SQUISHY-CRISP-CHOCO/Lifestyle_wm.png,6,Crisp Choco chocolate-bar squishies in cream and chocolate with their clear cases.,,,,
crisp-choco-squishy-cream-and-chocolate,,,,,,,,,,,,,,,,,,,,output/TGS-SQUISHY-CRISP-CHOCO/Hero_titled.png,7,Crisp Choco chocolate-bar squishies in cream and chocolate with their clear cases.,,,,
crisp-choco-squishy-cream-and-chocolate,,,,,,,,,,,,,,,,,,,,output/TGS-SQUISHY-CRISP-CHOCO/FeatureCard.png,8,Crisp Choco chocolate-bar squishies in cream and chocolate with their clear cases.,,,,
cute-duck-slide-electric-track-toy,Cute Duck Slide Electric Track Toy,<p>This toy features a green plastic slide structure with an electric ladder mechanism. Small yellow duck figures slide down the track and can be placed on the ladder. The toy includes a clear plastic track piece and an orange flag. It is designed for children aged 3 and up.</p><ul><li>Made of green plastic with clear plastic track pieces</li><li>Includes multiple small yellow duck figures</li><li>Features an electric ladder mechanism for automatic duck movement</li><li>Includes an orange flag accessory</li><li>Intended for children aged 3 and up</li></ul><p><strong>What's included:</strong></p><ul><li>Green plastic slide base with electric ladder</li><li>Multiple small yellow duck figures</li><li>Clear plastic track pieces</li><li>Orange flag accessory</li></ul>,The Toy Gift Shop,,Novelty & Fun Toys,"age:3-5, feature:new, occasion:birthday, occasion:eid, play:games, sub:Novelty Toys",FALSE,Title,Default Title,TGS-CUTE-DUCK-SLIDE,,shopify,7,deny,manual,1950.00,,TRUE,TRUE,output/TGS-CUTE-DUCK-SLIDE/CatalogClean.png,1,Cute Duck Slide electric track toy with green plastic structure and multiple yellow duck figures.,FALSE,Cute Duck Slide in Pakistan | Toy Gift Shop,"Cute Duck Slide electric track toy with multiple ducks for ages 3+. Features an electric ladder, clear track, and fun duck figures. Perfect for kids.",draft
cute-duck-slide-electric-track-toy,,,,,,,,,,,,,,,,,,,,output/TGS-CUTE-DUCK-SLIDE/CatalogHero_wm.png,2,Cute Duck Slide electric track toy with green plastic structure and multiple yellow duck figures.,,,,
cute-duck-slide-electric-track-toy,,,,,,,,,,,,,,,,,,,,output/TGS-CUTE-DUCK-SLIDE/Angle_wm.png,3,Cute Duck Slide electric track toy with green plastic structure and multiple yellow duck figures.,,,,
cute-duck-slide-electric-track-toy,,,,,,,,,,,,,,,,,,,,output/TGS-CUTE-DUCK-SLIDE/Box_wm.png,4,Cute Duck Slide electric track toy with green plastic structure and multiple yellow duck figures.,,,,
cute-duck-slide-electric-track-toy,,,,,,,,,,,,,,,,,,,,output/TGS-CUTE-DUCK-SLIDE/Lifestyle_wm.png,5,Cute Duck Slide electric track toy with green plastic structure and multiple yellow duck figures.,,,,
cute-duck-slide-electric-track-toy,,,,,,,,,,,,,,,,,,,,output/TGS-CUTE-DUCK-SLIDE/Hero_titled.png,6,Cute Duck Slide electric track toy with green plastic structure and multiple yellow duck figures.,,,,
cute-duck-slide-electric-track-toy,,,,,,,,,,,,,,,,,,,,output/TGS-CUTE-DUCK-SLIDE/FeatureCard.png,7,Cute Duck Slide electric track toy with green plastic structure and multiple yellow duck figures.,,,,
cute-intelligent-robot-remote-control,Cute Intelligent Robot Toy with Remote Control and Follow Mode,"<p>A Cute Intelligent Robot with three modes printed on the box: follow mode, remote control mode and escape mode. It comes with a remote, a yellow ball and a USB charging cable. The robot inside is white; the box picture is for reference. Ages 6+.</p><ul><li>Follow mode, remote control mode and escape mode</li><li>Remote control included</li><li>Yellow ball included</li><li>USB charging</li><li>Ages 6+</li></ul><p><strong>What's included:</strong></p><ul><li>Robot toy</li><li>Remote control</li><li>USB cable</li><li>Yellow ball</li></ul>",The Toy Gift Shop,,Robots & Electronic Toys,"age:5-8, feature:new, occasion:birthday, occasion:eid, play:games, sub:Electronic Toys",FALSE,Title,Default Title,TGS-CUTE-INTELLIGE-ROBOT,,shopify,2,deny,manual,6800.00,,TRUE,TRUE,output/TGS-CUTE-INTELLIGE-ROBOT/CatalogClean.png,1,Cute Intelligent Robot toy with remote control and yellow ball on white background.,FALSE,Cute Intelligent Robot in Pakistan | Toy Gift Shop,Cute Intelligent Robot Toy with remote control and follow mode. Ages 6+. Includes USB cable and yellow ball. Plastic construction for children.,draft
cute-intelligent-robot-remote-control,,,,,,,,,,,,,,,,,,,,output/TGS-CUTE-INTELLIGE-ROBOT/CatalogHero_wm.png,2,Cute Intelligent Robot toy with remote control and yellow ball on white background.,,,,
cute-intelligent-robot-remote-control,,,,,,,,,,,,,,,,,,,,output/TGS-CUTE-INTELLIGE-ROBOT/Box_wm.png,3,Cute Intelligent Robot toy with remote control and yellow ball on white background.,,,,
cute-intelligent-robot-remote-control,,,,,,,,,,,,,,,,,,,,output/TGS-CUTE-INTELLIGE-ROBOT/Lifestyle_wm.png,4,Cute Intelligent Robot toy with remote control and yellow ball on white background.,,,,
cute-intelligent-robot-remote-control,,,,,,,,,,,,,,,,,,,,output/TGS-CUTE-INTELLIGE-ROBOT/Hero_titled.png,5,Cute Intelligent Robot toy with remote control and yellow ball on white background.,,,,
cute-intelligent-robot-remote-control,,,,,,,,,,,,,,,,,,,,output/TGS-CUTE-INTELLIGE-ROBOT/FeatureCard.png,6,Cute Intelligent Robot toy with remote control and yellow ball on white background.,,,,
dancing-cactus-toy-with-hat-and-scarf,"Dancing Cactus Toy with Hat, Glasses and Scarf","<p>A knitted cactus in a cloth pot that wiggles and dances to music at the press of the button on the pot. Ours comes dressed for the part, in a purple bucket hat, pixel sunglasses and a striped scarf. It stands about as tall as a water bottle and makes a very silly gift.</p><ul><li>Wiggles and dances to music</li><li>Button on the pot to start it</li><li>Comes with hat, sunglasses and scarf</li><li>Soft knitted body in a cloth pot</li><li>A silly gift for any age</li></ul><p><strong>What's included:</strong></p><ul><li>Dancing cactus in its pot</li><li>Hat, sunglasses and scarf</li></ul>",The Toy Gift Shop,,Novelty & Fun Toys,"age:3-5, feature:new, occasion:birthday, occasion:eid, play:games, sub:Novelty Toys",FALSE,Title,Default Title,TGS-DANCING-CACTUS,,shopify,8,deny,manual,1550.00,,TRUE,TRUE,output/TGS-DANCING-CACTUS/CatalogClean.png,1,"Green knitted dancing cactus in a cloth pot wearing a purple hat, sunglasses and a striped scarf.",FALSE,Dancing Cactus in Pakistan | Toy Gift Shop,"Dancing Cactus: a knitted cactus that wiggles and dances to music, dressed in a hat, sunglasses and scarf.",draft
dancing-cactus-toy-with-hat-and-scarf,,,,,,,,,,,,,,,,,,,,output/TGS-DANCING-CACTUS/CatalogHero_wm.png,2,"Green knitted dancing cactus in a cloth pot wearing a purple hat, sunglasses and a striped scarf.",,,,
dancing-cactus-toy-with-hat-and-scarf,,,,,,,,,,,,,,,,,,,,output/TGS-DANCING-CACTUS/Angle_wm.png,3,"Green knitted dancing cactus in a cloth pot wearing a purple hat, sunglasses and a striped scarf.",,,,
dancing-cactus-toy-with-hat-and-scarf,,,,,,,,,,,,,,,,,,,,output/TGS-DANCING-CACTUS/Box_wm.png,4,"Green knitted dancing cactus in a cloth pot wearing a purple hat, sunglasses and a striped scarf.",,,,
dancing-cactus-toy-with-hat-and-scarf,,,,,,,,,,,,,,,,,,,,output/TGS-DANCING-CACTUS/Lifestyle_wm.png,5,"Green knitted dancing cactus in a cloth pot wearing a purple hat, sunglasses and a striped scarf.",,,,
dancing-cactus-toy-with-hat-and-scarf,,,,,,,,,,,,,,,,,,,,output/TGS-DANCING-CACTUS/Hero_titled.png,6,"Green knitted dancing cactus in a cloth pot wearing a purple hat, sunglasses and a striped scarf.",,,,
dancing-cactus-toy-with-hat-and-scarf,,,,,,,,,,,,,,,,,,,,output/TGS-DANCING-CACTUS/FeatureCard.png,7,"Green knitted dancing cactus in a cloth pot wearing a purple hat, sunglasses and a striped scarf.",,,,
desert-eagle-model-gun,J-Shot Desert Eagle Gel Blaster,"<p>The J-Shot Desert Eagle is a gel blaster that fires soft water-gel beads. The beads are soaked in water first so they swell, then loaded into the clear hopper on top. It charges by USB. The box says ages 14+, so it is for teenagers and adults, with eye protection.</p><ul><li>Fires soft water-gel beads</li><li>Clear bead hopper on top</li><li>USB charging</li><li>Ages 14+ as printed on the box</li></ul><p><strong>What's included:</strong></p><ul><li>Desert Eagle gel blaster</li><li>Bead hopper</li><li>Water-gel beads</li><li>USB charging cable</li></ul>",The Toy Gift Shop,,Battle & Action Play,"age:8+, feature:new, occasion:birthday, occasion:eid, play:games, sub:Battle Play",FALSE,Title,Default Title,TGS-DESERT-EAGLE-GUN,,shopify,2,deny,manual,4800.00,,TRUE,TRUE,output/TGS-DESERT-EAGLE-GUN/CatalogClean.png,1,"J-Shot Desert Eagle gel blaster with its clear bead hopper, gel beads and USB cable.",FALSE,Desert Eagle Model Gun in Pakistan | Toy Gift Shop,"J-Shot Desert Eagle gel blaster that fires soft water-gel beads, with bead hopper and USB charging. Ages 14+.",draft
desert-eagle-model-gun,,,,,,,,,,,,,,,,,,,,output/TGS-DESERT-EAGLE-GUN/CatalogHero_wm.png,2,"J-Shot Desert Eagle gel blaster with its clear bead hopper, gel beads and USB cable.",,,,
desert-eagle-model-gun,,,,,,,,,,,,,,,,,,,,output/TGS-DESERT-EAGLE-GUN/Box_wm.png,3,"J-Shot Desert Eagle gel blaster with its clear bead hopper, gel beads and USB cable.",,,,
desert-eagle-model-gun,,,,,,,,,,,,,,,,,,,,output/TGS-DESERT-EAGLE-GUN/Lifestyle_wm.png,4,"J-Shot Desert Eagle gel blaster with its clear bead hopper, gel beads and USB cable.",,,,
desert-eagle-model-gun,,,,,,,,,,,,,,,,,,,,output/TGS-DESERT-EAGLE-GUN/Hero_titled.png,5,"J-Shot Desert Eagle gel blaster with its clear bead hopper, gel beads and USB cable.",,,,
desert-eagle-model-gun,,,,,,,,,,,,,,,,,,,,output/TGS-DESERT-EAGLE-GUN/FeatureCard.png,6,"J-Shot Desert Eagle gel blaster with its clear bead hopper, gel beads and USB cable.",,,,
digital-mini-train-wooden-number-train,Digital Mini Train – Wooden Number Train 0 to 9,"<p>A wooden pull-along train where every carriage is a number, 0 to 9, in a different colour. The carriages hook together, so children line up the numbers in order, count them out and rearrange them. The box lists body and hand-eye coordination, motor skills, imagination, spatial thinking and creativity. 36 months and up, with a choking hazard warning for small parts.</p><ul><li>Wooden engine with number carriages 0 to 9</li><li>Carriages hook together in any order</li><li>Count, sort and line up the numbers</li><li>Builds hand-eye coordination and fine motor skills</li><li>36 months+ as printed on the box</li></ul><p><strong>What's included:</strong></p><ul><li>Wooden engine</li><li>Number carriages 0 to 9</li></ul>",The Toy Gift Shop,,Educational Toys,"age:3-5, feature:new, occasion:birthday, occasion:eid, play:build, sub:Learning Toys",FALSE,Title,Default Title,TGS-MINI-NUMBER-TRAIN,,shopify,5,deny,manual,2150.00,,TRUE,TRUE,output/TGS-MINI-NUMBER-TRAIN/CatalogClean.png,1,Wooden Digital Mini Train with number carriages 0 to 9 beside its box.,FALSE,Digital Mini Train in Pakistan | Toy Gift Shop,Digital Mini Train: a wooden number train with carriages 0 to 9 that hook together. A first counting toy for 3+.,draft
digital-mini-train-wooden-number-train,,,,,,,,,,,,,,,,,,,,output/TGS-MINI-NUMBER-TRAIN/CatalogHero_wm.png,2,Wooden Digital Mini Train with number carriages 0 to 9 beside its box.,,,,
digital-mini-train-wooden-number-train,,,,,,,,,,,,,,,,,,,,output/TGS-MINI-NUMBER-TRAIN/Box_wm.png,3,Wooden Digital Mini Train with number carriages 0 to 9 beside its box.,,,,
digital-mini-train-wooden-number-train,,,,,,,,,,,,,,,,,,,,output/TGS-MINI-NUMBER-TRAIN/Hero_titled.png,4,Wooden Digital Mini Train with number carriages 0 to 9 beside its box.,,,,
digital-mini-train-wooden-number-train,,,,,,,,,,,,,,,,,,,,output/TGS-MINI-NUMBER-TRAIN/FeatureCard.png,5,Wooden Digital Mini Train with number carriages 0 to 9 beside its box.,,,,
dinosaur-busy-board,Dinosaur Busy Board with 20+ Activities for Toddlers,"<p>This dinosaur-shaped busy board is designed for toddlers. It features colorful plastic panels, wheels with numbers, and interactive elements like a lock, slide, and buttons. The toy includes a speaker for sounds and music. It is intended for children aged 18 months and older.</p><ul><li>Plastic construction with bright colors</li><li>Dinosaur shape with wheels for mobility</li><li>Includes interactive panels and buttons</li><li>Features 20 upbeat music tracks</li><li>Age recommended: 18 months and up</li></ul><p><strong>What's included:</strong></p><ul><li>Dinosaur busy board toy</li><li>Instruction manual</li></ul>",The Toy Gift Shop,,Baby & Toddler Toys,"age:1-3, feature:new, occasion:birthday, occasion:eid, play:pretend, sub:Baby Activity Toys",FALSE,Title,Default Title,TGS-DINO-BUSY-BOARD,,shopify,1,deny,manual,4550.00,,TRUE,TRUE,output/TGS-DINO-BUSY-BOARD/CatalogClean.png,1,Dinosaur-shaped busy board with colorful interactive panels and wheels for toddlers.,FALSE,Dinosaur Busy Board in Pakistan | Toy Gift Shop,"Multi-function dinosaur busy board with 20+ activities, wheels, and music for toddlers 18 months and up. Plastic construction with interactive panels.",draft
dinosaur-busy-board,,,,,,,,,,,,,,,,,,,,output/TGS-DINO-BUSY-BOARD/CatalogHero_wm.png,2,Dinosaur-shaped busy board with colorful interactive panels and wheels for toddlers.,,,,
dinosaur-busy-board,,,,,,,,,,,,,,,,,,,,output/TGS-DINO-BUSY-BOARD/Box_wm.png,3,Dinosaur-shaped busy board with colorful interactive panels and wheels for toddlers.,,,,
dinosaur-busy-board,,,,,,,,,,,,,,,,,,,,output/TGS-DINO-BUSY-BOARD/Lifestyle_wm.png,4,Dinosaur-shaped busy board with colorful interactive panels and wheels for toddlers.,,,,
dinosaur-busy-board,,,,,,,,,,,,,,,,,,,,output/TGS-DINO-BUSY-BOARD/Hero_titled.png,5,Dinosaur-shaped busy board with colorful interactive panels and wheels for toddlers.,,,,
dinosaur-busy-board,,,,,,,,,,,,,,,,,,,,output/TGS-DINO-BUSY-BOARD/FeatureCard.png,6,Dinosaur-shaped busy board with colorful interactive panels and wheels for toddlers.,,,,
educational-keyboard-tablet,Educational Keyboard Toy with LED Screen and Alphabet Keys,"<p>An Educação learning tablet with a piano keyboard: an LED screen, alphabet and number keys, and 8 mode keys for letters, words, numbers and music. It runs on 3 x 1.5V AA batteries, which are not included, and the box says not to use rechargeable ones. Ages 3+.</p><ul><li>LED screen with alphabet and number keys</li><li>8 mode keys for letters, words, numbers and music</li><li>Piano keyboard along the front</li><li>Runs on 3 x AA batteries (not included)</li><li>Ages 3+</li></ul><p><strong>What's included:</strong></p><ul><li>Educational keyboard tablet</li></ul>",The Toy Gift Shop,,Musical Toys,"age:3-5, feature:new, occasion:birthday, occasion:eid, play:pretend, sub:Musical Instruments",FALSE,Title,Default Title,TGS-EDU-KEYS,,shopify,2,deny,manual,3250.00,,TRUE,TRUE,output/TGS-EDU-KEYS/CatalogClean.png,1,Educational keyboard toy with colorful alphabet keys and a small LED screen.,FALSE,Educational Keyboard Toy in Pakistan | Toy Gift Shop,"Educational keyboard toy for ages 3+ with LED screen, alphabet keys, and piano-style keys. Made of durable plastic. Requires 3x AA batteries (not included).",draft
educational-keyboard-tablet,,,,,,,,,,,,,,,,,,,,output/TGS-EDU-KEYS/CatalogHero_wm.png,2,Educational keyboard toy with colorful alphabet keys and a small LED screen.,,,,
educational-keyboard-tablet,,,,,,,,,,,,,,,,,,,,output/TGS-EDU-KEYS/Box_wm.png,3,Educational keyboard toy with colorful alphabet keys and a small LED screen.,,,,
educational-keyboard-tablet,,,,,,,,,,,,,,,,,,,,output/TGS-EDU-KEYS/Lifestyle_wm.png,4,Educational keyboard toy with colorful alphabet keys and a small LED screen.,,,,
educational-keyboard-tablet,,,,,,,,,,,,,,,,,,,,output/TGS-EDU-KEYS/Hero_titled.png,5,Educational keyboard toy with colorful alphabet keys and a small LED screen.,,,,
educational-keyboard-tablet,,,,,,,,,,,,,,,,,,,,output/TGS-EDU-KEYS/FeatureCard.png,6,Educational keyboard toy with colorful alphabet keys and a small LED screen.,,,,
electric-drill-tool-set,Electric Drill Toy with Accessories in Carry Case,"<p>A toy electric drill set packaged in a clear plastic carry case. The drill has orange and gray plastic parts. It includes various accessories such as drill bits, a wrench, and a wooden block with holes. The toy is designed for children to simulate drilling and assembling.</p><ul><li>Plastic drill with orange and gray color scheme</li><li>Includes drill bits, wrench, and wooden block</li><li>Drill has a trigger and adjustable chuck</li><li>Accessories stored in molded plastic compartments</li><li>Intended for children to simulate drilling activities</li></ul><p><strong>What's included:</strong></p><ul><li>Electric drill toy</li><li>Tape measure</li><li>Wrench</li><li>Wooden block with holes</li><li>Nuts and bolts</li><li>Carry case with molded compartments</li></ul>",The Toy Gift Shop,,Pretend Play & Role Play,"age:3-5, feature:new, occasion:birthday, occasion:eid, play:pretend, sub:Role Play Sets",FALSE,Title,Default Title,TGS-ELECTRIC-DRILL-SET,,shopify,2,deny,manual,3650.00,,TRUE,TRUE,output/TGS-ELECTRIC-DRILL-SET/CatalogClean.png,1,Electric drill toy with accessories in clear plastic carry case.,FALSE,Electric Drill Toy with Accessories in Carry Case | Toy Gift Shop,"Electric drill toy with accessories in carry case. Includes drill bits, wrench, and wooden block. Designed for children to simulate drilling activities.",draft
electric-drill-tool-set,,,,,,,,,,,,,,,,,,,,output/TGS-ELECTRIC-DRILL-SET/CatalogHero_wm.png,2,Electric drill toy with accessories in clear plastic carry case.,,,,
electric-drill-tool-set,,,,,,,,,,,,,,,,,,,,output/TGS-ELECTRIC-DRILL-SET/Open_wm.png,3,Electric drill toy with accessories in clear plastic carry case.,,,,
electric-drill-tool-set,,,,,,,,,,,,,,,,,,,,output/TGS-ELECTRIC-DRILL-SET/Lifestyle_wm.png,4,Electric drill toy with accessories in clear plastic carry case.,,,,
electric-drill-tool-set,,,,,,,,,,,,,,,,,,,,output/TGS-ELECTRIC-DRILL-SET/Hero_titled.png,5,Electric drill toy with accessories in clear plastic carry case.,,,,
electric-drill-tool-set,,,,,,,,,,,,,,,,,,,,output/TGS-ELECTRIC-DRILL-SET/FeatureCard.png,6,Electric drill toy with accessories in clear plastic carry case.,,,,
engineering-truck-adventure-track,Engineering Truck Adventure – 7 Checkpoint Track Set,"<p>An adventure track for little engineers: push and turn the levers to send the cars through seven checkpoints, up the lift, under the crane and down the purple ramp. The box says it runs on levers and track inertia, so it needs no batteries at all. Two cars and four levers are included. Ages 3+.</p><ul><li>Seven checkpoints around the track</li><li>Works by levers and inertia — no batteries</li><li>Two cars and four levers</li><li>Crane, lift and ramp to work</li><li>Rounded edges</li><li>Ages 3+</li></ul><p><strong>What's included:</strong></p><ul><li>Adventure track base</li><li>2 cars</li></ul>",The Toy Gift Shop,,Cars & Vehicles,"age:3-5, feature:new, occasion:birthday, occasion:eid, play:vehicles, sub:Die-Cast Cars",FALSE,Title,Default Title,TGS-TRUCK-ADVENTURE,,shopify,7,deny,manual,3650.00,,TRUE,TRUE,output/TGS-TRUCK-ADVENTURE/CatalogClean.png,1,"Engineering Truck Adventure track set with crane, ramp and two cars, beside its box.",FALSE,Engineering Truck Adventure in Pakistan | Toy Gift Shop,"Engineering Truck Adventure: a 7-checkpoint track worked by levers, no batteries, with two cars. Ages 3+.",draft
engineering-truck-adventure-track,,,,,,,,,,,,,,,,,,,,output/TGS-TRUCK-ADVENTURE/CatalogHero_wm.png,2,"Engineering Truck Adventure track set with crane, ramp and two cars, beside its box.",,,,
engineering-truck-adventure-track,,,,,,,,,,,,,,,,,,,,output/TGS-TRUCK-ADVENTURE/Box_wm.png,3,"Engineering Truck Adventure track set with crane, ramp and two cars, beside its box.",,,,
engineering-truck-adventure-track,,,,,,,,,,,,,,,,,,,,output/TGS-TRUCK-ADVENTURE/Lifestyle_wm.png,4,"Engineering Truck Adventure track set with crane, ramp and two cars, beside its box.",,,,
engineering-truck-adventure-track,,,,,,,,,,,,,,,,,,,,output/TGS-TRUCK-ADVENTURE/Hero_titled.png,5,"Engineering Truck Adventure track set with crane, ramp and two cars, beside its box.",,,,
engineering-truck-adventure-track,,,,,,,,,,,,,,,,,,,,output/TGS-TRUCK-ADVENTURE/FeatureCard.png,6,"Engineering Truck Adventure track set with crane, ramp and two cars, beside its box.",,,,
follow-me-gesture-car,Magic Induction Follow Me Gesture Car – Pink & Green,"<p>The Magic Induction SQN-001 is a little car that follows your hand. In follow mode it senses whatever is in front and drives after it; with the 2.4GHz remote you steer it yourself. The box says several cars can run at once without interfering, so they can form a fleet. Comes in pink, green and yellow. Ages 6+.</p><ul><li>Follow mode: the car senses your hand and follows it</li><li>2.4GHz remote control</li><li>Several cars can run together as a fleet</li><li>Comes with a ball to chase</li><li>Ages 6+ as printed on the box</li></ul><p><strong>What's included:</strong></p><ul><li>Pink follow-me car</li><li>Remote control</li><li>Ball</li><li>USB charging cable</li></ul>",The Toy Gift Shop,,RC & Remote Control Toys,"age:5-8, feature:new, occasion:birthday, occasion:eid, play:vehicles, sub:RC Vehicles",FALSE,Style,Pink,TGS-FOLLOW-ME-CAR-PNK,,shopify,1,deny,manual,5850.00,,TRUE,TRUE,output/TGS-FOLLOW-ME-CAR/CatalogClean.png,1,"A remote control car with gesture following feature, shown in pink, green and yellow.",FALSE,Follow Me Gesture Car in Pakistan | Toy Gift Shop,"Follow Me Gesture Car Remote Control Toy for kids aged 6+. Features gesture following mode, 2.4GHz remote, and includes 2 yellow balls. Plastic body with white wheels.",draft
follow-me-gesture-car,,,,,,,,Style,Green,TGS-FOLLOW-ME-CAR-GRN,,shopify,1,deny,manual,5850.00,,TRUE,TRUE,,,,,,,
follow-me-gesture-car,,,,,,,,Style,Yellow,TGS-FOLLOW-ME-CAR-YLW,,shopify,1,deny,manual,5850.00,,TRUE,TRUE,,,,,,,
follow-me-gesture-car,,,,,,,,,,,,,,,,,,,,output/TGS-FOLLOW-ME-CAR/CatalogHero_wm.png,2,"A remote control car with gesture following feature, shown in pink, green and yellow.",,,,
follow-me-gesture-car,,,,,,,,,,,,,,,,,,,,output/TGS-FOLLOW-ME-CAR/Open_wm.png,3,"A remote control car with gesture following feature, shown in pink, green and yellow.",,,,
follow-me-gesture-car,,,,,,,,,,,,,,,,,,,,output/TGS-FOLLOW-ME-CAR/Box_wm.png,4,"A remote control car with gesture following feature, shown in pink, green and yellow.",,,,
follow-me-gesture-car,,,,,,,,,,,,,,,,,,,,output/TGS-FOLLOW-ME-CAR/Hero_titled.png,5,"A remote control car with gesture following feature, shown in pink, green and yellow.",,,,
follow-me-gesture-car,,,,,,,,,,,,,,,,,,,,output/TGS-FOLLOW-ME-CAR/FeatureCard.png,6,"A remote control car with gesture following feature, shown in pink, green and yellow.",,,,
four-in-one-insect-catching-game,Four in One Insect Catching Game – Magnetic Wooden Board,"<p>A wooden catching board with four fruit scenes on it: apple, grapes, watermelon and strawberry. Little bugs sit in the fruit with steel heads, and the magnetic wand picks them up. Good for steady hands and early counting. 36 months and up, as printed on the box.</p><ul><li>Wooden board with four fruit scenes</li><li>Magnetic wand catches the bugs</li><li>Builds hand control and early counting</li><li>One board, plays four ways</li><li>36 months+ as printed on the box</li></ul><p><strong>What's included:</strong></p><ul><li>Wooden catching board</li><li>Magnetic wand</li><li>Magnetic bugs</li></ul>",The Toy Gift Shop,,Board Games,"age:3-5, feature:new, occasion:birthday, occasion:eid, play:games, sub:Family Board Games",FALSE,Title,Default Title,TGS-FOUR-INSECT-CATCHING,,shopify,4,deny,manual,2150.00,,TRUE,TRUE,output/TGS-FOUR-INSECT-CATCHING/CatalogClean.png,1,"Wooden insect catching board with apple, grapes, watermelon and strawberry scenes, and its magnetic wand.",FALSE,Four in One Insect Catching Game in Pakistan | Toy Gift Shop,Four in One Insect Catching Game: a wooden board with four fruit scenes and a magnetic wand to catch the bugs. Ages 3+.,draft
four-in-one-insect-catching-game,,,,,,,,,,,,,,,,,,,,output/TGS-FOUR-INSECT-CATCHING/CatalogHero_wm.png,2,"Wooden insect catching board with apple, grapes, watermelon and strawberry scenes, and its magnetic wand.",,,,
four-in-one-insect-catching-game,,,,,,,,,,,,,,,,,,,,output/TGS-FOUR-INSECT-CATCHING/Box_wm.png,3,"Wooden insect catching board with apple, grapes, watermelon and strawberry scenes, and its magnetic wand.",,,,
four-in-one-insect-catching-game,,,,,,,,,,,,,,,,,,,,output/TGS-FOUR-INSECT-CATCHING/Lifestyle_wm.png,4,"Wooden insect catching board with apple, grapes, watermelon and strawberry scenes, and its magnetic wand.",,,,
four-in-one-insect-catching-game,,,,,,,,,,,,,,,,,,,,output/TGS-FOUR-INSECT-CATCHING/Hero_titled.png,5,"Wooden insect catching board with apple, grapes, watermelon and strawberry scenes, and its magnetic wand.",,,,
four-in-one-insect-catching-game,,,,,,,,,,,,,,,,,,,,output/TGS-FOUR-INSECT-CATCHING/FeatureCard.png,6,"Wooden insect catching board with apple, grapes, watermelon and strawberry scenes, and its magnetic wand.",,,,
frenzy-racing-rc-car,Frenzy Racing 1:20 Scale Remote Control Car with 27MHz Transmitter,"<p>This is a 1:20 scale remote control racing car. The car has a shiny blue finish. It moves forward, backward, and turns left or right. It comes with a black remote control with red buttons and a USB rechargeable battery. Runs on 27MHz radio control. The car is for ages 3 and up.</p><ul><li>Shiny blue plastic body</li><li>1:20 scale model</li><li>Remote control with 2.4GHz frequency</li><li>Includes USB rechargeable battery and transmitter</li><li>Intended for ages 3 and up</li></ul><p><strong>What's included:</strong></p><ul><li>1 x remote control car</li><li>1 x remote control transmitter</li><li>1 x USB rechargeable battery</li><li>1 x battery charger</li></ul>",The Toy Gift Shop,,RC & Remote Control Toys,"age:3-5, feature:new, occasion:birthday, occasion:eid, play:vehicles, sub:RC Vehicles",FALSE,Title,Default Title,TGS-FRENZY-RACING-CAR,,shopify,7,deny,manual,1750.00,,TRUE,TRUE,output/TGS-FRENZY-RACING-CAR/CatalogClean.png,1,Blue remote control racing car with black remote and USB battery on a white surface.,FALSE,Frenzy Racing 1:20 Scale Remote Control Car with 27MHz Transmitter | Toy Gift Shop,"Frenzy Racing 1:20 scale remote control car with 2.4GHz transmitter. Shiny blue plastic body. For ages 3 and up. Includes remote, battery, and charger.",draft
frenzy-racing-rc-car,,,,,,,,,,,,,,,,,,,,output/TGS-FRENZY-RACING-CAR/CatalogHero_wm.png,2,Blue remote control racing car with black remote and USB battery on a white surface.,,,,
frenzy-racing-rc-car,,,,,,,,,,,,,,,,,,,,output/TGS-FRENZY-RACING-CAR/Box_wm.png,3,Blue remote control racing car with black remote and USB battery on a white surface.,,,,
frenzy-racing-rc-car,,,,,,,,,,,,,,,,,,,,output/TGS-FRENZY-RACING-CAR/Lifestyle_wm.png,4,Blue remote control racing car with black remote and USB battery on a white surface.,,,,
frenzy-racing-rc-car,,,,,,,,,,,,,,,,,,,,output/TGS-FRENZY-RACING-CAR/Hero_titled.png,5,Blue remote control racing car with black remote and USB battery on a white surface.,,,,
frenzy-racing-rc-car,,,,,,,,,,,,,,,,,,,,output/TGS-FRENZY-RACING-CAR/FeatureCard.png,6,Blue remote control racing car with black remote and USB battery on a white surface.,,,,
givelong-cute-fan-visor-hat,Givelong Cute Fan Visor Hat with Lion Design,"<p>A Givelong Cute Fan Hat: a visor with a little animal fan on the front. The box lists three fan speeds, low noise, air on all sides, an adjustable head strap and USB charging. Ours is the light blue one with the lion. Ages 3+.</p><ul><li>Three fan speeds</li><li>Low noise, air on all sides</li><li>Adjustable head strap</li><li>USB rechargeable</li><li>Light blue with a lion face</li><li>Ages 3+</li></ul><p><strong>What's included:</strong></p><ul><li>Cute fan visor hat</li><li>USB charging cable</li></ul>",The Toy Gift Shop,,Novelty & Fun Toys,"age:3-5, feature:new, occasion:birthday, occasion:eid, play:games, sub:Gadgets",FALSE,Title,Default Title,TGS-FAN-VISOR-HAT,,shopify,5,deny,manual,2550.00,,TRUE,TRUE,output/TGS-FAN-VISOR-HAT/CatalogClean.png,1,A light blue visor hat with a gray adjustable strap and a 3D lion-shaped fan attachment.,FALSE,Cute Fan Visor Hat in Pakistan | Toy Gift Shop,"A light blue visor hat with a 3D lion fan for kids aged 3+. USB powered, adjustable strap, and includes a charging cable. Perfect for summer cooling and fun.",draft
givelong-cute-fan-visor-hat,,,,,,,,,,,,,,,,,,,,output/TGS-FAN-VISOR-HAT/CatalogHero_wm.png,2,A light blue visor hat with a gray adjustable strap and a 3D lion-shaped fan attachment.,,,,
givelong-cute-fan-visor-hat,,,,,,,,,,,,,,,,,,,,output/TGS-FAN-VISOR-HAT/Box_wm.png,3,A light blue visor hat with a gray adjustable strap and a 3D lion-shaped fan attachment.,,,,
givelong-cute-fan-visor-hat,,,,,,,,,,,,,,,,,,,,output/TGS-FAN-VISOR-HAT/Lifestyle_wm.png,4,A light blue visor hat with a gray adjustable strap and a 3D lion-shaped fan attachment.,,,,
givelong-cute-fan-visor-hat,,,,,,,,,,,,,,,,,,,,output/TGS-FAN-VISOR-HAT/Hero_titled.png,5,A light blue visor hat with a gray adjustable strap and a 3D lion-shaped fan attachment.,,,,
givelong-cute-fan-visor-hat,,,,,,,,,,,,,,,,,,,,output/TGS-FAN-VISOR-HAT/FeatureCard.png,6,A light blue visor hat with a gray adjustable strap and a 3D lion-shaped fan attachment.,,,,
glitter-squishy-dumpling,Glitter Squishy Dumpling in a Steamer Case,"<p>Lift the lid off the little steamer basket and there is a dumpling inside with a face on it. The ball is soft and gel-filled, packed with glitter and beads that shift about under a thumb, and it settles back into shape when you let go. The case is part of the toy — it closes over the top, so the dumpling travels in a pencil case or a pocket and comes back out clean. Colours are assigned at random from the range, so the one that arrives may not be the one in the photograph. A good small gift, and a better one for a party bag. Good to know Contains a small ball — keep away from children under three. Squeeze it, don&#x27;t pierce it; the gel inside is not meant to come out. In the box: one glitter squishy dumpling and its steamer-style case. Colour varies. Gift wrap and a handwritten card can be added on this page; we dispatch gift orders within 48 hours. Delivered across Pakistan in 3–5 working days, sooner in Karachi, Lahore and Islamabad. Cash on delivery available.</p><ul><li>Soft gel-filled dumpling packed with glitter and beads</li><li>Comes in its own steamer-style case</li><li>Slow-rise squish, settles back into shape</li><li>Colour varies — assigned at random</li><li>A toy, not food</li></ul><p><strong>What's included:</strong></p><ul><li>1x glitter squishy dumpling (colour varies)</li><li>1x steamer-style case</li></ul>",The Toy Gift Shop,,Sensory & Fidget Toys,"age:3-5, feature:new, occasion:birthday, occasion:return-gift, play:games, sub:Squishies",FALSE,Title,Default Title,TGS-SQUISHY-BUN-STEAMER,,shopify,23,deny,manual,1350.00,,TRUE,TRUE,output/TGS-SQUISHY-BUN-STEAMER/CatalogClean.png,1,Glitter squishy dumpling with its steamer-style case.,FALSE,Glitter Squishy Dumpling Toy in Pakistan | Toy Gift Shop,"Soft glitter squeeze ball with a smiling face, packed in a little bamboo-style steamer case. Colour varies. Delivered across Pakistan, cash on delivery.",draft
glitter-squishy-dumpling,,,,,,,,,,,,,,,,,,,,output/TGS-SQUISHY-BUN-STEAMER/CatalogHero_wm.png,2,Glitter squishy dumpling with its steamer-style case.,,,,
glitter-squishy-dumpling,,,,,,,,,,,,,,,,,,,,output/TGS-SQUISHY-BUN-STEAMER/Angle_wm.png,3,Glitter squishy dumpling with its steamer-style case.,,,,
glitter-squishy-dumpling,,,,,,,,,,,,,,,,,,,,output/TGS-SQUISHY-BUN-STEAMER/Open_wm.png,4,Glitter squishy dumpling with its steamer-style case.,,,,
glitter-squishy-dumpling,,,,,,,,,,,,,,,,,,,,output/TGS-SQUISHY-BUN-STEAMER/Box_wm.png,5,Glitter squishy dumpling with its steamer-style case.,,,,
glitter-squishy-dumpling,,,,,,,,,,,,,,,,,,,,output/TGS-SQUISHY-BUN-STEAMER/Detail_wm.png,6,Glitter squishy dumpling with its steamer-style case.,,,,
glitter-squishy-dumpling,,,,,,,,,,,,,,,,,,,,output/TGS-SQUISHY-BUN-STEAMER/Lifestyle_wm.png,7,Glitter squishy dumpling with its steamer-style case.,,,,
glitter-squishy-dumpling,,,,,,,,,,,,,,,,,,,,output/TGS-SQUISHY-BUN-STEAMER/Hero_titled.png,8,Glitter squishy dumpling with its steamer-style case.,,,,
glitter-squishy-dumpling,,,,,,,,,,,,,,,,,,,,output/TGS-SQUISHY-BUN-STEAMER/FeatureCard.png,9,Glitter squishy dumpling with its steamer-style case.,,,,
glitter-squishy-dumpling,,,,,,,,,,,,,,,,,,,,output/TGS-SQUISHY-BUN-STEAMER/Packshot.png,10,Glitter squishy dumpling with its steamer-style case.,,,,
glitter-squishy-dumpling,,,,,,,,,,,,,,,,,,,,output/TGS-SQUISHY-BUN-STEAMER/WhiteBG.png,11,Glitter squishy dumpling with its steamer-style case.,,,,
heart-bead-box-jewellery-kit,Heart Bead Box – Jewellery Making Kit,"<p>A heart-shaped case that clips open to four trays of beads: pearls, pastels, brights and clear ones with glitter, with elastic cord and little charms in the middle. Enough to string a few bracelets, and the case keeps it all in one place afterwards.</p><ul><li>Heart case with four bead trays</li><li>Pearl, pastel, bright and glitter beads</li><li>Elastic cord and charms included</li><li>Clips shut to keep everything together</li><li>Makes bracelets and necklaces</li></ul><p><strong>What's included:</strong></p><ul><li>Heart bead case</li><li>Beads in four trays</li><li>Elastic cord</li><li>Charms</li></ul>",The Toy Gift Shop,,"Arts, Crafts & Creative Toys","age:3-5, feature:new, occasion:birthday, occasion:eid, play:build, sub:Art Sets",FALSE,Title,Default Title,TGS-HEART-BEAD-BOX,,shopify,7,deny,manual,1050.00,,TRUE,TRUE,output/TGS-HEART-BEAD-BOX/CatalogClean.png,1,Pink heart-shaped bead box open with four trays of beads.,FALSE,Heart Bead Box in Pakistan | Toy Gift Shop,"Heart-shaped bead box with four trays of beads, elastic cord and charms for making bracelets.",draft
heart-bead-box-jewellery-kit,,,,,,,,,,,,,,,,,,,,output/TGS-HEART-BEAD-BOX/CatalogHero_wm.png,2,Pink heart-shaped bead box open with four trays of beads.,,,,
heart-bead-box-jewellery-kit,,,,,,,,,,,,,,,,,,,,output/TGS-HEART-BEAD-BOX/Open_wm.png,3,Pink heart-shaped bead box open with four trays of beads.,,,,
heart-bead-box-jewellery-kit,,,,,,,,,,,,,,,,,,,,output/TGS-HEART-BEAD-BOX/Lifestyle_wm.png,4,Pink heart-shaped bead box open with four trays of beads.,,,,
heart-bead-box-jewellery-kit,,,,,,,,,,,,,,,,,,,,output/TGS-HEART-BEAD-BOX/Hero_titled.png,5,Pink heart-shaped bead box open with four trays of beads.,,,,
heart-bead-box-jewellery-kit,,,,,,,,,,,,,,,,,,,,output/TGS-HEART-BEAD-BOX/FeatureCard.png,6,Pink heart-shaped bead box open with four trays of beads.,,,,
household-set-mini-appliance-toy,Household Set Mini Appliance Toy,<p>Pink pretend-play appliances from the Household Set range. Choose the vacuum cleaner or the washing machine; each comes in its own pink Household Set box.</p><ul><li>Choose the vacuum cleaner or the washing machine</li><li>Pink Household Set design</li><li>Each appliance comes boxed on its own</li><li>For pretend play</li><li>Ages 3+</li></ul><p><strong>What's included:</strong></p><ul><li>1 appliance (your choice: vacuum cleaner or washing machine)</li></ul>,The Toy Gift Shop,,Pretend Play & Role Play,"age:3-5, feature:new, occasion:birthday, occasion:eid, play:pretend, sub:Mini Appliances",FALSE,Style,Vacuum Cleaner,TGS-HOUSEHOLD-SET-MINI-VACUUM-CLEANER,,shopify,3,deny,manual,1450.00,,TRUE,TRUE,output/TGS-HOUSEHOLD-SET-MINI/CatalogClean.png,1,Pink Household Set toy vacuum cleaner and washing machine in their boxes.,FALSE,Household Set Mini Appliance Toy in Pakistan | Toy Gift Shop,Pink Household Set mini appliance toy: choose the vacuum cleaner or the washing machine. Pretend play for ages 3+.,draft
household-set-mini-appliance-toy,,,,,,,,Style,Washing Machine,TGS-HOUSEHOLD-SET-MINI-WASHING-MACHINE,,shopify,3,deny,manual,1450.00,,TRUE,TRUE,,,,,,,
household-set-mini-appliance-toy,,,,,,,,,,,,,,,,,,,,output/TGS-HOUSEHOLD-SET-MINI/CatalogHero_wm.png,2,Pink Household Set toy vacuum cleaner and washing machine in their boxes.,,,,
household-set-mini-appliance-toy,,,,,,,,,,,,,,,,,,,,output/TGS-HOUSEHOLD-SET-MINI/Angle_wm.png,3,Pink Household Set toy vacuum cleaner and washing machine in their boxes.,,,,
household-set-mini-appliance-toy,,,,,,,,,,,,,,,,,,,,output/TGS-HOUSEHOLD-SET-MINI/Box_wm.png,4,Pink Household Set toy vacuum cleaner and washing machine in their boxes.,,,,
household-set-mini-appliance-toy,,,,,,,,,,,,,,,,,,,,output/TGS-HOUSEHOLD-SET-MINI/Lifestyle_wm.png,5,Pink Household Set toy vacuum cleaner and washing machine in their boxes.,,,,
household-set-mini-appliance-toy,,,,,,,,,,,,,,,,,,,,output/TGS-HOUSEHOLD-SET-MINI/Hero_titled.png,6,Pink Household Set toy vacuum cleaner and washing machine in their boxes.,,,,
household-set-mini-appliance-toy,,,,,,,,,,,,,,,,,,,,output/TGS-HOUSEHOLD-SET-MINI/FeatureCard.png,7,Pink Household Set toy vacuum cleaner and washing machine in their boxes.,,,,
huanger-folding-bucket-bath-toys,HUANGER Folding Bucket Bath Toy Set with Accessories,<p>This folding bucket bath toy set includes a collapsible bucket and multiple colorful accessories. The bucket is designed to fold for compact storage. It is intended for bath time play and is suitable for children aged 12 months and up. The packaging indicates it is made of safe and reliable materials for baby toys.</p><ul><li>Made of plastic</li><li>Folds for compact storage</li><li>Includes bucket and multiple accessories</li><li>Intended for bath time use</li><li>Recommended for ages 12 months and up</li></ul><p><strong>What's included:</strong></p><ul><li>1 collapsible folding bucket</li><li>1 sand shovel/fork</li><li>1 rake</li></ul>,The Toy Gift Shop,,Water & Beach Toys,"age:1-3, feature:new, occasion:birthday, occasion:eid, play:outdoor, sub:Water Play",FALSE,Title,Default Title,TGS-FOLD-BUCKET-BATH,,shopify,5,deny,manual,1650.00,,TRUE,TRUE,output/TGS-FOLD-BUCKET-BATH/CatalogClean.png,1,Folding bucket bath toy set with accessories in packaging.,FALSE,HUANGER Folding Bucket Bath Toy Set with Accessories | Toy Gift Shop,"HUANGER Folding Bucket Bath Toy Set with accessories for bath time play. Safe, reliable, and folds for storage. Recommended for ages 12 months and up.",draft
huanger-folding-bucket-bath-toys,,,,,,,,,,,,,,,,,,,,output/TGS-FOLD-BUCKET-BATH/CatalogHero_wm.png,2,Folding bucket bath toy set with accessories in packaging.,,,,
huanger-folding-bucket-bath-toys,,,,,,,,,,,,,,,,,,,,output/TGS-FOLD-BUCKET-BATH/Box_wm.png,3,Folding bucket bath toy set with accessories in packaging.,,,,
huanger-folding-bucket-bath-toys,,,,,,,,,,,,,,,,,,,,output/TGS-FOLD-BUCKET-BATH/Hero_titled.png,4,Folding bucket bath toy set with accessories in packaging.,,,,
huanger-folding-bucket-bath-toys,,,,,,,,,,,,,,,,,,,,output/TGS-FOLD-BUCKET-BATH/FeatureCard.png,5,Folding bucket bath toy set with accessories in packaging.,,,,
huanger-puzzle-phone-dinosaur,Huanger Puzzle Phone – Dinosaur Baby Phone,"<p>A Huanger Puzzle Phone shaped like a little green dinosaur. The numbered keys play music, animal sounds and phone tones, with a screen that lights up. The box lists finger, mental, visual and auditory training, from 18 months.</p><ul><li>Dinosaur phone with numbered keys 0 to 9</li><li>Music, animal sounds and phone tones</li><li>Screen lights up</li><li>Fits small hands</li><li>From 18 months as printed on the box</li></ul><p><strong>What's included:</strong></p><ul><li>Huanger Puzzle Phone</li></ul>",The Toy Gift Shop,,Baby & Toddler Toys,"age:1-3, feature:new, occasion:birthday, occasion:eid, play:pretend, sub:Baby Activity Toys",FALSE,Title,Default Title,TGS-HUANGER-PUZZLE-PHONE,,shopify,6,deny,manual,1250.00,,TRUE,TRUE,output/TGS-HUANGER-PUZZLE-PHONE/CatalogClean.png,1,Green dinosaur Huanger Puzzle Phone baby toy with its box.,FALSE,Huanger Puzzle Phone in Pakistan | Toy Gift Shop,"Huanger Puzzle Phone: a dinosaur baby phone with numbered keys, music, animal sounds and a light-up screen. From 18 months.",draft
huanger-puzzle-phone-dinosaur,,,,,,,,,,,,,,,,,,,,output/TGS-HUANGER-PUZZLE-PHONE/CatalogHero_wm.png,2,Green dinosaur Huanger Puzzle Phone baby toy with its box.,,,,
huanger-puzzle-phone-dinosaur,,,,,,,,,,,,,,,,,,,,output/TGS-HUANGER-PUZZLE-PHONE/Box_wm.png,3,Green dinosaur Huanger Puzzle Phone baby toy with its box.,,,,
huanger-puzzle-phone-dinosaur,,,,,,,,,,,,,,,,,,,,output/TGS-HUANGER-PUZZLE-PHONE/Hero_titled.png,4,Green dinosaur Huanger Puzzle Phone baby toy with its box.,,,,
huanger-puzzle-phone-dinosaur,,,,,,,,,,,,,,,,,,,,output/TGS-HUANGER-PUZZLE-PHONE/FeatureCard.png,5,Green dinosaur Huanger Puzzle Phone baby toy with its box.,,,,
huanger-puzzle-phone-dinosaur,,,,,,,,,,,,,,,,,,,,output/TGS-HUANGER-PUZZLE-PHONE/01_main.jpg,6,Green dinosaur Huanger Puzzle Phone baby toy with its box.,,,,
huanger-puzzle-phone-dinosaur,,,,,,,,,,,,,,,,,,,,output/TGS-HUANGER-PUZZLE-PHONE/02_hero.jpg,7,Green dinosaur Huanger Puzzle Phone baby toy with its box.,,,,
huanger-puzzle-phone-dinosaur,,,,,,,,,,,,,,,,,,,,output/TGS-HUANGER-PUZZLE-PHONE/03_lifestyle_a.jpg,8,Green dinosaur Huanger Puzzle Phone baby toy with its box.,,,,
huanger-puzzle-phone-dinosaur,,,,,,,,,,,,,,,,,,,,output/TGS-HUANGER-PUZZLE-PHONE/04_lifestyle_b.jpg,9,Green dinosaur Huanger Puzzle Phone baby toy with its box.,,,,
huanger-puzzle-phone-dinosaur,,,,,,,,,,,,,,,,,,,,output/TGS-HUANGER-PUZZLE-PHONE/05_infographic.jpg,10,Green dinosaur Huanger Puzzle Phone baby toy with its box.,,,,
huanger-puzzle-phone-dinosaur,,,,,,,,,,,,,,,,,,,,output/TGS-HUANGER-PUZZLE-PHONE/06_size.jpg,11,Green dinosaur Huanger Puzzle Phone baby toy with its box.,,,,
huanger-puzzle-phone-dinosaur,,,,,,,,,,,,,,,,,,,,output/TGS-HUANGER-PUZZLE-PHONE/07_detail.jpg,12,Green dinosaur Huanger Puzzle Phone baby toy with its box.,,,,
intelligence-learning-game-educational-toy,"Intelligence Learning Game – Letters, Words, Numbers and Sounds","<p>A Guan Sheng Intelligence Learning Game tablet. The box lists two ask modes, where it asks the child to find the right letter A–Z, a number 0–9 or a whole word, and three play modes for entering letters with numbers, spelling out a word, and adding music, animal voices and sound effects. Ages 3+.</p><ul><li>Ask modes: find the letter, the number or the word</li><li>Spell words and enter letters with numbers</li><li>Music, animal voices and sound effects</li><li>A–Z keys, numbers 0–9 and picture keys</li><li>Ages 3+</li></ul><p><strong>What's included:</strong></p><ul><li>Intelligence Learning Game tablet</li></ul>",The Toy Gift Shop,,Educational Toys,"age:3-5, feature:new, occasion:birthday, occasion:eid, play:build, sub:Learning Toys",FALSE,Title,Default Title,TGS-INTELLIGE-LEARNING,,shopify,2,deny,manual,4150.00,,TRUE,TRUE,output/TGS-INTELLIGE-LEARNING/CatalogClean.png,1,"Intelligence Learning Game educational toy with keyboard, speaker, and colorful buttons for children.",FALSE,Intelligence Learning Game in Pakistan | Toy Gift Shop,"Educational toy for children aged 3+ to learn alphabet, numbers, and animals. Features a keyboard, speaker, and colorful design. Made of plastic.",draft
intelligence-learning-game-educational-toy,,,,,,,,,,,,,,,,,,,,output/TGS-INTELLIGE-LEARNING/CatalogHero_wm.png,2,"Intelligence Learning Game educational toy with keyboard, speaker, and colorful buttons for children.",,,,
intelligence-learning-game-educational-toy,,,,,,,,,,,,,,,,,,,,output/TGS-INTELLIGE-LEARNING/Box_wm.png,3,"Intelligence Learning Game educational toy with keyboard, speaker, and colorful buttons for children.",,,,
intelligence-learning-game-educational-toy,,,,,,,,,,,,,,,,,,,,output/TGS-INTELLIGE-LEARNING/Lifestyle_wm.png,4,"Intelligence Learning Game educational toy with keyboard, speaker, and colorful buttons for children.",,,,
intelligence-learning-game-educational-toy,,,,,,,,,,,,,,,,,,,,output/TGS-INTELLIGE-LEARNING/Hero_titled.png,5,"Intelligence Learning Game educational toy with keyboard, speaker, and colorful buttons for children.",,,,
intelligence-learning-game-educational-toy,,,,,,,,,,,,,,,,,,,,output/TGS-INTELLIGE-LEARNING/FeatureCard.png,6,"Intelligence Learning Game educational toy with keyboard, speaker, and colorful buttons for children.",,,,
intex-aquaflow-swim-cap,Intex AquaFlow Swim Cap for Ages 8+,"<p>An Intex AquaFlow swim cap, model #55992. Latex free, stretchy, and it keeps hair out of your face in the pool. Ages 8+ as printed on the box.</p><ul><li>Intex AquaFlow, model #55992</li><li>Latex free</li><li>Stretchy fit</li><li>Keeps hair out of your face in the pool</li><li>Ages 8+ as printed on the box</li></ul><p><strong>What's included:</strong></p><ul><li>1 swim cap</li></ul>",The Toy Gift Shop,,Water & Beach Toys,"age:8+, feature:new, occasion:birthday, occasion:eid, play:outdoor, sub:Swim Gear",FALSE,Title,Default Title,TGS-AQUAFLOW-SWIM-CAP,,shopify,5,deny,manual,1340.00,,TRUE,TRUE,output/TGS-AQUAFLOW-SWIM-CAP/CatalogClean.png,1,"AquaFlow swim cap in its packaging, shown from multiple angles.",FALSE,Aquaflow Swim Cap in Pakistan | Toy Gift Shop,"Intex AquaFlow swim cap for children aged 8 and up. Latex-free, flexible swim cap to keep hair out of water. Packaged with one cap.",draft
intex-aquaflow-swim-cap,,,,,,,,,,,,,,,,,,,,output/TGS-AQUAFLOW-SWIM-CAP/CatalogHero_wm.png,2,"AquaFlow swim cap in its packaging, shown from multiple angles.",,,,
intex-aquaflow-swim-cap,,,,,,,,,,,,,,,,,,,,output/TGS-AQUAFLOW-SWIM-CAP/Box_wm.png,3,"AquaFlow swim cap in its packaging, shown from multiple angles.",,,,
intex-aquaflow-swim-cap,,,,,,,,,,,,,,,,,,,,output/TGS-AQUAFLOW-SWIM-CAP/Lifestyle_wm.png,4,"AquaFlow swim cap in its packaging, shown from multiple angles.",,,,
intex-aquaflow-swim-cap,,,,,,,,,,,,,,,,,,,,output/TGS-AQUAFLOW-SWIM-CAP/Hero_titled.png,5,"AquaFlow swim cap in its packaging, shown from multiple angles.",,,,
intex-aquaflow-swim-cap,,,,,,,,,,,,,,,,,,,,output/TGS-AQUAFLOW-SWIM-CAP/FeatureCard.png,6,"AquaFlow swim cap in its packaging, shown from multiple angles.",,,,
king-of-fighters-kyo-kusanagi-figure,The King of Fighters Kyo Kusanagi Action Figure,"<p>A collectible figure of Kyo Kusanagi from The King of Fighters, in his fighting pose on a round black display base, with a flame effect piece. Made for display. The box says ages 15+ and contains small parts.</p><ul><li>Kyo Kusanagi from The King of Fighters</li><li>Fighting pose on a round display base</li><li>Flame effect piece</li><li>For display and collecting</li><li>Ages 15+ as printed on the box</li></ul><p><strong>What's included:</strong></p><ul><li>Kyo Kusanagi figure</li><li>Round display base</li><li>Flame effect piece</li></ul>",The Toy Gift Shop,,Action Figures & Characters,"age:8+, feature:new, occasion:birthday, occasion:eid, play:pretend, sub:Action Figures",FALSE,Title,Default Title,TGS-FIGHTERS-FIGURE,,shopify,3,deny,manual,1990.00,,TRUE,TRUE,output/TGS-FIGHTERS-FIGURE/CatalogClean.png,1,"The King of Fighters Kyo Kusanagi action figure in its packaging, standing on a black base with a small accessory.",FALSE,King Of Fighters Figure in Pakistan | Toy Gift Shop,"The King of Fighters Kyo Kusanagi action figure. Made of hard plastic, poseable, includes one accessory, for ages 15+.",draft
king-of-fighters-kyo-kusanagi-figure,,,,,,,,,,,,,,,,,,,,output/TGS-FIGHTERS-FIGURE/CatalogHero_wm.png,2,"The King of Fighters Kyo Kusanagi action figure in its packaging, standing on a black base with a small accessory.",,,,
king-of-fighters-kyo-kusanagi-figure,,,,,,,,,,,,,,,,,,,,output/TGS-FIGHTERS-FIGURE/Box_wm.png,3,"The King of Fighters Kyo Kusanagi action figure in its packaging, standing on a black base with a small accessory.",,,,
king-of-fighters-kyo-kusanagi-figure,,,,,,,,,,,,,,,,,,,,output/TGS-FIGHTERS-FIGURE/Lifestyle_wm.png,4,"The King of Fighters Kyo Kusanagi action figure in its packaging, standing on a black base with a small accessory.",,,,
king-of-fighters-kyo-kusanagi-figure,,,,,,,,,,,,,,,,,,,,output/TGS-FIGHTERS-FIGURE/Hero_titled.png,5,"The King of Fighters Kyo Kusanagi action figure in its packaging, standing on a black base with a small accessory.",,,,
king-of-fighters-kyo-kusanagi-figure,,,,,,,,,,,,,,,,,,,,output/TGS-FIGHTERS-FIGURE/FeatureCard.png,6,"The King of Fighters Kyo Kusanagi action figure in its packaging, standing on a black base with a small accessory.",,,,
kpop-demon-hunters-beauty-girl-makeup-case,KPop Demon Hunters Beauty Girl Makeup Case,"<p>A pink glitter makeup case with a metal handle and a zip-around lid, printed with the KPop Demon Hunters Beauty Girl artwork. Inside there is a filled palette of eyeshadows, glitters and lip colours, with applicators, a nail polish and a hair bow. Ages 3+ as printed on the case.</p><ul><li>Pink glitter case with a handle and zip</li><li>Filled palette of eyeshadows, glitters and lip colours</li><li>Applicators, nail polish and a hair bow</li><li>KPop Demon Hunters Beauty Girl artwork</li><li>Ages 3+ as printed on the case</li></ul><p><strong>What's included:</strong></p><ul><li>Makeup case</li><li>Makeup palette</li><li>Applicators</li><li>Nail polish</li><li>Hair bow</li></ul>",The Toy Gift Shop,,Pretend Play & Role Play,"age:3-5, feature:new, occasion:birthday, occasion:eid, play:pretend, sub:Makeup Sets",FALSE,Title,Default Title,TGS-BEAUTY-GIRL-MAKEUP,,shopify,6,deny,manual,2850.00,,TRUE,TRUE,output/TGS-BEAUTY-GIRL-MAKEUP/CatalogClean.png,1,Pink glitter makeup case with pretend makeup items for pretend play.,FALSE,Beauty Girl Makeup Case in Pakistan | Toy Gift Shop,Pink glitter makeup case with pretend makeup items for pretend play. Ages 3+. Includes 12 accessories. KPOP DEMON HUNTERS brand.,draft
kpop-demon-hunters-beauty-girl-makeup-case,,,,,,,,,,,,,,,,,,,,output/TGS-BEAUTY-GIRL-MAKEUP/CatalogHero_wm.png,2,Pink glitter makeup case with pretend makeup items for pretend play.,,,,
kpop-demon-hunters-beauty-girl-makeup-case,,,,,,,,,,,,,,,,,,,,output/TGS-BEAUTY-GIRL-MAKEUP/Open_wm.png,3,Pink glitter makeup case with pretend makeup items for pretend play.,,,,
kpop-demon-hunters-beauty-girl-makeup-case,,,,,,,,,,,,,,,,,,,,output/TGS-BEAUTY-GIRL-MAKEUP/Box_wm.png,4,Pink glitter makeup case with pretend makeup items for pretend play.,,,,
kpop-demon-hunters-beauty-girl-makeup-case,,,,,,,,,,,,,,,,,,,,output/TGS-BEAUTY-GIRL-MAKEUP/Lifestyle_wm.png,5,Pink glitter makeup case with pretend makeup items for pretend play.,,,,
kpop-demon-hunters-beauty-girl-makeup-case,,,,,,,,,,,,,,,,,,,,output/TGS-BEAUTY-GIRL-MAKEUP/Hero_titled.png,6,Pink glitter makeup case with pretend makeup items for pretend play.,,,,
kpop-demon-hunters-beauty-girl-makeup-case,,,,,,,,,,,,,,,,,,,,output/TGS-BEAUTY-GIRL-MAKEUP/FeatureCard.png,7,Pink glitter makeup case with pretend makeup items for pretend play.,,,,
kuromi-15th-anniversary-art-painting-set,Kuromi 15th Anniversary Art Case – Cheeky but Charming,"<p>A pink aluminium art case with a metal frame, latches and a carry handle, printed with the Kuromi 15th Anniversary artwork and the line Cheeky but charming. Open it up and the trays hold coloured pencils, watercolour paints, brushes, palettes and erasers, so the whole kit travels together.</p><ul><li>Pink aluminium case with metal frame and handle</li><li>Kuromi 15th Anniversary artwork on the lid</li><li>Trays of coloured pencils, watercolour paints and brushes</li><li>Palettes and erasers included</li><li>Latches shut for carrying</li></ul><p><strong>What's included:</strong></p><ul><li>Aluminium art case</li><li>Coloured pencils</li><li>Watercolour paints</li><li>Brushes</li><li>Palettes</li><li>Erasers</li></ul>",The Toy Gift Shop,,"Arts, Crafts & Creative Toys","age:3-5, feature:new, occasion:birthday, occasion:eid, play:build, sub:Art Sets",FALSE,Title,Default Title,TGS-DELUXE-ART-PAINT,,shopify,2,deny,manual,5800.00,,TRUE,TRUE,output/TGS-DELUXE-ART-PAINT/CatalogClean.png,1,Kuromi 15th Anniversary Deluxe Art Set Case with art supplies inside.,FALSE,Kuromi 15th Anniversary Art Painting Set Case | Toy Gift Shop,"Kuromi 15th Anniversary pink aluminium art case filled with coloured pencils, watercolour paints, brushes and palettes.",draft
kuromi-15th-anniversary-art-painting-set,,,,,,,,,,,,,,,,,,,,output/TGS-DELUXE-ART-PAINT/CatalogHero_wm.png,2,Kuromi 15th Anniversary Deluxe Art Set Case with art supplies inside.,,,,
kuromi-15th-anniversary-art-painting-set,,,,,,,,,,,,,,,,,,,,output/TGS-DELUXE-ART-PAINT/Angle_wm.png,3,Kuromi 15th Anniversary Deluxe Art Set Case with art supplies inside.,,,,
kuromi-15th-anniversary-art-painting-set,,,,,,,,,,,,,,,,,,,,output/TGS-DELUXE-ART-PAINT/Open_wm.png,4,Kuromi 15th Anniversary Deluxe Art Set Case with art supplies inside.,,,,
kuromi-15th-anniversary-art-painting-set,,,,,,,,,,,,,,,,,,,,output/TGS-DELUXE-ART-PAINT/Lifestyle_wm.png,5,Kuromi 15th Anniversary Deluxe Art Set Case with art supplies inside.,,,,
kuromi-15th-anniversary-art-painting-set,,,,,,,,,,,,,,,,,,,,output/TGS-DELUXE-ART-PAINT/Hero_titled.png,6,Kuromi 15th Anniversary Deluxe Art Set Case with art supplies inside.,,,,
kuromi-15th-anniversary-art-painting-set,,,,,,,,,,,,,,,,,,,,output/TGS-DELUXE-ART-PAINT/FeatureCard.png,7,Kuromi 15th Anniversary Deluxe Art Set Case with art supplies inside.,,,,
kuromi-character-night-light,Kuromi Character Night Light with USB Cable,"<p>A Kuromi-style character night light from Curemi, model ZH-165: a soft squishy head that glows warmly when you press it. It runs from the USB cable, so it suits a bedside table or a desk.</p><ul><li>Soft squishy character that glows</li><li>Press to switch the light on</li><li>USB powered, cable included</li><li>Good for a bedside table or desk</li><li>Curemi ZH-165</li></ul><p><strong>What's included:</strong></p><ul><li>Kuromi character night light</li><li>USB cable</li></ul>",The Toy Gift Shop,,Novelty & Fun Toys,"age:3-5, feature:new, occasion:birthday, occasion:eid, play:games, sub:Night Lights",FALSE,Title,Kuromi,TGS-KUROMI-NIGHT-LIGHT-KUROMI,,shopify,5,deny,manual,2850.00,,TRUE,TRUE,output/TGS-KUROMI-NIGHT-LIGHT/CatalogClean.png,1,Kuromi character night light toy with USB cable on a white surface.,FALSE,Kuromi Character Night Light in Pakistan | Toy Gift Shop,"Kuromi character night light toy with USB cable for children's rooms. Soft plastic, plugs into outlet, ideal for kids aged 3+.",draft
kuromi-character-night-light,,,,,,,,,,,,,,,,,,,,output/TGS-KUROMI-NIGHT-LIGHT/CatalogHero_wm.png,2,Kuromi character night light toy with USB cable on a white surface.,,,,
kuromi-character-night-light,,,,,,,,,,,,,,,,,,,,output/TGS-KUROMI-NIGHT-LIGHT/Box_wm.png,3,Kuromi character night light toy with USB cable on a white surface.,,,,
kuromi-character-night-light,,,,,,,,,,,,,,,,,,,,output/TGS-KUROMI-NIGHT-LIGHT/Lifestyle_wm.png,4,Kuromi character night light toy with USB cable on a white surface.,,,,
kuromi-character-night-light,,,,,,,,,,,,,,,,,,,,output/TGS-KUROMI-NIGHT-LIGHT/Hero_titled.png,5,Kuromi character night light toy with USB cable on a white surface.,,,,
kuromi-character-night-light,,,,,,,,,,,,,,,,,,,,output/TGS-KUROMI-NIGHT-LIGHT/FeatureCard.png,6,Kuromi character night light toy with USB cable on a white surface.,,,,
kuromi-moon-light-lamp,Kuromi Moon Light Lamp,"<p>A crescent moon in frosted pink glitter, resting on a little cloud, with Kuromi perched in the curve of it. Switched on, the glitter catches the light and the whole moon glows soft rather than bright — enough to find the door by, not enough to wake anyone. It charges over USB-C and runs on its own battery, so it moves from the bedside table to a shelf, or goes in a bag for a night at a cousin&#x27;s house. The box puts it better than we can: starry lights, cosy nights. Good to know Charges over USB-C and holds its own battery — keep it away from water. A bedside light rather than a plaything; an adult should handle the charging. In the box: Kuromi moon light lamp with cloud base. Gift wrap and a handwritten card can be added on this page; we dispatch gift orders within 48 hours. Delivered across Pakistan in 3–5 working days, sooner in Karachi, Lahore and Islamabad. Cash on delivery available.</p><p><strong>What's included:</strong></p><ul><li>1x Kuromi moon light lamp with cloud base</li></ul>",The Toy Gift Shop,,Novelty & Fun Toys,"age:3-5, feature:gift-ready, feature:new, occasion:birthday, occasion:eid, play:games, sub:Night Lights",FALSE,Title,Default Title,TGS-KUROMI-MOON-LAMP,,shopify,3,deny,manual,2600.00,,TRUE,TRUE,output/TGS-KUROMI-MOON-LAMP/CatalogClean.png,1,Kuromi Moon Light Lamp,FALSE,Kuromi Moon Light Lamp in Pakistan | Toy Gift Shop,"Rechargeable Moonlit lamp — a frosted glitter crescent moon on a cloud base with a Kuromi figure. Charges over USB-C. Delivered across Pakistan, cash on delivery.",draft
kuromi-moon-light-lamp,,,,,,,,,,,,,,,,,,,,output/TGS-KUROMI-MOON-LAMP/CatalogHero_wm.png,2,Kuromi Moon Light Lamp,,,,
kuromi-moon-light-lamp,,,,,,,,,,,,,,,,,,,,output/TGS-KUROMI-MOON-LAMP/Box_wm.png,3,Kuromi Moon Light Lamp,,,,
kuromi-moon-light-lamp,,,,,,,,,,,,,,,,,,,,output/TGS-KUROMI-MOON-LAMP/Detail_wm.png,4,Kuromi Moon Light Lamp,,,,
kuromi-moon-light-lamp,,,,,,,,,,,,,,,,,,,,output/TGS-KUROMI-MOON-LAMP/Lifestyle_wm.png,5,Kuromi Moon Light Lamp,,,,
kuromi-moon-light-lamp,,,,,,,,,,,,,,,,,,,,output/TGS-KUROMI-MOON-LAMP/Hero_titled.png,6,Kuromi Moon Light Lamp,,,,
kuromi-moon-light-lamp,,,,,,,,,,,,,,,,,,,,output/TGS-KUROMI-MOON-LAMP/FeatureCard.png,7,Kuromi Moon Light Lamp,,,,
kuromi-moon-light-lamp,,,,,,,,,,,,,,,,,,,,output/TGS-KUROMI-MOON-LAMP/FeatureCard_final.png,8,Kuromi Moon Light Lamp,,,,
kuromi-moon-light-lamp,,,,,,,,,,,,,,,,,,,,output/TGS-KUROMI-MOON-LAMP/FeatureCard_themed.png,9,Kuromi Moon Light Lamp,,,,
kuromi-moon-light-lamp,,,,,,,,,,,,,,,,,,,,output/TGS-KUROMI-MOON-LAMP/FeatureCard_v2.png,10,Kuromi Moon Light Lamp,,,,
kuromi-moon-light-lamp,,,,,,,,,,,,,,,,,,,,output/TGS-KUROMI-MOON-LAMP/FeatureCard_v2b.png,11,Kuromi Moon Light Lamp,,,,
kuromi-moon-light-lamp,,,,,,,,,,,,,,,,,,,,output/TGS-KUROMI-MOON-LAMP/FeatureCard_v2c.png,12,Kuromi Moon Light Lamp,,,,
kuromi-moon-light-lamp,,,,,,,,,,,,,,,,,,,,output/TGS-KUROMI-MOON-LAMP/Packshot.png,13,Kuromi Moon Light Lamp,,,,
kuromi-moon-light-lamp,,,,,,,,,,,,,,,,,,,,output/TGS-KUROMI-MOON-LAMP/WhiteBG.png,14,Kuromi Moon Light Lamp,,,,
labubu-bubble-gun,Labubu Electric Bubble Gun with Lights,"<p>An electric Labubu bubble gun with lights, with the Labubu character sitting on top. Pull the trigger to blow a stream of colourful bubbles from the round nozzle; the bubble solution bottle fits underneath.</p><ul><li>Electric bubble blowing</li><li>Lights up</li><li>Labubu character on top</li><li>Bubble solution bottle fits underneath</li><li>Ages 3+</li></ul><p><strong>What's included:</strong></p><ul><li>Labubu bubble gun</li><li>Bubble solution bottle</li></ul>",The Toy Gift Shop,,Outdoor Toys,"age:3-5, feature:new, occasion:birthday, occasion:eid, play:outdoor, sub:Bubble Toys",FALSE,Title,Default Title,TGS-BUBBLE-GUN,,shopify,2,deny,manual,1450.00,,TRUE,TRUE,output/TGS-BUBBLE-GUN/CatalogClean.png,1,Brown Labubu bubble gun with the Labubu character on top and a bubble solution bottle.,FALSE,Labubu Bubble Gun in Pakistan | Toy Gift Shop,"Labubu electric bubble gun with lights, the Labubu character on top and a bubble solution bottle. Ages 3+.",draft
labubu-bubble-gun,,,,,,,,,,,,,,,,,,,,output/TGS-BUBBLE-GUN/CatalogHero_wm.png,2,Brown Labubu bubble gun with the Labubu character on top and a bubble solution bottle.,,,,
labubu-bubble-gun,,,,,,,,,,,,,,,,,,,,output/TGS-BUBBLE-GUN/Box_wm.png,3,Brown Labubu bubble gun with the Labubu character on top and a bubble solution bottle.,,,,
labubu-bubble-gun,,,,,,,,,,,,,,,,,,,,output/TGS-BUBBLE-GUN/Lifestyle_wm.png,4,Brown Labubu bubble gun with the Labubu character on top and a bubble solution bottle.,,,,
labubu-bubble-gun,,,,,,,,,,,,,,,,,,,,output/TGS-BUBBLE-GUN/Hero_titled.png,5,Brown Labubu bubble gun with the Labubu character on top and a bubble solution bottle.,,,,
labubu-bubble-gun,,,,,,,,,,,,,,,,,,,,output/TGS-BUBBLE-GUN/FeatureCard.png,6,Brown Labubu bubble gun with the Labubu character on top and a bubble solution bottle.,,,,
lasika-w-f181-digital-watch,Lasika W-F181 Digital Watch,"<p>A Lasika W-F181 digital watch with a slim rectangular LCD and a soft strap, in a clear display cube. Reads the time at a glance, light on the wrist, and easy for a child to put on.</p><ul><li>Lasika W-F181 digital watch</li><li>Slim LCD face, easy to read</li><li>Soft strap, light on the wrist</li><li>Comes in a clear display cube</li></ul><p><strong>What's included:</strong></p><ul><li>Lasika digital watch</li><li>Display cube</li></ul>",The Toy Gift Shop,,Novelty & Fun Toys,"age:3-5, feature:new, occasion:birthday, occasion:eid, play:games, sub:Gadgets",FALSE,Title,Default Title,TGS-LASIKA-DIGITAL-WATCH,,shopify,5,deny,manual,1550.00,,TRUE,TRUE,output/TGS-LASIKA-DIGITAL-WATCH/CatalogClean.png,1,"Lasika W-F181 digital watch with a beige strap, beside its clear display cube.",FALSE,Lasika Digital Watch in Pakistan | Toy Gift Shop,"Lasika W-F181 digital watch with a slim LCD face and soft strap, in a clear display cube.",draft
lasika-w-f181-digital-watch,,,,,,,,,,,,,,,,,,,,output/TGS-LASIKA-DIGITAL-WATCH/CatalogHero_wm.png,2,"Lasika W-F181 digital watch with a beige strap, beside its clear display cube.",,,,
lasika-w-f181-digital-watch,,,,,,,,,,,,,,,,,,,,output/TGS-LASIKA-DIGITAL-WATCH/Angle_wm.png,3,"Lasika W-F181 digital watch with a beige strap, beside its clear display cube.",,,,
lasika-w-f181-digital-watch,,,,,,,,,,,,,,,,,,,,output/TGS-LASIKA-DIGITAL-WATCH/Box_wm.png,4,"Lasika W-F181 digital watch with a beige strap, beside its clear display cube.",,,,
lasika-w-f181-digital-watch,,,,,,,,,,,,,,,,,,,,output/TGS-LASIKA-DIGITAL-WATCH/Lifestyle_wm.png,5,"Lasika W-F181 digital watch with a beige strap, beside its clear display cube.",,,,
lasika-w-f181-digital-watch,,,,,,,,,,,,,,,,,,,,output/TGS-LASIKA-DIGITAL-WATCH/Hero_titled.png,6,"Lasika W-F181 digital watch with a beige strap, beside its clear display cube.",,,,
lasika-w-f181-digital-watch,,,,,,,,,,,,,,,,,,,,output/TGS-LASIKA-DIGITAL-WATCH/FeatureCard.png,7,"Lasika W-F181 digital watch with a beige strap, beside its clear display cube.",,,,
leding-the-life-diy-acrylic-message-lamp,DIY Acrylic Message Lamp with Colour Markers,"<p>A round acrylic panel on a lit base: write or draw on it with the markers and the writing glows. The box calls it an acrylic luminescent lamp for handwriting, doodles and notes, and suggests it for birthdays and as a little personal billboard. Wipe the panel with the cloth and start again. Runs from the USB cable.</p><ul><li>Write or draw and the writing glows</li><li>Seven colour markers included</li><li>Wipes clean with the cloth, use again and again</li><li>USB powered</li><li>Good for notes, birthdays and doodles</li></ul><p><strong>What's included:</strong></p><ul><li>Acrylic panel with lit base</li><li>7 colour markers</li><li>Cleaning cloth</li><li>USB cable</li></ul>",The Toy Gift Shop,,Novelty & Fun Toys,"age:3-5, feature:new, occasion:birthday, occasion:eid, play:games, sub:Night Lights",FALSE,Title,Default Title,TGS-ACRYLIC-LED-LAMP,,shopify,3,deny,manual,1250.00,,TRUE,TRUE,output/TGS-ACRYLIC-LED-LAMP/CatalogClean.png,1,"Round acrylic message lamp with its base, seven colour markers, cloth and USB cable.",FALSE,DIY Acrylic Message Lamp in Pakistan | Toy Gift Shop,"DIY acrylic message lamp: write with the markers and your handwriting glows. 7 markers, cloth and USB cable included.",draft
leding-the-life-diy-acrylic-message-lamp,,,,,,,,,,,,,,,,,,,,output/TGS-ACRYLIC-LED-LAMP/CatalogHero_wm.png,2,"Round acrylic message lamp with its base, seven colour markers, cloth and USB cable.",,,,
leding-the-life-diy-acrylic-message-lamp,,,,,,,,,,,,,,,,,,,,output/TGS-ACRYLIC-LED-LAMP/Box_wm.png,3,"Round acrylic message lamp with its base, seven colour markers, cloth and USB cable.",,,,
leding-the-life-diy-acrylic-message-lamp,,,,,,,,,,,,,,,,,,,,output/TGS-ACRYLIC-LED-LAMP/Lifestyle_wm.png,4,"Round acrylic message lamp with its base, seven colour markers, cloth and USB cable.",,,,
leding-the-life-diy-acrylic-message-lamp,,,,,,,,,,,,,,,,,,,,output/TGS-ACRYLIC-LED-LAMP/Hero_titled.png,5,"Round acrylic message lamp with its base, seven colour markers, cloth and USB cable.",,,,
leding-the-life-diy-acrylic-message-lamp,,,,,,,,,,,,,,,,,,,,output/TGS-ACRYLIC-LED-LAMP/FeatureCard.png,6,"Round acrylic message lamp with its base, seven colour markers, cloth and USB cable.",,,,
lightsaber-toy,Lightsaber Toy Sword with Sheath,"<p>A black toy sword the box calls a Lightsaber: the blade slides out of its own sheath and pushes back in, with a grey grip and guard. Ages 14+ as printed on the box, so it is one for older children and collectors.</p><ul><li>Black toy sword with its own sheath</li><li>Blade slides out and pushes back in</li><li>Grey grip and guard</li><li>Ages 14+ as printed on the box</li></ul><p><strong>What's included:</strong></p><ul><li>Toy sword</li><li>Sheath</li></ul>",The Toy Gift Shop,,Novelty & Fun Toys,"age:8+, feature:new, occasion:birthday, occasion:eid, play:games, sub:Novelty Toys",FALSE,Title,Default Title,TGS-LIGHTSABE,,shopify,3,deny,manual,4900.00,,TRUE,TRUE,output/TGS-LIGHTSABE/CatalogClean.png,1,"Black lightsaber toy sword with its sheath, beside the box.",FALSE,Lightsaber in Pakistan | Toy Gift Shop,A toy lightsaber with a black hilt and blade. Extends and retracts. Made of plastic. For imaginative play. Age 14+.,draft
lightsaber-toy,,,,,,,,,,,,,,,,,,,,output/TGS-LIGHTSABE/CatalogHero_wm.png,2,"Black lightsaber toy sword with its sheath, beside the box.",,,,
lightsaber-toy,,,,,,,,,,,,,,,,,,,,output/TGS-LIGHTSABE/Angle_wm.png,3,"Black lightsaber toy sword with its sheath, beside the box.",,,,
lightsaber-toy,,,,,,,,,,,,,,,,,,,,output/TGS-LIGHTSABE/Box_wm.png,4,"Black lightsaber toy sword with its sheath, beside the box.",,,,
lightsaber-toy,,,,,,,,,,,,,,,,,,,,output/TGS-LIGHTSABE/Lifestyle_wm.png,5,"Black lightsaber toy sword with its sheath, beside the box.",,,,
lightsaber-toy,,,,,,,,,,,,,,,,,,,,output/TGS-LIGHTSABE/Hero_titled.png,6,"Black lightsaber toy sword with its sheath, beside the box.",,,,
lightsaber-toy,,,,,,,,,,,,,,,,,,,,output/TGS-LIGHTSABE/FeatureCard.png,7,"Black lightsaber toy sword with its sheath, beside the box.",,,,
m-206-electric-gel-blaster,M-206 Electric Gel Bead Blaster with Soak Kit,"<p>This electric toy gun is a DIY model gun with a colorful patterned design. It uses gel bullets that are soaked in water before use. The kit includes a USB charging cable, safety goggles, and other accessories. It is designed for ages 14 and up.</p><ul><li>Plastic body with colorful patterned design</li><li>Includes gel bullet soak tutorial and safety goggles</li><li>Uses USB cable for charging</li><li>Includes clear plastic bottle for gel bullet soak</li><li>Intended for ages 14 and up</li></ul><p><strong>What's included:</strong></p><ul><li>Electric gel bead blaster</li><li>Gel beads (soak in water 4-6 hours before use)</li><li>Rechargeable battery + USB charging cable</li><li>Magazine/loader</li><li>Funnel loader attachment</li><li>Safety goggles</li><li>Water bottle</li></ul>",The Toy Gift Shop,,Battle & Action Play,"age:8+, feature:new, occasion:birthday, occasion:eid, play:games, sub:Battle Play",FALSE,Title,Default Title,TGS-M206-GEL-BLASTER,,shopify,3,deny,manual,5300.00,,TRUE,TRUE,output/TGS-M206-GEL-BLASTER/CatalogClean.png,1,"M-206 Electric Toy Gun with Gel Bullet Soak Kit, including safety goggles and USB cable, displayed with packaging.",FALSE,M-206 Electric Gel Bead Blaster with Soak Kit | Toy Gift Shop,"M-206 Electric Toy Gun with Gel Bullet Soak Kit for ages 14+. Includes safety goggles, USB cable, and DIY model gun parts. Perfect for action play.",draft
m-206-electric-gel-blaster,,,,,,,,,,,,,,,,,,,,output/TGS-M206-GEL-BLASTER/CatalogHero_wm.png,2,"M-206 Electric Toy Gun with Gel Bullet Soak Kit, including safety goggles and USB cable, displayed with packaging.",,,,
m-206-electric-gel-blaster,,,,,,,,,,,,,,,,,,,,output/TGS-M206-GEL-BLASTER/Open_wm.png,3,"M-206 Electric Toy Gun with Gel Bullet Soak Kit, including safety goggles and USB cable, displayed with packaging.",,,,
m-206-electric-gel-blaster,,,,,,,,,,,,,,,,,,,,output/TGS-M206-GEL-BLASTER/Box_wm.png,4,"M-206 Electric Toy Gun with Gel Bullet Soak Kit, including safety goggles and USB cable, displayed with packaging.",,,,
m-206-electric-gel-blaster,,,,,,,,,,,,,,,,,,,,output/TGS-M206-GEL-BLASTER/Lifestyle_wm.png,5,"M-206 Electric Toy Gun with Gel Bullet Soak Kit, including safety goggles and USB cable, displayed with packaging.",,,,
m-206-electric-gel-blaster,,,,,,,,,,,,,,,,,,,,output/TGS-M206-GEL-BLASTER/Hero_titled.png,6,"M-206 Electric Toy Gun with Gel Bullet Soak Kit, including safety goggles and USB cable, displayed with packaging.",,,,
m-206-electric-gel-blaster,,,,,,,,,,,,,,,,,,,,output/TGS-M206-GEL-BLASTER/FeatureCard.png,7,"M-206 Electric Toy Gun with Gel Bullet Soak Kit, including safety goggles and USB cable, displayed with packaging.",,,,
magic-wand-crown-tiara,Magic Wand Crown Tiara with Light and Sound,<p>This toy crown tiara is designed for pretend play. It features a shiny silver-colored metal-like finish with a red jewel center. Pressing the crown activates lights and magic sounds. It is intended for children aged 18 months and up.</p><ul><li>Silver-look crown with a big red heart jewel</li><li>Press it for lights and magic sounds</li><li>Magic Wand by MLX</li><li>For dress-up and pretend play</li><li>18 months+ as printed on the box</li></ul><p><strong>What's included:</strong></p><ul><li>1 x Magic Wand Crown Tiara</li></ul>,The Toy Gift Shop,,Fantasy & Magic Toys,"age:1-3, feature:new, occasion:birthday, occasion:eid, play:pretend, sub:Magic & Dress-Up",FALSE,Title,Default Title,TGS-MAGIC-WAND-CROWN,,shopify,2,deny,manual,2500.00,,TRUE,TRUE,output/TGS-MAGIC-WAND-CROWN/CatalogClean.png,1,"A shiny silver and red crown tiara toy with lights and sound, packaged in a blue box.",FALSE,Magic Wand Crown Tiara in Pakistan | Toy Gift Shop,A shiny silver and red crown tiara for pretend play. Press to activate lights and magic sounds. Ages 18 months and up. Perfect for dress-up and fantasy play.,draft
magic-wand-crown-tiara,,,,,,,,,,,,,,,,,,,,output/TGS-MAGIC-WAND-CROWN/CatalogHero_wm.png,2,"A shiny silver and red crown tiara toy with lights and sound, packaged in a blue box.",,,,
magic-wand-crown-tiara,,,,,,,,,,,,,,,,,,,,output/TGS-MAGIC-WAND-CROWN/Box_wm.png,3,"A shiny silver and red crown tiara toy with lights and sound, packaged in a blue box.",,,,
magic-wand-crown-tiara,,,,,,,,,,,,,,,,,,,,output/TGS-MAGIC-WAND-CROWN/Hero_titled.png,4,"A shiny silver and red crown tiara toy with lights and sound, packaged in a blue box.",,,,
magic-wand-crown-tiara,,,,,,,,,,,,,,,,,,,,output/TGS-MAGIC-WAND-CROWN/FeatureCard.png,5,"A shiny silver and red crown tiara toy with lights and sound, packaged in a blue box.",,,,
magnetic-building-blocks-minecraft-theme-set,Magnetic Building Blocks Minecraft Theme Set,"<p>A 48-piece magnetic building set in a Minecraft-style pixel theme, model Z33059. The box calls it DIY scene construction: snap the blocks together with magnets to restore the fun of the game and build your own scene. Ages 6+.</p><ul><li>48 pieces as printed on the box</li><li>Pixel blocks snap together with magnets</li><li>Build your own game-style scene</li><li>Model Z33059</li><li>Ages 6+</li></ul><p><strong>What's included:</strong></p><ul><li>48 magnetic building blocks</li></ul>",The Toy Gift Shop,,Building & Construction Toys,"age:5-8, feature:new, occasion:birthday, occasion:eid, play:build, sub:Building Blocks",FALSE,Title,Default Title,TGS-MAG-BUILDING-BLOCKS,,shopify,5,deny,manual,2350.00,,TRUE,TRUE,output/TGS-MAG-BUILDING-BLOCKS/CatalogClean.png,1,"Box of magnetic building blocks with Minecraft theme, showing assembled structure and included figures.",FALSE,Magnetic Building Blocks in Pakistan | Toy Gift Shop,Magnetic building blocks set with 48 pieces and 3 figures for Minecraft-inspired scene construction. Ages 6+. Plastic magnetic construction toy.,draft
magnetic-building-blocks-minecraft-theme-set,,,,,,,,,,,,,,,,,,,,output/TGS-MAG-BUILDING-BLOCKS/CatalogHero_wm.png,2,"Box of magnetic building blocks with Minecraft theme, showing assembled structure and included figures.",,,,
magnetic-building-blocks-minecraft-theme-set,,,,,,,,,,,,,,,,,,,,output/TGS-MAG-BUILDING-BLOCKS/Box_wm.png,3,"Box of magnetic building blocks with Minecraft theme, showing assembled structure and included figures.",,,,
magnetic-building-blocks-minecraft-theme-set,,,,,,,,,,,,,,,,,,,,output/TGS-MAG-BUILDING-BLOCKS/Hero_titled.png,4,"Box of magnetic building blocks with Minecraft theme, showing assembled structure and included figures.",,,,
magnetic-building-blocks-minecraft-theme-set,,,,,,,,,,,,,,,,,,,,output/TGS-MAG-BUILDING-BLOCKS/FeatureCard.png,5,"Box of magnetic building blocks with Minecraft theme, showing assembled structure and included figures.",,,,
magnetic-digital-car-train-set,Magnetic Digital Train Set with Numbered Cars,"<p>A magnetic number train: a locomotive and brightly painted number cars with cartoon faces that click together with magnets. Children line up the numbers in order while they play, which makes it an easy first counting toy. Ages 3+ on the box.</p><ul><li>Locomotive and number cars with cartoon faces</li><li>Cars join with magnets</li><li>Learn numbers and counting through play</li><li>Builds fine motor skills</li><li>Ages 3+</li></ul><p><strong>What's included:</strong></p><ul><li>Locomotive</li><li>Magnetic number cars</li></ul>",The Toy Gift Shop,,Educational Toys,"age:3-5, feature:new, occasion:birthday, occasion:eid, play:build, sub:Learning Toys",FALSE,Title,Default Title,TGS-MAG-DIGITAL-TRAIN,,shopify,2,deny,manual,2600.00,,TRUE,TRUE,output/TGS-MAG-DIGITAL-TRAIN/CatalogClean.png,1,A colorful magnetic digital train set with numbered cars arranged in a circle on a white surface.,FALSE,Magnetic Digital Train Set in Pakistan | Toy Gift Shop,Magnetic Digital Train Set: number cars with cartoon faces that join with magnets. A first counting toy for ages 3+.,draft
magnetic-digital-car-train-set,,,,,,,,,,,,,,,,,,,,output/TGS-MAG-DIGITAL-TRAIN/CatalogHero_wm.png,2,A colorful magnetic digital train set with numbered cars arranged in a circle on a white surface.,,,,
magnetic-digital-car-train-set,,,,,,,,,,,,,,,,,,,,output/TGS-MAG-DIGITAL-TRAIN/Box_wm.png,3,A colorful magnetic digital train set with numbered cars arranged in a circle on a white surface.,,,,
magnetic-digital-car-train-set,,,,,,,,,,,,,,,,,,,,output/TGS-MAG-DIGITAL-TRAIN/Lifestyle_wm.png,4,A colorful magnetic digital train set with numbered cars arranged in a circle on a white surface.,,,,
magnetic-digital-car-train-set,,,,,,,,,,,,,,,,,,,,output/TGS-MAG-DIGITAL-TRAIN/Hero_titled.png,5,A colorful magnetic digital train set with numbered cars arranged in a circle on a white surface.,,,,
magnetic-digital-car-train-set,,,,,,,,,,,,,,,,,,,,output/TGS-MAG-DIGITAL-TRAIN/FeatureCard.png,6,A colorful magnetic digital train set with numbered cars arranged in a circle on a white surface.,,,,
magnetic-world-cute-pet-building-set,Magnetic World Scene Series X Captive Cute Pet Building Set,"<p>Magnetic World, Scene Series X Captive Cute Pet: a 60-piece magnetic set that builds a little pixel world with a house, a tree and blocky pets. The box breaks the 60 pieces down by shape. Ages 3+, with a choking hazard warning for small parts.</p><ul><li>60 pieces as printed on the box</li><li>Builds a house, a tree and blocky pets</li><li>Pieces snap together with magnets</li><li>Little square, big world</li><li>Ages 3+</li></ul><p><strong>What's included:</strong></p><ul><li>60 magnetic building blocks</li></ul>",The Toy Gift Shop,,Building & Construction Toys,"age:3-5, feature:new, occasion:birthday, occasion:eid, play:build, sub:Building Blocks",FALSE,Title,Default Title,TGS-MAG-WORLD,,shopify,2,deny,manual,2450.00,,TRUE,TRUE,output/TGS-MAG-WORLD/CatalogClean.png,1,Magnetic World building set with 60 pieces for constructing a cute pet scene.,FALSE,Magnetic World in Pakistan | Toy Gift Shop,"Magnetic World Scene Series X Captive Cute Pet Building Set. 60 magnetic plastic blocks for kids ages 3+. Build a house, tree, and pet scene.",draft
magnetic-world-cute-pet-building-set,,,,,,,,,,,,,,,,,,,,output/TGS-MAG-WORLD/CatalogHero_wm.png,2,Magnetic World building set with 60 pieces for constructing a cute pet scene.,,,,
magnetic-world-cute-pet-building-set,,,,,,,,,,,,,,,,,,,,output/TGS-MAG-WORLD/Open_wm.png,3,Magnetic World building set with 60 pieces for constructing a cute pet scene.,,,,
magnetic-world-cute-pet-building-set,,,,,,,,,,,,,,,,,,,,output/TGS-MAG-WORLD/Box_wm.png,4,Magnetic World building set with 60 pieces for constructing a cute pet scene.,,,,
magnetic-world-cute-pet-building-set,,,,,,,,,,,,,,,,,,,,output/TGS-MAG-WORLD/Hero_titled.png,5,Magnetic World building set with 60 pieces for constructing a cute pet scene.,,,,
magnetic-world-cute-pet-building-set,,,,,,,,,,,,,,,,,,,,output/TGS-MAG-WORLD/FeatureCard.png,6,Magnetic World building set with 60 pieces for constructing a cute pet scene.,,,,
miniature-truck-collection,"Miniature Transport Truck in a Display Case – Blue, Black/Grey or Red","<p>A miniature articulated transport truck, ready to sit on a shelf. Three designs: a black cab with a grey Transport trailer, a white cab with a blue and orange Container Transport trailer (both in a clear display case on a black base), or a red cab with a silver/red Container Truck trailer.</p><ul><li>Miniature transport truck with trailer</li><li>Blue and Black/Grey come in a clear display case on a black base</li><li>Three colours: Blue, Black/Grey or Red</li><li>For display or gentle play</li></ul><p><strong>What's included:</strong></p><ul><li>1 miniature transport truck in its display case</li></ul>",The Toy Gift Shop,,Cars & Vehicles,"age:3-5, feature:new, occasion:birthday, occasion:eid, play:vehicles, sub:Die-Cast Cars",FALSE,Style,Blue,TGS-TRUCKS-BLU,,shopify,2,deny,manual,1150.00,,TRUE,TRUE,output/TGS-TRUCKS/CatalogClean.png,1,"Miniature transport trucks in blue, black/grey and red.",FALSE,Toy Trucks in Pakistan | Toy Gift Shop,Miniature transport truck with trailer in a clear display case. Black/grey or white/blue design; design varies.,draft
miniature-truck-collection,,,,,,,,Style,Black/Grey,TGS-TRUCKS-BLK,,shopify,2,deny,manual,1150.00,,TRUE,TRUE,,,,,,,
miniature-truck-collection,,,,,,,,Style,Red,TGS-TRUCKS-RED,,shopify,1,deny,manual,1150.00,,TRUE,TRUE,,,,,,,
miniature-truck-collection,,,,,,,,,,,,,,,,,,,,output/TGS-TRUCKS/CatalogHero_wm.png,2,"Miniature transport trucks in blue, black/grey and red.",,,,
miniature-truck-collection,,,,,,,,,,,,,,,,,,,,output/TGS-TRUCKS/Hero_titled.png,3,"Miniature transport trucks in blue, black/grey and red.",,,,
miniature-truck-collection,,,,,,,,,,,,,,,,,,,,output/TGS-TRUCKS/FeatureCard.png,4,"Miniature transport trucks in blue, black/grey and red.",,,,
mochi-squishy,Mochi Squishy in Clear Case,"<p>A soft mochi squishy in pastel pink, yellow and green, shaped like a flower on leaves, packed in a small clear case. Squeeze it and let it slowly return to shape. It is a toy, not food.</p><ul><li>Soft mochi squish</li><li>Pastel pink, yellow and green flower shape</li><li>Small clear storage case</li><li>For sensory and fidget play</li><li>A toy, not food</li></ul><p><strong>What's included:</strong></p><ul><li>1 mochi squishy</li><li>Clear case</li></ul>",The Toy Gift Shop,,Sensory & Fidget Toys,"age:3-5, feature:new, occasion:birthday, occasion:eid, play:games, sub:Squishies",FALSE,Title,Default Title,TGS-SQUISHY-MOCHI,,shopify,3,deny,manual,1850.00,,TRUE,TRUE,output/TGS-SQUISHY-MOCHI/CatalogClean.png,1,"Pastel pink, yellow and green mochi squishy beside its small clear case.",FALSE,Mochi Squishy in Pakistan | Toy Gift Shop,"Pastel flower mochi squishy in a small clear case. Soft sensory fidget toy for ages 3+. A toy, not food.",draft
mochi-squishy,,,,,,,,,,,,,,,,,,,,output/TGS-SQUISHY-MOCHI/CatalogHero_wm.png,2,"Pastel pink, yellow and green mochi squishy beside its small clear case.",,,,
mochi-squishy,,,,,,,,,,,,,,,,,,,,output/TGS-SQUISHY-MOCHI/Box_wm.png,3,"Pastel pink, yellow and green mochi squishy beside its small clear case.",,,,
mochi-squishy,,,,,,,,,,,,,,,,,,,,output/TGS-SQUISHY-MOCHI/Hero_titled.png,4,"Pastel pink, yellow and green mochi squishy beside its small clear case.",,,,
mochi-squishy,,,,,,,,,,,,,,,,,,,,output/TGS-SQUISHY-MOCHI/FeatureCard.png,5,"Pastel pink, yellow and green mochi squishy beside its small clear case.",,,,
montessori-handle-light-game,Montessori Handle Light Game,"<p>This is a blue plastic toy with multiple colored buttons, a key switch, and a rotary control. It has a power plug and a key to turn on. The toy is designed for children to press buttons and turn the key to activate lights. It is intended for baby and toddler activity play.</p><ul><li>Buttons, switches and a rotary dial that light up</li><li>Key switch and main control to turn it on</li><li>Plug-in cable control like a real panel</li><li>Shaped like a game controller</li><li>Builds hand-eye coordination</li></ul><p><strong>What's included:</strong></p><ul><li>LED light Montessori control board</li><li>Key</li></ul>",The Toy Gift Shop,,Baby & Toddler Toys,"age:1-3, feature:new, occasion:birthday, occasion:eid, play:pretend, sub:Baby Activity Toys",FALSE,Title,Default Title,TGS-MONTSSRI-HANDLE-LIGHT,,shopify,3,deny,manual,2450.00,,TRUE,TRUE,output/TGS-MONTSSRI-HANDLE-LIGHT/CatalogClean.png,1,Blue plastic Montessori Handle Light Game with multiple colored buttons and a key switch for baby and toddler activity play.,FALSE,Montessori Handle Light Game in Pakistan | Toy Gift Shop,"Blue plastic Montessori Handle Light Game with buttons, key switch, and rotary control for baby and toddler activity play. Includes power plug and key to turn on lights.",draft
montessori-handle-light-game,,,,,,,,,,,,,,,,,,,,output/TGS-MONTSSRI-HANDLE-LIGHT/CatalogHero_wm.png,2,Blue plastic Montessori Handle Light Game with multiple colored buttons and a key switch for baby and toddler activity play.,,,,
montessori-handle-light-game,,,,,,,,,,,,,,,,,,,,output/TGS-MONTSSRI-HANDLE-LIGHT/Box_wm.png,3,Blue plastic Montessori Handle Light Game with multiple colored buttons and a key switch for baby and toddler activity play.,,,,
montessori-handle-light-game,,,,,,,,,,,,,,,,,,,,output/TGS-MONTSSRI-HANDLE-LIGHT/Lifestyle_wm.png,4,Blue plastic Montessori Handle Light Game with multiple colored buttons and a key switch for baby and toddler activity play.,,,,
montessori-handle-light-game,,,,,,,,,,,,,,,,,,,,output/TGS-MONTSSRI-HANDLE-LIGHT/Hero_titled.png,5,Blue plastic Montessori Handle Light Game with multiple colored buttons and a key switch for baby and toddler activity play.,,,,
montessori-handle-light-game,,,,,,,,,,,,,,,,,,,,output/TGS-MONTSSRI-HANDLE-LIGHT/FeatureCard.png,6,Blue plastic Montessori Handle Light Game with multiple colored buttons and a key switch for baby and toddler activity play.,,,,
needoh-oreo-squishy,Schylling NeeDoh Oreo Squishy – Switch & Swap Frosting,"<p>A Schylling NeeDoh Oreo: a squishable Dohnut shaped like a sandwich cookie, with frosting you can switch and swap. The box calls it DOH-lectable and non-edible, and says you can mix it with other NeeDoh Dohnuts for countless variations. Squeeze it, twist it, and it springs back.</p><ul><li>Squishable NeeDoh Dohnut by Schylling</li><li>Frosting switches and swaps</li><li>Mixes with other NeeDoh Dohnuts</li><li>Non-edible: a toy, not food</li><li>Colour varies</li></ul><p><strong>What's included:</strong></p><ul><li>1 NeeDoh Oreo squishy toy</li></ul>",The Toy Gift Shop,,Sensory & Fidget Toys,"age:3-5, feature:new, occasion:birthday, occasion:eid, play:games, sub:Squishies",FALSE,Title,Default Title,TGS-SQUISHY-OREO,,shopify,23,deny,manual,1550.00,,TRUE,TRUE,output/TGS-SQUISHY-OREO/CatalogClean.png,1,"A black, squishable Oreo cookie toy with colorful sprinkles and a white inner layer, packaged in a black box.",FALSE,Schylling NeeDoh Oreo Squishy in Pakistan | Toy Gift Shop,Non-edible squishy toy shaped like an Oreo cookie with switch & swap frosting feature. Designed for sensory play and fidgeting. Ages 3+.,draft
needoh-oreo-squishy,,,,,,,,,,,,,,,,,,,,output/TGS-SQUISHY-OREO/CatalogHero_wm.png,2,"A black, squishable Oreo cookie toy with colorful sprinkles and a white inner layer, packaged in a black box.",,,,
needoh-oreo-squishy,,,,,,,,,,,,,,,,,,,,output/TGS-SQUISHY-OREO/Angle_wm.png,3,"A black, squishable Oreo cookie toy with colorful sprinkles and a white inner layer, packaged in a black box.",,,,
needoh-oreo-squishy,,,,,,,,,,,,,,,,,,,,output/TGS-SQUISHY-OREO/Box_wm.png,4,"A black, squishable Oreo cookie toy with colorful sprinkles and a white inner layer, packaged in a black box.",,,,
needoh-oreo-squishy,,,,,,,,,,,,,,,,,,,,output/TGS-SQUISHY-OREO/Hero_titled.png,5,"A black, squishable Oreo cookie toy with colorful sprinkles and a white inner layer, packaged in a black box.",,,,
needoh-oreo-squishy,,,,,,,,,,,,,,,,,,,,output/TGS-SQUISHY-OREO/FeatureCard.png,6,"A black, squishable Oreo cookie toy with colorful sprinkles and a white inner layer, packaged in a black box.",,,,
needoh-oreo-squishy,,,,,,,,,,,,,,,,,,,,output/TGS-SQUISHY-OREO/Variant-Pink.png,7,"A black, squishable Oreo cookie toy with colorful sprinkles and a white inner layer, packaged in a black box.",,,,
needoh-oreo-squishy,,,,,,,,,,,,,,,,,,,,output/TGS-SQUISHY-OREO/Variant-Purple.png,8,"A black, squishable Oreo cookie toy with colorful sprinkles and a white inner layer, packaged in a black box.",,,,
notebook-and-pen-gift-set,Notebook and Pen Gift Set in a Navy Box,"<p>A navy gift box holding a matching notebook and a metal pen. A simple, smart set for a teacher, a colleague or a student, and it needs no extra wrapping.</p><ul><li>Navy notebook with lined pages</li><li>Matching metal pen</li><li>Presented in a lift-off gift box</li><li>Ready to give as it is</li></ul><p><strong>What's included:</strong></p><ul><li>Notebook</li><li>Pen</li><li>Gift box</li></ul>",The Toy Gift Shop,,Novelty & Fun Toys,"age:3-5, feature:new, occasion:birthday, occasion:eid, play:games, sub:Stationery Gifts",FALSE,Title,Default Title,TGS-BLUE-TILE,,shopify,3,deny,manual,1350.00,,TRUE,TRUE,output/TGS-BLUE-TILE/CatalogClean.png,1,Navy gift box with a notebook and a matching pen.,FALSE,Notebook and Pen Gift Set in Pakistan | Toy Gift Shop,Notebook and pen gift set in a navy presentation box. Ready to give.,draft
notebook-and-pen-gift-set,,,,,,,,,,,,,,,,,,,,output/TGS-BLUE-TILE/CatalogHero_wm.png,2,Navy gift box with a notebook and a matching pen.,,,,
notebook-and-pen-gift-set,,,,,,,,,,,,,,,,,,,,output/TGS-BLUE-TILE/Open_wm.png,3,Navy gift box with a notebook and a matching pen.,,,,
notebook-and-pen-gift-set,,,,,,,,,,,,,,,,,,,,output/TGS-BLUE-TILE/Lifestyle_wm.png,4,Navy gift box with a notebook and a matching pen.,,,,
notebook-and-pen-gift-set,,,,,,,,,,,,,,,,,,,,output/TGS-BLUE-TILE/Hero_titled.png,5,Navy gift box with a notebook and a matching pen.,,,,
notebook-and-pen-gift-set,,,,,,,,,,,,,,,,,,,,output/TGS-BLUE-TILE/FeatureCard.png,6,Navy gift box with a notebook and a matching pen.,,,,
orange-die-cast-metal-off-road-monster-truck,Orange Die-Cast Metal Off-Road Monster Truck Toy,"<p>A die-cast metal off-road vehicle in orange, with chunky wheels. Pull it back and it drives off, and the doors open, as the box says. Part of a collect-them-all range.</p><ul><li>Die-cast metal body</li><li>Pull back and it goes</li><li>Doors open</li><li>Chunky off-road wheels</li><li>Collect the range</li></ul><p><strong>What's included:</strong></p><ul><li>One orange die-cast metal monster truck toy</li></ul>",The Toy Gift Shop,,Novelty & Fun Toys,"age:3-5, feature:new, occasion:birthday, occasion:eid, play:games, sub:Die-Cast Cars",FALSE,Title,Default Title,TGS-ORANGE-MONSTER-TRUCK,,shopify,5,deny,manual,2850.00,,TRUE,TRUE,output/TGS-ORANGE-MONSTER-TRUCK/CatalogClean.png,1,Orange die-cast metal monster truck toy in packaging with pull-back feature.,FALSE,Orange Monster Truck in Pakistan | Toy Gift Shop,Orange die-cast metal off-road monster truck toy with pull-back movement. For ages 3+. Collectible vehicle.,draft
orange-die-cast-metal-off-road-monster-truck,,,,,,,,,,,,,,,,,,,,output/TGS-ORANGE-MONSTER-TRUCK/CatalogHero_wm.png,2,Orange die-cast metal monster truck toy in packaging with pull-back feature.,,,,
orange-die-cast-metal-off-road-monster-truck,,,,,,,,,,,,,,,,,,,,output/TGS-ORANGE-MONSTER-TRUCK/Box_wm.png,3,Orange die-cast metal monster truck toy in packaging with pull-back feature.,,,,
orange-die-cast-metal-off-road-monster-truck,,,,,,,,,,,,,,,,,,,,output/TGS-ORANGE-MONSTER-TRUCK/Hero_titled.png,4,Orange die-cast metal monster truck toy in packaging with pull-back feature.,,,,
orange-die-cast-metal-off-road-monster-truck,,,,,,,,,,,,,,,,,,,,output/TGS-ORANGE-MONSTER-TRUCK/FeatureCard.png,5,Orange die-cast metal monster truck toy in packaging with pull-back feature.,,,,
oubiao-10x38-toy-binoculars-with-case,Oubiao 10x38 Binoculars for Children – Pink,"<p>Oubiao binoculars for young explorers, in pink with black eyepieces and a wrist cord. The focus wheel and the box are marked 10x38. Light enough for small hands, for the garden, the park or a birdwatching walk.</p><ul><li>Marked 10x38 on the focus wheel</li><li>Pink with black eyepieces</li><li>Wrist cord attached</li><li>Light enough for small hands</li><li>For the garden, park or a walk</li></ul><p><strong>What's included:</strong></p><ul><li>Binoculars (pink)</li><li>Wrist cord</li></ul>",The Toy Gift Shop,,Novelty & Fun Toys,"age:3-5, feature:new, occasion:birthday, occasion:eid, play:games, sub:Novelty Toys",FALSE,Title,Default Title,TGS-BINOCULAR,,shopify,5,deny,manual,1250.00,,TRUE,TRUE,output/TGS-BINOCULAR/CatalogClean.png,1,"Pink Oubiao 10x38 binoculars with black eyepieces, beside their box.",FALSE,Binoculars in Pakistan | Toy Gift Shop,OUBIAO 10x38 toy binoculars for kids aged 3 and up. Plastic binoculars with carrying strap and original packaging. Fun novelty toy for children.,draft
oubiao-10x38-toy-binoculars-with-case,,,,,,,,,,,,,,,,,,,,output/TGS-BINOCULAR/CatalogHero_wm.png,2,"Pink Oubiao 10x38 binoculars with black eyepieces, beside their box.",,,,
oubiao-10x38-toy-binoculars-with-case,,,,,,,,,,,,,,,,,,,,output/TGS-BINOCULAR/Box_wm.png,3,"Pink Oubiao 10x38 binoculars with black eyepieces, beside their box.",,,,
oubiao-10x38-toy-binoculars-with-case,,,,,,,,,,,,,,,,,,,,output/TGS-BINOCULAR/Lifestyle_wm.png,4,"Pink Oubiao 10x38 binoculars with black eyepieces, beside their box.",,,,
oubiao-10x38-toy-binoculars-with-case,,,,,,,,,,,,,,,,,,,,output/TGS-BINOCULAR/Hero_titled.png,5,"Pink Oubiao 10x38 binoculars with black eyepieces, beside their box.",,,,
oubiao-10x38-toy-binoculars-with-case,,,,,,,,,,,,,,,,,,,,output/TGS-BINOCULAR/FeatureCard.png,6,"Pink Oubiao 10x38 binoculars with black eyepieces, beside their box.",,,,
ozen-star-islamic-learning-tablet,Ozen Star Islamic Learning Tablet for Children,"<p>An Ozen Star Islamic learning tablet, titled متعة التعلم (the joy of learning) on the box. Numbered touch keys play daily duas and Al-Quran recitations, so children can listen and repeat. Ages 3+.</p><ul><li>Daily duas and Al-Quran recitations</li><li>Numbered touch keys with Arabic labels</li><li>Listen and repeat</li><li>Ozen Star, gold design</li><li>Ages 3+</li></ul><p><strong>What's included:</strong></p><ul><li>Islamic learning tablet</li></ul>",The Toy Gift Shop,,Educational Toys,"age:3-5, feature:new, occasion:birthday, occasion:eid, play:build, sub:Learning Toys",FALSE,Title,Default Title,TGS-AL-QURAN-LEARNING,,shopify,2,deny,manual,2500.00,,TRUE,TRUE,output/TGS-AL-QURAN-LEARNING/CatalogClean.png,1,A handheld electronic Islamic learning tablet with a golden casing and Arabic text on the screen.,FALSE,Al-Quran Learning Toy in Pakistan | Toy Gift Shop,Ozen Star Islamic Learning Tablet for children aged 3+. Teaches daily duas and Quran recitations with interactive buttons and Arabic text.,draft
ozen-star-islamic-learning-tablet,,,,,,,,,,,,,,,,,,,,output/TGS-AL-QURAN-LEARNING/CatalogHero_wm.png,2,A handheld electronic Islamic learning tablet with a golden casing and Arabic text on the screen.,,,,
ozen-star-islamic-learning-tablet,,,,,,,,,,,,,,,,,,,,output/TGS-AL-QURAN-LEARNING/Angle_wm.png,3,A handheld electronic Islamic learning tablet with a golden casing and Arabic text on the screen.,,,,
ozen-star-islamic-learning-tablet,,,,,,,,,,,,,,,,,,,,output/TGS-AL-QURAN-LEARNING/Open_wm.png,4,A handheld electronic Islamic learning tablet with a golden casing and Arabic text on the screen.,,,,
ozen-star-islamic-learning-tablet,,,,,,,,,,,,,,,,,,,,output/TGS-AL-QURAN-LEARNING/Lifestyle_wm.png,5,A handheld electronic Islamic learning tablet with a golden casing and Arabic text on the screen.,,,,
ozen-star-islamic-learning-tablet,,,,,,,,,,,,,,,,,,,,output/TGS-AL-QURAN-LEARNING/Hero_titled.png,6,A handheld electronic Islamic learning tablet with a golden casing and Arabic text on the screen.,,,,
ozen-star-islamic-learning-tablet,,,,,,,,,,,,,,,,,,,,output/TGS-AL-QURAN-LEARNING/FeatureCard.png,7,A handheld electronic Islamic learning tablet with a golden casing and Arabic text on the screen.,,,,
paw-patrol-go-fishing-game,Paw Patrol Go Fishing Game,<p>A Paw Patrol Go Fishing game: the red board turns and the little fish open and close their mouths while you try to hook them with the rods. Ages 3+ as printed on the box.</p><ul><li>Turning board with fish that open and close</li><li>Hook the fish with the rods</li><li>Paw Patrol design</li><li>Good for hand-eye coordination</li><li>Ages 3+</li></ul><p><strong>What's included:</strong></p><ul><li>Fishing game board</li><li>Fish</li><li>Fishing rods</li></ul>,The Toy Gift Shop,,Board Games,"age:3-5, feature:new, occasion:birthday, occasion:eid, play:games, sub:Family Board Games",FALSE,Title,Default Title,TGS-PAW-PATROL-GO,,shopify,11,deny,manual,1150.00,,TRUE,TRUE,output/TGS-PAW-PATROL-GO/CatalogClean.png,1,Paw Patrol Go Fishing Game with blue plastic base and red fishing board with fish tokens and fishing rods.,FALSE,Paw Patrol Go Fishing Game in Pakistan | Toy Gift Shop,"Paw Patrol Go Fishing Game for ages 3+. Includes blue plastic base, red fishing board, fish tokens, and two fishing rods. Fun family game.",draft
paw-patrol-go-fishing-game,,,,,,,,,,,,,,,,,,,,output/TGS-PAW-PATROL-GO/CatalogHero_wm.png,2,Paw Patrol Go Fishing Game with blue plastic base and red fishing board with fish tokens and fishing rods.,,,,
paw-patrol-go-fishing-game,,,,,,,,,,,,,,,,,,,,output/TGS-PAW-PATROL-GO/Box_wm.png,3,Paw Patrol Go Fishing Game with blue plastic base and red fishing board with fish tokens and fishing rods.,,,,
paw-patrol-go-fishing-game,,,,,,,,,,,,,,,,,,,,output/TGS-PAW-PATROL-GO/Lifestyle_wm.png,4,Paw Patrol Go Fishing Game with blue plastic base and red fishing board with fish tokens and fishing rods.,,,,
paw-patrol-go-fishing-game,,,,,,,,,,,,,,,,,,,,output/TGS-PAW-PATROL-GO/Hero_titled.png,5,Paw Patrol Go Fishing Game with blue plastic base and red fishing board with fish tokens and fishing rods.,,,,
paw-patrol-go-fishing-game,,,,,,,,,,,,,,,,,,,,output/TGS-PAW-PATROL-GO/FeatureCard.png,6,Paw Patrol Go Fishing Game with blue plastic base and red fishing board with fish tokens and fishing rods.,,,,
peng-jia-multicoloured-flash-drum,Peng Jia Multicoloured Flash Drum with Sticks,"<p>A light-up drum from Peng Jia: hit the pad and the coloured lights flash under it while the music plays. The box lists three modes with an on/off switch, a music switch button and high and low volume. Two sticks are included. It needs 3 x 1.5V AA batteries, which are not included.</p><ul><li>Lights flash under the drum pad as you play</li><li>Three modes and a music switch</li><li>High and low volume</li><li>Two drumsticks included</li><li>Needs 3 x AA batteries (not included)</li><li>Ages 3+</li></ul><p><strong>What's included:</strong></p><ul><li>Flash drum</li><li>2 drumsticks</li></ul>",The Toy Gift Shop,,Musical Toys,"age:3-5, feature:new, occasion:birthday, occasion:eid, play:pretend, sub:Musical Instruments",FALSE,Title,Default Title,TGS-FLASH-DRUM,,shopify,9,deny,manual,2150.00,,TRUE,TRUE,output/TGS-FLASH-DRUM/CatalogClean.png,1,Pink Peng Jia flash drum with two green sticks and its box.,FALSE,Peng Jia Flash Drum in Pakistan | Toy Gift Shop,"Peng Jia Multicoloured Flash Drum: lights flash as you play, three modes, volume control and two sticks. Ages 3+.",draft
peng-jia-multicoloured-flash-drum,,,,,,,,,,,,,,,,,,,,output/TGS-FLASH-DRUM/CatalogHero_wm.png,2,Pink Peng Jia flash drum with two green sticks and its box.,,,,
peng-jia-multicoloured-flash-drum,,,,,,,,,,,,,,,,,,,,output/TGS-FLASH-DRUM/Box_wm.png,3,Pink Peng Jia flash drum with two green sticks and its box.,,,,
peng-jia-multicoloured-flash-drum,,,,,,,,,,,,,,,,,,,,output/TGS-FLASH-DRUM/Lifestyle_wm.png,4,Pink Peng Jia flash drum with two green sticks and its box.,,,,
peng-jia-multicoloured-flash-drum,,,,,,,,,,,,,,,,,,,,output/TGS-FLASH-DRUM/Hero_titled.png,5,Pink Peng Jia flash drum with two green sticks and its box.,,,,
peng-jia-multicoloured-flash-drum,,,,,,,,,,,,,,,,,,,,output/TGS-FLASH-DRUM/FeatureCard.png,6,Pink Peng Jia flash drum with two green sticks and its box.,,,,
playroom-toy-iron-appliance,Playroom Toy Iron Appliance for Pretend Play,<p>This toy iron is a pretend play appliance designed for children. It features a rotating mechanism and lighting. The toy is made of plastic and is intended for children to simulate ironing and making clothes for dolls. It is suitable for ages 3 and up.</p><ul><li>Plastic construction</li><li>Rotating internal parts</li><li>Lighting feature</li><li>Simulates ironing and sewing</li><li>For pretend play with dolls</li></ul><p><strong>What's included:</strong></p><ul><li>Toy iron</li></ul>,The Toy Gift Shop,,Pretend Play & Role Play,"age:3-5, feature:new, occasion:birthday, occasion:eid, play:pretend, sub:Mini Appliances",FALSE,Title,Default Title,TGS-IRON-APPLIANCE,,shopify,3,deny,manual,1250.00,,TRUE,TRUE,output/TGS-IRON-APPLIANCE/CatalogClean.png,1,"A toy iron appliance for pretend play, featuring a rotating mechanism and lighting.",FALSE,Toy Iron Play Appliance in Pakistan | Toy Gift Shop,Playroom toy iron appliance for pretend play. Simulates ironing and sewing. Ages 3+. Plastic construction with rotating parts and lighting.,draft
playroom-toy-iron-appliance,,,,,,,,,,,,,,,,,,,,output/TGS-IRON-APPLIANCE/CatalogHero_wm.png,2,"A toy iron appliance for pretend play, featuring a rotating mechanism and lighting.",,,,
playroom-toy-iron-appliance,,,,,,,,,,,,,,,,,,,,output/TGS-IRON-APPLIANCE/Box_wm.png,3,"A toy iron appliance for pretend play, featuring a rotating mechanism and lighting.",,,,
playroom-toy-iron-appliance,,,,,,,,,,,,,,,,,,,,output/TGS-IRON-APPLIANCE/Hero_titled.png,4,"A toy iron appliance for pretend play, featuring a rotating mechanism and lighting.",,,,
playroom-toy-iron-appliance,,,,,,,,,,,,,,,,,,,,output/TGS-IRON-APPLIANCE/FeatureCard.png,5,"A toy iron appliance for pretend play, featuring a rotating mechanism and lighting.",,,,
ram-animal-figure,Ram Figure with Curled Horns,"<p>A sturdy ram figure with big curled horns and a moulded fleece, painted in soft yellows and browns. It stands steady on four hooves, so it holds its place in a farm set or on a shelf.</p><ul><li>Ram with big curled horns</li><li>Moulded fleece and painted detail</li><li>Stands steady on four hooves</li><li>For farm play or display</li></ul><p><strong>What's included:</strong></p><ul><li>1 ram figure</li></ul>",The Toy Gift Shop,,Animal & Dinosaur Toys,"age:3-5, feature:new, occasion:birthday, occasion:eid, play:pretend, sub:Animal Figures",FALSE,Title,Default Title,TGS-RAM-FIGURE,,shopify,3,deny,manual,2850.00,,TRUE,TRUE,output/TGS-RAM-FIGURE/CatalogClean.png,1,"Yellow ram figure with curled brown horns, standing.",FALSE,Ram Figure in Pakistan | Toy Gift Shop,Ram figure with big curled horns and a moulded fleece. Stands steady for farm play or display.,draft
ram-animal-figure,,,,,,,,,,,,,,,,,,,,output/TGS-RAM-FIGURE/CatalogHero_wm.png,2,"Yellow ram figure with curled brown horns, standing.",,,,
ram-animal-figure,,,,,,,,,,,,,,,,,,,,output/TGS-RAM-FIGURE/Angle_wm.png,3,"Yellow ram figure with curled brown horns, standing.",,,,
ram-animal-figure,,,,,,,,,,,,,,,,,,,,output/TGS-RAM-FIGURE/Lifestyle_wm.png,4,"Yellow ram figure with curled brown horns, standing.",,,,
ram-animal-figure,,,,,,,,,,,,,,,,,,,,output/TGS-RAM-FIGURE/Hero_titled.png,5,"Yellow ram figure with curled brown horns, standing.",,,,
ram-animal-figure,,,,,,,,,,,,,,,,,,,,output/TGS-RAM-FIGURE/FeatureCard.png,6,"Yellow ram figure with curled brown horns, standing.",,,,
ranlok-remote-control-gear-car,Remote Control Car with Transmitter and Packaging,<p>This remote control car has a transparent body with visible internal gears. It is controlled by a black handheld transmitter with red buttons. The packaging shows an image of a blue and black car and indicates it is for ages 3 and up. The car has two thin antennas.</p><ul><li>Transparent plastic body with visible internal gears</li><li>Black handheld transmitter with red buttons</li><li>Two thin antennas on the car</li><li>Packaging includes car and transmitter</li><li>Intended for children aged 3 and up</li></ul><p><strong>What's included:</strong></p><ul><li>Remote control car</li><li>Handheld transmitter</li><li>Original packaging</li></ul>,The Toy Gift Shop,,RC & Remote Control Toys,"age:3-5, feature:new, occasion:birthday, occasion:eid, play:vehicles, sub:RC Vehicles",FALSE,Title,Default Title,TGS-GEAR-RC-CAR,,shopify,4,deny,manual,2250.00,,TRUE,TRUE,output/TGS-GEAR-RC-CAR/CatalogClean.png,1,"Remote control car with transparent body and visible gears, black transmitter, and original packaging on white surface.",FALSE,Remote Control Car with Transmitter and Packaging | Toy Gift Shop,Remote control car with transparent body and visible gears. Includes handheld transmitter. Designed for children aged 3 and up. Comes in original packaging.,draft
ranlok-remote-control-gear-car,,,,,,,,,,,,,,,,,,,,output/TGS-GEAR-RC-CAR/CatalogHero_wm.png,2,"Remote control car with transparent body and visible gears, black transmitter, and original packaging on white surface.",,,,
ranlok-remote-control-gear-car,,,,,,,,,,,,,,,,,,,,output/TGS-GEAR-RC-CAR/Box_wm.png,3,"Remote control car with transparent body and visible gears, black transmitter, and original packaging on white surface.",,,,
ranlok-remote-control-gear-car,,,,,,,,,,,,,,,,,,,,output/TGS-GEAR-RC-CAR/Lifestyle_wm.png,4,"Remote control car with transparent body and visible gears, black transmitter, and original packaging on white surface.",,,,
ranlok-remote-control-gear-car,,,,,,,,,,,,,,,,,,,,output/TGS-GEAR-RC-CAR/Hero_titled.png,5,"Remote control car with transparent body and visible gears, black transmitter, and original packaging on white surface.",,,,
ranlok-remote-control-gear-car,,,,,,,,,,,,,,,,,,,,output/TGS-GEAR-RC-CAR/FeatureCard.png,6,"Remote control car with transparent body and visible gears, black transmitter, and original packaging on white surface.",,,,
rhinoceros-baby-unicorn-toy,Rhinoceros Baby Unicorn Toy with Light,"<p>Rhinoceros Baby (ZH-125): a soft, chunky unicorn figure with a rainbow horn that lights up with a gentle glow. The box says to take the little one with you and explore the wonderful world of childhood together. Good on a bedside table.</p><ul><li>Soft unicorn figure with a rainbow horn</li><li>Glows with a gentle light</li><li>Sits up on its own</li><li>Good on a bedside table</li><li>Rhinoceros Baby ZH-125</li></ul><p><strong>What's included:</strong></p><ul><li>Rhinoceros Baby unicorn light</li></ul>",The Toy Gift Shop,,Baby & Toddler Toys,"age:1-3, feature:new, occasion:birthday, occasion:eid, play:pretend, sub:Baby Toys",FALSE,Title,Default Title,TGS-RHINOCERO-BABY,,shopify,5,deny,manual,2650.00,,TRUE,TRUE,output/TGS-RHINOCERO-BABY/CatalogClean.png,1,"White unicorn-shaped toy with a colorful horn, sitting on a glittery surface next to its packaging.",FALSE,Rhinoceros Baby in Pakistan | Toy Gift Shop,Soft plastic unicorn toy with light feature for children aged 3+. Includes product packaging. Product code ZH-125.,draft
rhinoceros-baby-unicorn-toy,,,,,,,,,,,,,,,,,,,,output/TGS-RHINOCERO-BABY/CatalogHero_wm.png,2,"White unicorn-shaped toy with a colorful horn, sitting on a glittery surface next to its packaging.",,,,
rhinoceros-baby-unicorn-toy,,,,,,,,,,,,,,,,,,,,output/TGS-RHINOCERO-BABY/Box_wm.png,3,"White unicorn-shaped toy with a colorful horn, sitting on a glittery surface next to its packaging.",,,,
rhinoceros-baby-unicorn-toy,,,,,,,,,,,,,,,,,,,,output/TGS-RHINOCERO-BABY/Lifestyle_wm.png,4,"White unicorn-shaped toy with a colorful horn, sitting on a glittery surface next to its packaging.",,,,
rhinoceros-baby-unicorn-toy,,,,,,,,,,,,,,,,,,,,output/TGS-RHINOCERO-BABY/Hero_titled.png,5,"White unicorn-shaped toy with a colorful horn, sitting on a glittery surface next to its packaging.",,,,
rhinoceros-baby-unicorn-toy,,,,,,,,,,,,,,,,,,,,output/TGS-RHINOCERO-BABY/FeatureCard.png,6,"White unicorn-shaped toy with a colorful horn, sitting on a glittery surface next to its packaging.",,,,
sequence-strategy-board-game,Sequence - An Exciting Game of Strategy,"<p>Sequence, an exciting strategy board game. Play a card, place a chip on the matching space, and be the first to get five in a row. For ages 7 and up.</p><ul><li>Classic Sequence strategy gameplay</li><li>Reversible playing board</li><li>For 2 to 12 players</li><li>For ages 7 and up</li></ul><p><strong>What's included:</strong></p><ul><li>1 playing board</li><li>Playing chips</li><li>Deck of cards</li><li>Instructions</li></ul>",The Toy Gift Shop,,Board Games,"age:5-8, feature:new, occasion:birthday, occasion:eid, play:games, sub:Family Board Games",FALSE,Title,Default Title,TGS-SEQUENCE,,shopify,3,deny,manual,2250.00,,TRUE,TRUE,output/TGS-SEQUENCE/CatalogClean.png,1,Sequence strategy board game box on a plain background.,FALSE,Sequence Strategy Board Game in Pakistan | Toy Gift Shop,"Sequence, an exciting game of strategy. Play a card, place a chip, get five in a row. Ages 7+.",draft
sequence-strategy-board-game,,,,,,,,,,,,,,,,,,,,output/TGS-SEQUENCE/CatalogHero_wm.png,2,Sequence strategy board game box on a plain background.,,,,
sequence-strategy-board-game,,,,,,,,,,,,,,,,,,,,output/TGS-SEQUENCE/Angle_wm.png,3,Sequence strategy board game box on a plain background.,,,,
sequence-strategy-board-game,,,,,,,,,,,,,,,,,,,,output/TGS-SEQUENCE/Box_wm.png,4,Sequence strategy board game box on a plain background.,,,,
sequence-strategy-board-game,,,,,,,,,,,,,,,,,,,,output/TGS-SEQUENCE/Lifestyle_wm.png,5,Sequence strategy board game box on a plain background.,,,,
sequence-strategy-board-game,,,,,,,,,,,,,,,,,,,,output/TGS-SEQUENCE/Hero_titled.png,6,Sequence strategy board game box on a plain background.,,,,
sequence-strategy-board-game,,,,,,,,,,,,,,,,,,,,output/TGS-SEQUENCE/FeatureCard.png,7,Sequence strategy board game box on a plain background.,,,,
sheep-animal-figure,Sheep Figure with Moulded Fleece,"<p>A sheep figure with a curly moulded fleece in warm brown, a pale face and black hooves. Steady on its feet and the right size to stand beside the ram and camel in a farm set.</p><ul><li>Sheep with a curly moulded fleece</li><li>Warm brown with a pale face</li><li>Steady on four hooves</li><li>Pairs with the ram and camel figures</li></ul><p><strong>What's included:</strong></p><ul><li>1 sheep figure</li></ul>",The Toy Gift Shop,,Animal & Dinosaur Toys,"age:3-5, feature:new, occasion:birthday, occasion:eid, play:pretend, sub:Animal Figures",FALSE,Title,Default Title,TGS-SHEEP-FIGURE,,shopify,3,deny,manual,2850.00,,TRUE,TRUE,output/TGS-SHEEP-FIGURE/CatalogClean.png,1,Brown sheep figure with a curly fleece and white legs.,FALSE,Sheep Figure in Pakistan | Toy Gift Shop,"Sheep figure with a curly moulded fleece in warm brown. Steady on its feet, for farm play or display.",draft
sheep-animal-figure,,,,,,,,,,,,,,,,,,,,output/TGS-SHEEP-FIGURE/CatalogHero_wm.png,2,Brown sheep figure with a curly fleece and white legs.,,,,
sheep-animal-figure,,,,,,,,,,,,,,,,,,,,output/TGS-SHEEP-FIGURE/Angle_wm.png,3,Brown sheep figure with a curly fleece and white legs.,,,,
sheep-animal-figure,,,,,,,,,,,,,,,,,,,,output/TGS-SHEEP-FIGURE/Lifestyle_wm.png,4,Brown sheep figure with a curly fleece and white legs.,,,,
sheep-animal-figure,,,,,,,,,,,,,,,,,,,,output/TGS-SHEEP-FIGURE/Hero_titled.png,5,Brown sheep figure with a curly fleece and white legs.,,,,
sheep-animal-figure,,,,,,,,,,,,,,,,,,,,output/TGS-SHEEP-FIGURE/FeatureCard.png,6,Brown sheep figure with a curly fleece and white legs.,,,,
shooting-elite-mp7,Shooting Elite 2-in-1 Water & Soft Bullet Toy Gun,"<p>This toy gun is designed for water and soft bullet play. It features a camouflage pattern with orange, black, and white colors. The gun is made of plastic and comes with accessories including goggles, a water bottle, and soft bullets. It is suitable for children aged 8 and up.</p><ul><li>Plastic construction</li><li>Dual mode: water and soft bullet</li><li>Includes goggles, water bottle, and soft bullets</li><li>Age recommended: 8+</li><li>Camouflage pattern with orange, black, and white</li></ul><p><strong>What's included:</strong></p><ul><li>Toy gun</li><li>Goggles</li><li>Water bullet bottle</li><li>Water bullet bottle connector</li><li>Soft bullets (suction cup type)</li><li>Water absorbing bullet</li></ul>",The Toy Gift Shop,,Battle & Action Play,"age:8+, feature:new, occasion:birthday, occasion:eid, play:games, sub:Battle Play",FALSE,Title,Default Title,TGS-SHOOT-ELITE-MP7,,shopify,5,deny,manual,5100.00,,TRUE,TRUE,output/TGS-SHOOT-ELITE-MP7/CatalogClean.png,1,Shooting Elite 2-in-1 water and soft bullet toy gun with camouflage pattern and included accessories.,FALSE,Shooting Elite 2-in-1 Water & Soft Bullet Toy Gun | Toy Gift Shop,"Shooting Elite 2-in-1 water and soft bullet toy gun for kids 8+. Includes goggles, water bottle, and soft bullets. Dual mode play. Camouflage design.",draft
shooting-elite-mp7,,,,,,,,,,,,,,,,,,,,output/TGS-SHOOT-ELITE-MP7/CatalogHero_wm.png,2,Shooting Elite 2-in-1 water and soft bullet toy gun with camouflage pattern and included accessories.,,,,
shooting-elite-mp7,,,,,,,,,,,,,,,,,,,,output/TGS-SHOOT-ELITE-MP7/Open_wm.png,3,Shooting Elite 2-in-1 water and soft bullet toy gun with camouflage pattern and included accessories.,,,,
shooting-elite-mp7,,,,,,,,,,,,,,,,,,,,output/TGS-SHOOT-ELITE-MP7/Box_wm.png,4,Shooting Elite 2-in-1 water and soft bullet toy gun with camouflage pattern and included accessories.,,,,
shooting-elite-mp7,,,,,,,,,,,,,,,,,,,,output/TGS-SHOOT-ELITE-MP7/Lifestyle_wm.png,5,Shooting Elite 2-in-1 water and soft bullet toy gun with camouflage pattern and included accessories.,,,,
shooting-elite-mp7,,,,,,,,,,,,,,,,,,,,output/TGS-SHOOT-ELITE-MP7/Hero_titled.png,6,Shooting Elite 2-in-1 water and soft bullet toy gun with camouflage pattern and included accessories.,,,,
shooting-elite-mp7,,,,,,,,,,,,,,,,,,,,output/TGS-SHOOT-ELITE-MP7/FeatureCard.png,7,Shooting Elite 2-in-1 water and soft bullet toy gun with camouflage pattern and included accessories.,,,,
smart-remote-baby-key-fob-toy,Smart Remote Baby Key Fob with Sensory Keys,"<p>A baby&#x27;s own car key fob: press the buttons for the car horn, the start sound, the car lock and music, with a light that blinks along. Three textured sensory keys hang from the ring for little fingers to turn over and chew. The box lists finger, mental, visual and auditory training, from 18 months.</p><ul><li>Car horn, start sound, car lock and music buttons</li><li>Light blinks as it sounds</li><li>Three textured sensory keys on the ring</li><li>Fits small hands</li><li>From 18 months as printed on the box</li></ul><p><strong>What's included:</strong></p><ul><li>Smart Remote key fob</li><li>3 sensory keys on a ring</li></ul>",The Toy Gift Shop,,Baby & Toddler Toys,"age:1-3, feature:new, occasion:birthday, occasion:eid, play:pretend, sub:Baby Activity Toys",FALSE,Title,Default Title,TGS-SMART-REMOTE-KEYS,,shopify,8,deny,manual,1850.00,,TRUE,TRUE,output/TGS-SMART-REMOTE-KEYS/CatalogClean.png,1,"Purple and yellow Smart Remote baby key fob with three textured keys, beside its box.",FALSE,Smart Remote Baby Key Fob in Pakistan | Toy Gift Shop,"Smart Remote baby key fob: car horn, start sound, lock and music with a blinking light and three sensory keys. From 18 months.",draft
smart-remote-baby-key-fob-toy,,,,,,,,,,,,,,,,,,,,output/TGS-SMART-REMOTE-KEYS/CatalogHero_wm.png,2,"Purple and yellow Smart Remote baby key fob with three textured keys, beside its box.",,,,
smart-remote-baby-key-fob-toy,,,,,,,,,,,,,,,,,,,,output/TGS-SMART-REMOTE-KEYS/Box_wm.png,3,"Purple and yellow Smart Remote baby key fob with three textured keys, beside its box.",,,,
smart-remote-baby-key-fob-toy,,,,,,,,,,,,,,,,,,,,output/TGS-SMART-REMOTE-KEYS/Lifestyle_wm.png,4,"Purple and yellow Smart Remote baby key fob with three textured keys, beside its box.",,,,
smart-remote-baby-key-fob-toy,,,,,,,,,,,,,,,,,,,,output/TGS-SMART-REMOTE-KEYS/Hero_titled.png,5,"Purple and yellow Smart Remote baby key fob with three textured keys, beside its box.",,,,
smart-remote-baby-key-fob-toy,,,,,,,,,,,,,,,,,,,,output/TGS-SMART-REMOTE-KEYS/FeatureCard.png,6,"Purple and yellow Smart Remote baby key fob with three textured keys, beside its box.",,,,
spider-launcher-toy,Spider Launcher Wrist Toy with Glove,<p>A superhero-style spider launcher you wear on your wrist with the striped glove. Press the pressing plate to fire the launch head; the suction cup sticks to smooth surfaces and the wire winds back in with the collection switch. The box lists an infrared switch and magic adhesive tape. Charges by USB.</p><ul><li>Wear on the wrist with the striped glove</li><li>Pressing plate fires the launch head</li><li>Wire collection switch winds it back</li><li>Infrared switch and magic adhesive tape (as listed on the box)</li><li>USB charging</li></ul><p><strong>What's included:</strong></p><ul><li>Spider launcher</li><li>Striped glove</li><li>Suction launch head</li><li>USB charging cable</li><li>Instructions</li></ul>,The Toy Gift Shop,,Battle & Action Play,"age:5-8, feature:new, occasion:birthday, occasion:eid, play:games, sub:Battle Play",FALSE,Title,Default Title,TGS-SPIDER-LAUNCHER,,shopify,5,deny,manual,2900.00,,TRUE,TRUE,output/TGS-SPIDER-LAUNCHER/CatalogClean.png,1,Spider Launcher Toy with Glove and Launch Head on a white surface.,FALSE,Spider Launcher in Pakistan | Toy Gift Shop,"Spider Launcher Toy with Glove and Launch Head. Includes red and blue glove, black launch head, infrared switch, and magic adhesive tape. For children to play with.",draft
spider-launcher-toy,,,,,,,,,,,,,,,,,,,,output/TGS-SPIDER-LAUNCHER/CatalogHero_wm.png,2,Spider Launcher Toy with Glove and Launch Head on a white surface.,,,,
spider-launcher-toy,,,,,,,,,,,,,,,,,,,,output/TGS-SPIDER-LAUNCHER/Box_wm.png,3,Spider Launcher Toy with Glove and Launch Head on a white surface.,,,,
spider-launcher-toy,,,,,,,,,,,,,,,,,,,,output/TGS-SPIDER-LAUNCHER/Hero_titled.png,4,Spider Launcher Toy with Glove and Launch Head on a white surface.,,,,
spider-launcher-toy,,,,,,,,,,,,,,,,,,,,output/TGS-SPIDER-LAUNCHER/FeatureCard.png,5,Spider Launcher Toy with Glove and Launch Head on a white surface.,,,,
stacked-circle-ring-stacker-toy,Stacked Circle Ring Stacker with Dinosaur Topper,"<p>A Stacked Circle ring stacker in soft pastel colours, with a little dinosaur that sits on top. The rings are textured, some with letters, numbers and hearts, so there is plenty to feel while stacking. The box says from 6 months, to accompany children as they grow up happily.</p><ul><li>Soft textured rings to stack</li><li>Dinosaur topper</li><li>Letters, numbers and hearts on the rings</li><li>Good for sense, imagination and discovery</li><li>From 6 months as printed on the box</li></ul><p><strong>What's included:</strong></p><ul><li>Stacking base with rings</li><li>Dinosaur topper</li></ul>",The Toy Gift Shop,,Baby & Toddler Toys,"age:5-8, feature:new, occasion:birthday, occasion:eid, play:pretend, sub:Baby Activity Toys",FALSE,Title,Default Title,TGS-STACKED-CIRCLE-RING,,shopify,2,deny,manual,1550.00,,TRUE,TRUE,output/TGS-STACKED-CIRCLE-RING/CatalogClean.png,1,"A colorful ring stacker toy with a green dinosaur on top, designed for children 6 months and up.",FALSE,Stacked Circle Ring Stacker in Pakistan | Toy Gift Shop,Stacked Circle Ring Stacker Toy with animal figures for babies 6 months and up. Soft plastic rings with textures and numbers for sensory play and stacking.,draft
stacked-circle-ring-stacker-toy,,,,,,,,,,,,,,,,,,,,output/TGS-STACKED-CIRCLE-RING/CatalogHero_wm.png,2,"A colorful ring stacker toy with a green dinosaur on top, designed for children 6 months and up.",,,,
stacked-circle-ring-stacker-toy,,,,,,,,,,,,,,,,,,,,output/TGS-STACKED-CIRCLE-RING/Box_wm.png,3,"A colorful ring stacker toy with a green dinosaur on top, designed for children 6 months and up.",,,,
stacked-circle-ring-stacker-toy,,,,,,,,,,,,,,,,,,,,output/TGS-STACKED-CIRCLE-RING/Lifestyle_wm.png,4,"A colorful ring stacker toy with a green dinosaur on top, designed for children 6 months and up.",,,,
stacked-circle-ring-stacker-toy,,,,,,,,,,,,,,,,,,,,output/TGS-STACKED-CIRCLE-RING/Hero_titled.png,5,"A colorful ring stacker toy with a green dinosaur on top, designed for children 6 months and up.",,,,
stacked-circle-ring-stacker-toy,,,,,,,,,,,,,,,,,,,,output/TGS-STACKED-CIRCLE-RING/FeatureCard.png,6,"A colorful ring stacker toy with a green dinosaur on top, designed for children 6 months and up.",,,,
stacked-cup-battle-game,"Prism Stacked Cup Battle Game – 12 Cups, Bell and Pattern Cards","<p>A two-player speed stacking game from Prism. Each player has a set of six coloured cups. Flip a pattern card, stack your cups to match it as fast as you can, then hit the bell first to win the round. Good for colour matching, quick thinking and hand-eye coordination. Good to know: contains small parts, so not suitable for children under 3. Play with an adult nearby.</p><ul><li>12 cups: two sets of six colours, one per player</li><li>1 bell and 14 pattern cards</li><li>Match the card, stack fast, hit the bell first</li><li>Builds colour matching and hand-eye coordination</li><li>Ages 36 months+</li></ul><p><strong>What's included:</strong></p><ul><li>12 stacking cups (2 sets of 6 colours)</li><li>1 bell</li><li>14 pattern cards</li></ul>",The Toy Gift Shop,,Board Games,"age:3-5, feature:new, occasion:birthday, occasion:eid, play:games, sub:Family Board Games",FALSE,Title,Default Title,TGS-STACKED-CUP-BATTLE,,shopify,2,deny,manual,2800.00,,TRUE,TRUE,output/TGS-STACKED-CUP-BATTLE/CatalogClean.png,1,"Prism Stacked Cup Battle game with coloured cups, a bell and pattern cards.",FALSE,Prism Stacked Cup Battle Game in Pakistan | Toy Gift Shop,"Prism Stacked Cup Battle: a two-player speed stacking game with 12 cups, a bell and 14 pattern cards. Ages 36 months+.",draft
stacked-cup-battle-game,,,,,,,,,,,,,,,,,,,,output/TGS-STACKED-CUP-BATTLE/CatalogHero_wm.png,2,"Prism Stacked Cup Battle game with coloured cups, a bell and pattern cards.",,,,
stacked-cup-battle-game,,,,,,,,,,,,,,,,,,,,output/TGS-STACKED-CUP-BATTLE/Box_wm.png,3,"Prism Stacked Cup Battle game with coloured cups, a bell and pattern cards.",,,,
stacked-cup-battle-game,,,,,,,,,,,,,,,,,,,,output/TGS-STACKED-CUP-BATTLE/Hero_titled.png,4,"Prism Stacked Cup Battle game with coloured cups, a bell and pattern cards.",,,,
stacked-cup-battle-game,,,,,,,,,,,,,,,,,,,,output/TGS-STACKED-CUP-BATTLE/FeatureCard.png,5,"Prism Stacked Cup Battle game with coloured cups, a bell and pattern cards.",,,,
stars-football-figure-ronaldo-and-mbappe,STARS Football Figure with Trophy and Ball – Ronaldo or Mbappé,"<p>A STARS football figure with a gold trophy and a football, in a window box. Choose Ronaldo in the yellow Al-Nassr No. 7 kit, Ronaldo in the red Man United No. 7 kit, or Mbappé in the white Real Madrid No. 10 kit. Ages 3+ as printed on the box.</p><ul><li>Three kits to choose from: Al-Nassr, Man United or Real Madrid</li><li>Comes with a gold trophy and a football</li><li>Window box, STARS range</li><li>Stands on its own</li><li>Ages 3+</li></ul><p><strong>What's included:</strong></p><ul><li>1 football figure (Ronaldo or Mbappé)</li><li>Gold trophy</li><li>Football</li></ul>",The Toy Gift Shop,,Action Figures & Characters,"age:3-5, feature:new, occasion:birthday, occasion:eid, play:pretend, sub:Action Figures",FALSE,Style,Ronaldo – Al-Nassr,TGS-FIG-FOOTBALL-STAR-07NAS,,shopify,2,deny,manual,1250.00,,TRUE,TRUE,output/TGS-FIG-FOOTBALL-STAR/CatalogClean.png,1,"STARS Ronaldo Al-Nassr, Ronaldo Man United and Mbappé Real Madrid football figures in their boxes.",FALSE,STARS Football Figure with Trophy and Ball in Pakistan | Toy Gift Shop,STARS football figure with a gold trophy and football: Ronaldo (Al-Nassr or Man United) or Mbappé (Real Madrid). Ages 3+.,draft
stars-football-figure-ronaldo-and-mbappe,,,,,,,,Style,Ronaldo – Man United,TGS-FIG-FOOTBALL-STAR-07MUN,,shopify,2,deny,manual,1250.00,,TRUE,TRUE,,,,,,,
stars-football-figure-ronaldo-and-mbappe,,,,,,,,Style,Mbappé – Real Madrid,TGS-FIG-FOOTBALL-STAR-10RMA,,shopify,2,deny,manual,1250.00,,TRUE,TRUE,,,,,,,
stars-football-figure-ronaldo-and-mbappe,,,,,,,,,,,,,,,,,,,,output/TGS-FIG-FOOTBALL-STAR/CatalogHero_wm.png,2,"STARS Ronaldo Al-Nassr, Ronaldo Man United and Mbappé Real Madrid football figures in their boxes.",,,,
stars-football-figure-ronaldo-and-mbappe,,,,,,,,,,,,,,,,,,,,output/TGS-FIG-FOOTBALL-STAR/Box_wm.png,3,"STARS Ronaldo Al-Nassr, Ronaldo Man United and Mbappé Real Madrid football figures in their boxes.",,,,
stars-football-figure-ronaldo-and-mbappe,,,,,,,,,,,,,,,,,,,,output/TGS-FIG-FOOTBALL-STAR/Hero_titled.png,4,"STARS Ronaldo Al-Nassr, Ronaldo Man United and Mbappé Real Madrid football figures in their boxes.",,,,
stars-football-figure-ronaldo-and-mbappe,,,,,,,,,,,,,,,,,,,,output/TGS-FIG-FOOTBALL-STAR/FeatureCard.png,5,"STARS Ronaldo Al-Nassr, Ronaldo Man United and Mbappé Real Madrid football figures in their boxes.",,,,
steering-wheel-simulated-driving-toy,Steering Wheel Simulated Driving Toy with Car Sounds,"<p>A child&#x27;s steering wheel that sticks down on a table or a car window with its suction base, so a passenger can drive along. The box lists the sound effects: engine, start, brake, parking, trumpet, fire truck, ambulance and police car, and the wheel turns a full 360 degrees. Ours is the teal and pink one. Ages 3+.</p><ul><li>Sound effects: engine, start, brake, parking, horn, fire truck, ambulance, police car</li><li>Turns a full 360 degrees</li><li>Suction base sticks to a table or a window</li><li>Lit dashboard and chunky buttons</li><li>Ages 3+ as printed on the box</li></ul><p><strong>What's included:</strong></p><ul><li>Steering wheel toy</li><li>Suction cup base</li></ul>",The Toy Gift Shop,,Pretend Play & Role Play,"age:3-5, feature:new, occasion:birthday, occasion:eid, play:pretend, sub:Role Play Sets",FALSE,Title,Default Title,TGS-STEERING-WHEEL-SIM,,shopify,7,deny,manual,1850.00,,TRUE,TRUE,output/TGS-STEERING-WHEEL-SIM/CatalogClean.png,1,Teal and pink toy steering wheel with its suction base and box.,FALSE,Steering Wheel Simulated Driving Toy in Pakistan | Toy Gift Shop,"Toy steering wheel with engine, siren and horn sounds, 360° turning and a suction base for the table or car window. Ages 3+.",draft
steering-wheel-simulated-driving-toy,,,,,,,,,,,,,,,,,,,,output/TGS-STEERING-WHEEL-SIM/CatalogHero_wm.png,2,Teal and pink toy steering wheel with its suction base and box.,,,,
steering-wheel-simulated-driving-toy,,,,,,,,,,,,,,,,,,,,output/TGS-STEERING-WHEEL-SIM/Angle_wm.png,3,Teal and pink toy steering wheel with its suction base and box.,,,,
steering-wheel-simulated-driving-toy,,,,,,,,,,,,,,,,,,,,output/TGS-STEERING-WHEEL-SIM/Box_wm.png,4,Teal and pink toy steering wheel with its suction base and box.,,,,
steering-wheel-simulated-driving-toy,,,,,,,,,,,,,,,,,,,,output/TGS-STEERING-WHEEL-SIM/Lifestyle_wm.png,5,Teal and pink toy steering wheel with its suction base and box.,,,,
steering-wheel-simulated-driving-toy,,,,,,,,,,,,,,,,,,,,output/TGS-STEERING-WHEEL-SIM/Hero_titled.png,6,Teal and pink toy steering wheel with its suction base and box.,,,,
steering-wheel-simulated-driving-toy,,,,,,,,,,,,,,,,,,,,output/TGS-STEERING-WHEEL-SIM/FeatureCard.png,7,Teal and pink toy steering wheel with its suction base and box.,,,,
sticky-ball-dart-board-72cm,Sticky Ball Dart Board – 72cm Fabric Target with Sticky Balls,"<p>A 72cm fabric dart board that hangs on the wall or a door, with sticky balls instead of points. Throw a ball, it grips the cloth wherever it lands, and the cartoon animals are marked from 10 to 100 so you can keep score. The box says it folds away and takes repeated use without losing shape, and it suits several players at once.</p><ul><li>72cm target as printed on the box</li><li>Sticky balls grip the cloth — no points</li><li>Animal targets scored 10 to 100</li><li>Folds away flat for storage</li><li>Two or more players</li><li>Ages 3+</li></ul><p><strong>What's included:</strong></p><ul><li>72cm fabric dart board</li><li>Sticky balls in a mesh bag</li></ul>",The Toy Gift Shop,,Sports Toys,"age:3-5, feature:new, occasion:birthday, occasion:eid, play:outdoor, sub:Sports Sets",FALSE,Title,Default Title,TGS-STICKY-DART-BOARD,,shopify,4,deny,manual,2150.00,,TRUE,TRUE,output/TGS-STICKY-DART-BOARD/CatalogClean.png,1,"Green 72cm sticky ball dart board with cartoon animal targets, its box and a bag of sticky balls.",FALSE,Sticky Ball Dart Board in Pakistan | Toy Gift Shop,"72cm sticky ball dart board: throw the balls at the fabric target, score 10 to 100. Folds away. Ages 3+.",draft
sticky-ball-dart-board-72cm,,,,,,,,,,,,,,,,,,,,output/TGS-STICKY-DART-BOARD/CatalogHero_wm.png,2,"Green 72cm sticky ball dart board with cartoon animal targets, its box and a bag of sticky balls.",,,,
sticky-ball-dart-board-72cm,,,,,,,,,,,,,,,,,,,,output/TGS-STICKY-DART-BOARD/Box_wm.png,3,"Green 72cm sticky ball dart board with cartoon animal targets, its box and a bag of sticky balls.",,,,
sticky-ball-dart-board-72cm,,,,,,,,,,,,,,,,,,,,output/TGS-STICKY-DART-BOARD/Hero_titled.png,4,"Green 72cm sticky ball dart board with cartoon animal targets, its box and a bag of sticky balls.",,,,
sticky-ball-dart-board-72cm,,,,,,,,,,,,,,,,,,,,output/TGS-STICKY-DART-BOARD/FeatureCard.png,5,"Green 72cm sticky ball dart board with cartoon animal targets, its box and a bag of sticky balls.",,,,
sticky-ball-dart-board-72cm,,,,,,,,,,,,,,,,,,,,output/TGS-STICKY-DART-BOARD/01_main.jpg,6,"Green 72cm sticky ball dart board with cartoon animal targets, its box and a bag of sticky balls.",,,,
sticky-ball-dart-board-72cm,,,,,,,,,,,,,,,,,,,,output/TGS-STICKY-DART-BOARD/02_hero.jpg,7,"Green 72cm sticky ball dart board with cartoon animal targets, its box and a bag of sticky balls.",,,,
sticky-ball-dart-board-72cm,,,,,,,,,,,,,,,,,,,,output/TGS-STICKY-DART-BOARD/03_lifestyle_a.jpg,8,"Green 72cm sticky ball dart board with cartoon animal targets, its box and a bag of sticky balls.",,,,
sticky-ball-dart-board-72cm,,,,,,,,,,,,,,,,,,,,output/TGS-STICKY-DART-BOARD/04_lifestyle_b.jpg,9,"Green 72cm sticky ball dart board with cartoon animal targets, its box and a bag of sticky balls.",,,,
sticky-ball-dart-board-72cm,,,,,,,,,,,,,,,,,,,,output/TGS-STICKY-DART-BOARD/05_infographic.jpg,10,"Green 72cm sticky ball dart board with cartoon animal targets, its box and a bag of sticky balls.",,,,
sticky-ball-dart-board-72cm,,,,,,,,,,,,,,,,,,,,output/TGS-STICKY-DART-BOARD/06_size.jpg,11,"Green 72cm sticky ball dart board with cartoon animal targets, its box and a bag of sticky balls.",,,,
sticky-ball-dart-board-72cm,,,,,,,,,,,,,,,,,,,,output/TGS-STICKY-DART-BOARD/07_detail.jpg,12,"Green 72cm sticky ball dart board with cartoon animal targets, its box and a bag of sticky balls.",,,,
study-book-intellectual-learning-toy,Study Book Intellectual Learning Toy for Ages 3+,"<p>A Study Book for intellectual learning: a fold-out electronic book with a carry handle and a button on every page. The box lists the contents as letters, animals, vehicles, numbers, relationships and musical instruments, with phonetic learning and a record button for parent-child play. It needs 3 x AA batteries, which are not included.</p><ul><li>Letters, animals, vehicles, numbers, relationships and musical instruments</li><li>Phonetic learning with sound on every page</li><li>Record button for parent-child play</li><li>Fold-out book with a carry handle</li><li>Needs 3 x AA batteries (not included)</li><li>Ages 3+</li></ul><p><strong>What's included:</strong></p><ul><li>Study Book</li></ul>",The Toy Gift Shop,,Educational Toys,"age:3-5, feature:new, occasion:birthday, occasion:eid, play:build, sub:Learning Toys",FALSE,Title,Default Title,TGS-STUDY-BOOK,,shopify,7,deny,manual,2450.00,,TRUE,TRUE,output/TGS-STUDY-BOOK/CatalogClean.png,1,"Foldable plastic educational toy book with sound buttons for learning letters, animals, and numbers.",FALSE,Study Book in Pakistan | Toy Gift Shop,"Interactive educational toy book for ages 3+ with sound and visual learning activities. Features foldable design, buttons, and parent-child interaction. Made of plastic with battery pack.",draft
study-book-intellectual-learning-toy,,,,,,,,,,,,,,,,,,,,output/TGS-STUDY-BOOK/CatalogHero_wm.png,2,"Foldable plastic educational toy book with sound buttons for learning letters, animals, and numbers.",,,,
study-book-intellectual-learning-toy,,,,,,,,,,,,,,,,,,,,output/TGS-STUDY-BOOK/Box_wm.png,3,"Foldable plastic educational toy book with sound buttons for learning letters, animals, and numbers.",,,,
study-book-intellectual-learning-toy,,,,,,,,,,,,,,,,,,,,output/TGS-STUDY-BOOK/Lifestyle_wm.png,4,"Foldable plastic educational toy book with sound buttons for learning letters, animals, and numbers.",,,,
study-book-intellectual-learning-toy,,,,,,,,,,,,,,,,,,,,output/TGS-STUDY-BOOK/Hero_titled.png,5,"Foldable plastic educational toy book with sound buttons for learning letters, animals, and numbers.",,,,
study-book-intellectual-learning-toy,,,,,,,,,,,,,,,,,,,,output/TGS-STUDY-BOOK/FeatureCard.png,6,"Foldable plastic educational toy book with sound buttons for learning letters, animals, and numbers.",,,,
sup-handheld-game-console,SUP Game Box Power M3 Handheld Game Console,"<p>The SUP Game Box Power M3 is a real handheld game console with built-in retro games, a colour screen and SUP-style red and black buttons. It runs on a rechargeable BL-5C battery, and the AV cable connects it to a TV so the games can be played on the big screen.</p><ul><li>Handheld console with built-in retro games</li><li>Colour screen with a D-pad and action buttons</li><li>Rechargeable BL-5C battery</li><li>AV cable to play on a TV</li><li>Red and black SUP design</li></ul><p><strong>What's included:</strong></p><ul><li>SUP Game Box Power M3 console</li><li>Rechargeable BL-5C battery</li><li>AV cable for TV</li></ul>",The Toy Gift Shop,,Robots & Electronic Toys,"age:5-8, feature:new, occasion:birthday, occasion:eid, play:games, sub:Arcade Games",FALSE,Title,Default Title,TGS-HAND-CONSOLE,,shopify,3,deny,manual,7850.00,,TRUE,TRUE,output/TGS-HAND-CONSOLE/CatalogClean.png,1,SUP Game Box Power M3 handheld game console in red and black with its battery and AV cable.,FALSE,SUP Handheld Game Console in Pakistan | Toy Gift Shop,"SUP Game Box Power M3 handheld game console with built-in retro games, colour screen, rechargeable battery and AV cable to play on a TV.",draft
sup-handheld-game-console,,,,,,,,,,,,,,,,,,,,output/TGS-HAND-CONSOLE/CatalogHero_wm.png,2,SUP Game Box Power M3 handheld game console in red and black with its battery and AV cable.,,,,
sup-handheld-game-console,,,,,,,,,,,,,,,,,,,,output/TGS-HAND-CONSOLE/Box_wm.png,3,SUP Game Box Power M3 handheld game console in red and black with its battery and AV cable.,,,,
sup-handheld-game-console,,,,,,,,,,,,,,,,,,,,output/TGS-HAND-CONSOLE/Lifestyle_wm.png,4,SUP Game Box Power M3 handheld game console in red and black with its battery and AV cable.,,,,
sup-handheld-game-console,,,,,,,,,,,,,,,,,,,,output/TGS-HAND-CONSOLE/Hero_titled.png,5,SUP Game Box Power M3 handheld game console in red and black with its battery and AV cable.,,,,
sup-handheld-game-console,,,,,,,,,,,,,,,,,,,,output/TGS-HAND-CONSOLE/FeatureCard.png,6,SUP Game Box Power M3 handheld game console in red and black with its battery and AV cable.,,,,
superhero-wrist-transmitter,Super Hero Wrist Transmitter Toy,<p>This wrist transmitter toy is designed for children aged 3 and up. It features a wrist-mounted launcher that shoots soft foam bullets. The toy includes a set of orange foam bullets and is intended for cooperative play. It operates using a buckle launch mechanism and does not require batteries.</p><ul><li>Wrist-mounted launcher with buckle attachment</li><li>Includes 10 orange foam bullets</li><li>Soft foam bullets for safe play</li><li>Designed for children aged 3 and up</li><li>Cooperative play for two players</li></ul><p><strong>What's included:</strong></p><ul><li>Wrist transmitter toy</li><li>10 orange foam bullets</li><li>Instruction manual</li></ul>,The Toy Gift Shop,,Battle & Action Play,"age:3-5, feature:new, occasion:birthday, occasion:eid, play:games, sub:Battle Play",FALSE,Title,Default Title,TGS-SUPERHERO-WRIST,,shopify,3,deny,manual,1150.00,,TRUE,TRUE,output/TGS-SUPERHERO-WRIST/CatalogClean.png,1,Super Hero Wrist Transmitter Toy with foam bullets and packaging.,FALSE,Super Hero Wrist Transmitter Toy in Pakistan | Toy Gift Shop,Super Hero Wrist Transmitter Toy for ages 3+. Shoots soft foam bullets. Includes 10 bullets. Perfect for cooperative play. No batteries needed.,draft
superhero-wrist-transmitter,,,,,,,,,,,,,,,,,,,,output/TGS-SUPERHERO-WRIST/CatalogHero_wm.png,2,Super Hero Wrist Transmitter Toy with foam bullets and packaging.,,,,
superhero-wrist-transmitter,,,,,,,,,,,,,,,,,,,,output/TGS-SUPERHERO-WRIST/Box_wm.png,3,Super Hero Wrist Transmitter Toy with foam bullets and packaging.,,,,
superhero-wrist-transmitter,,,,,,,,,,,,,,,,,,,,output/TGS-SUPERHERO-WRIST/Hero_titled.png,4,Super Hero Wrist Transmitter Toy with foam bullets and packaging.,,,,
superhero-wrist-transmitter,,,,,,,,,,,,,,,,,,,,output/TGS-SUPERHERO-WRIST/FeatureCard.png,5,Super Hero Wrist Transmitter Toy with foam bullets and packaging.,,,,
teacher-laptop-educational-toy,Teacher Laptop – Quran Learning Toy Laptop,"<p>The Teacher Laptop (المعلم لاب توب, model GS20931) is a toy laptop for Quran learning: one touch on a key plays a surah or a dua, with Arabic labels across the screen and keyboard. The box calls it the modern way of electronic learning. It needs 3 x AA batteries, which are not included. Not suitable for children under 3, as it has small parts.</p><ul><li>One touch plays a surah or a dua</li><li>Arabic labels on the screen and keyboard</li><li>Folds like a laptop</li><li>Needs 3 x AA batteries (not included)</li><li>Ages 3+ as printed on the box</li></ul><p><strong>What's included:</strong></p><ul><li>Teacher Laptop toy</li></ul>",The Toy Gift Shop,,Educational Toys,"age:3-5, feature:new, occasion:birthday, occasion:eid, play:build, sub:Learning Toys",FALSE,Title,Default Title,TGS-TEACHER-LAPTOP,,shopify,3,deny,manual,3250.00,,TRUE,TRUE,output/TGS-TEACHER-LAPTOP/CatalogClean.png,1,"A plastic toy laptop with a screen showing Arabic text and images, designed for Quran learning.",FALSE,Teacher Laptop in Pakistan | Toy Gift Shop,"Educational toy laptop for children aged 1-6 to learn Quran. Features Arabic text, images, and interactive buttons. Made of plastic, includes toy and box.",draft
teacher-laptop-educational-toy,,,,,,,,,,,,,,,,,,,,output/TGS-TEACHER-LAPTOP/CatalogHero_wm.png,2,"A plastic toy laptop with a screen showing Arabic text and images, designed for Quran learning.",,,,
teacher-laptop-educational-toy,,,,,,,,,,,,,,,,,,,,output/TGS-TEACHER-LAPTOP/Box_wm.png,3,"A plastic toy laptop with a screen showing Arabic text and images, designed for Quran learning.",,,,
teacher-laptop-educational-toy,,,,,,,,,,,,,,,,,,,,output/TGS-TEACHER-LAPTOP/Lifestyle_wm.png,4,"A plastic toy laptop with a screen showing Arabic text and images, designed for Quran learning.",,,,
teacher-laptop-educational-toy,,,,,,,,,,,,,,,,,,,,output/TGS-TEACHER-LAPTOP/Hero_titled.png,5,"A plastic toy laptop with a screen showing Arabic text and images, designed for Quran learning.",,,,
teacher-laptop-educational-toy,,,,,,,,,,,,,,,,,,,,output/TGS-TEACHER-LAPTOP/FeatureCard.png,6,"A plastic toy laptop with a screen showing Arabic text and images, designed for Quran learning.",,,,
thomas-and-friends-building-blocks-toy-set,Thomas & Friends Orbit Building Blocks – 43 Pieces in a Backpack,"<p>A 43-piece Thomas &amp; Friends Orbit Building Blocks set: a blue Thomas engine, chunky blocks and a windmill piece, packed in a clear backpack bag with a zip and straps so it can be carried and tidied away. Ages 3+ as printed on the bag.</p><ul><li>43 pieces as printed on the bag</li><li>Blue Thomas engine and chunky blocks</li><li>Windmill piece to build with</li><li>Comes in a zip backpack bag</li><li>Ages 3+</li></ul><p><strong>What's included:</strong></p><ul><li>Thomas engine</li><li>Building blocks (43 pieces in total)</li><li>Backpack bag</li></ul>",The Toy Gift Shop,,Building & Construction Toys,"age:3-5, feature:new, occasion:birthday, occasion:eid, play:build, sub:Building Blocks",FALSE,Title,Default Title,TGS-THOMAS-FRIENDS-BUILDING,,shopify,2,deny,manual,4250.00,,TRUE,TRUE,output/TGS-THOMAS-FRIENDS-BUILDING/CatalogClean.png,1,Thomas & Friends Building Blocks Toy Set with Train and Tracks in red carrying bag.,FALSE,Thomas & Friends Building Blocks in Pakistan | Toy Gift Shop,Thomas & Friends Building Blocks Toy Set with Train and Tracks. Includes 43 pieces for children aged 3+. Build and play with Thomas and friends.,draft
thomas-and-friends-building-blocks-toy-set,,,,,,,,,,,,,,,,,,,,output/TGS-THOMAS-FRIENDS-BUILDING/CatalogHero_wm.png,2,Thomas & Friends Building Blocks Toy Set with Train and Tracks in red carrying bag.,,,,
thomas-and-friends-building-blocks-toy-set,,,,,,,,,,,,,,,,,,,,output/TGS-THOMAS-FRIENDS-BUILDING/Box_wm.png,3,Thomas & Friends Building Blocks Toy Set with Train and Tracks in red carrying bag.,,,,
thomas-and-friends-building-blocks-toy-set,,,,,,,,,,,,,,,,,,,,output/TGS-THOMAS-FRIENDS-BUILDING/Hero_titled.png,4,Thomas & Friends Building Blocks Toy Set with Train and Tracks in red carrying bag.,,,,
thomas-and-friends-building-blocks-toy-set,,,,,,,,,,,,,,,,,,,,output/TGS-THOMAS-FRIENDS-BUILDING/FeatureCard.png,5,Thomas & Friends Building Blocks Toy Set with Train and Tracks in red carrying bag.,,,,
toy-story-friction-car-woody,Disney Pixar Toy Story Friction Car – Woody's Truck,"<p>Woody&#x27;s pickup from Disney Pixar&#x27;s Toy Story, as an MKB friction car: push it along and let go, and it runs on by itself. Cow-print doors, a red hat on the roof and the sheriff&#x27;s badge on the side. The box shows five characters in the range; this one is Woody. Ages 3+.</p><ul><li>Woody&#x27;s pickup from Toy Story</li><li>Friction drive: push it and let go</li><li>Cow-print doors and a hat on the roof</li><li>Part of a five-character range</li><li>Ages 3+</li></ul><p><strong>What's included:</strong></p><ul><li>1 Toy Story friction car (Woody&#x27;s truck)</li></ul>",The Toy Gift Shop,,Cars & Vehicles,"age:3-5, feature:new, occasion:birthday, occasion:eid, play:vehicles, sub:Die-Cast Cars",FALSE,Title,Default Title,TGS-TOY-STORY-FRICTION,,shopify,3,deny,manual,1850.00,,TRUE,TRUE,output/TGS-TOY-STORY-FRICTION/CatalogClean.png,1,Toy Story Woody friction car in its open display box.,FALSE,Toy Story Friction Car in Pakistan | Toy Gift Shop,Disney Pixar Toy Story friction car: Woody's cow-print pickup. Push it and let go. Ages 3+.,draft
toy-story-friction-car-woody,,,,,,,,,,,,,,,,,,,,output/TGS-TOY-STORY-FRICTION/CatalogHero_wm.png,2,Toy Story Woody friction car in its open display box.,,,,
toy-story-friction-car-woody,,,,,,,,,,,,,,,,,,,,output/TGS-TOY-STORY-FRICTION/Box_wm.png,3,Toy Story Woody friction car in its open display box.,,,,
toy-story-friction-car-woody,,,,,,,,,,,,,,,,,,,,output/TGS-TOY-STORY-FRICTION/Hero_titled.png,4,Toy Story Woody friction car in its open display box.,,,,
toy-story-friction-car-woody,,,,,,,,,,,,,,,,,,,,output/TGS-TOY-STORY-FRICTION/FeatureCard.png,5,Toy Story Woody friction car in its open display box.,,,,
train-stacking-domino-toy,Train Stacking Domino Toy with 60 Pieces,"<p>A toy train with a vertical domino track that automatically places dominoes. It includes 60 domino pieces in red, green, and blue. The train has wheels and a domino placement mechanism. It is for children aged 3 and up.</p><ul><li>Plastic train body with wheels</li><li>60 domino pieces in red, green, and blue</li><li>Vertical domino track for automatic placement</li><li>Train has adjustable direction</li><li>Intended for children 3 years and older</li></ul><p><strong>What's included:</strong></p><ul><li>Domino train</li><li>60 dominoes</li></ul>",The Toy Gift Shop,,Novelty & Fun Toys,"age:3-5, feature:new, occasion:birthday, occasion:eid, play:games, sub:Novelty Toys",FALSE,Title,Default Title,TGS-TRAIN-STACKING,,shopify,3,deny,manual,2850.00,,TRUE,TRUE,output/TGS-TRAIN-STACKING/CatalogClean.png,1,"Train Stacking Domino Toy with 60 Pieces in red, green, and blue, shown with the train body and domino pieces.",FALSE,Train Stacking Toy in Pakistan | Toy Gift Shop,"Train Stacking Domino Toy with 60 Pieces. Automatic domino placement, adjustable direction, plastic construction, for ages 3+. Includes train, dominoes, and manual.",draft
train-stacking-domino-toy,,,,,,,,,,,,,,,,,,,,output/TGS-TRAIN-STACKING/CatalogHero_wm.png,2,"Train Stacking Domino Toy with 60 Pieces in red, green, and blue, shown with the train body and domino pieces.",,,,
train-stacking-domino-toy,,,,,,,,,,,,,,,,,,,,output/TGS-TRAIN-STACKING/Angle_wm.png,3,"Train Stacking Domino Toy with 60 Pieces in red, green, and blue, shown with the train body and domino pieces.",,,,
train-stacking-domino-toy,,,,,,,,,,,,,,,,,,,,output/TGS-TRAIN-STACKING/Box_wm.png,4,"Train Stacking Domino Toy with 60 Pieces in red, green, and blue, shown with the train body and domino pieces.",,,,
train-stacking-domino-toy,,,,,,,,,,,,,,,,,,,,output/TGS-TRAIN-STACKING/Lifestyle_wm.png,5,"Train Stacking Domino Toy with 60 Pieces in red, green, and blue, shown with the train body and domino pieces.",,,,
train-stacking-domino-toy,,,,,,,,,,,,,,,,,,,,output/TGS-TRAIN-STACKING/Hero_titled.png,6,"Train Stacking Domino Toy with 60 Pieces in red, green, and blue, shown with the train body and domino pieces.",,,,
train-stacking-domino-toy,,,,,,,,,,,,,,,,,,,,output/TGS-TRAIN-STACKING/FeatureCard.png,7,"Train Stacking Domino Toy with 60 Pieces in red, green, and blue, shown with the train body and domino pieces.",,,,
unicorn-makeup-case,Unicorn Makeup Case with 16-Piece Toy Makeup Set,"<p>A pink glittery toy makeup case with a unicorn design on the front. The case opens to reveal a white foam insert holding 16 pieces of pretend makeup, including brushes, a mirror, and glitter. It is designed for pretend play and role play.</p><ul><li>Pink glittery plastic exterior</li><li>16-piece toy makeup set included</li><li>Includes pink-handled brushes and a mirror</li><li>Foam insert holds all items securely</li><li>For pretend play and role play</li></ul><p><strong>What's included:</strong></p><ul><li>1 pink glittery makeup case</li><li>1 mirror</li><li>4 pink-handled brushes</li><li>1 purple glittery hair clip</li><li>1 eyeshadow palette with 12 colors</li><li>2 glitter bottles</li><li>1 glitter jar</li><li>1 glitter tray</li><li>1 small brush</li><li>1 eyeliner brush</li><li>1 brow brush</li><li>1 sponge</li><li>1 glitter pen</li><li>1 glitter bottle</li><li>1 glitter tray</li><li>1 glitter jar</li></ul>",The Toy Gift Shop,,Pretend Play & Role Play,"age:3-5, feature:new, occasion:birthday, occasion:eid, play:pretend, sub:Makeup Sets",FALSE,Title,Default Title,TGS-UNICORN-MAKEUP-CASE,,shopify,2,deny,manual,3250.00,,TRUE,TRUE,output/TGS-UNICORN-MAKEUP-CASE/CatalogClean.png,1,Pink glittery unicorn-themed makeup case with 16-piece toy makeup set.,FALSE,Unicorn Makeup Case in Pakistan | Toy Gift Shop,"Pink glittery unicorn-themed makeup case with 16-piece toy makeup set for pretend play and role play. Includes brushes, mirror, and glitter.",draft
unicorn-makeup-case,,,,,,,,,,,,,,,,,,,,output/TGS-UNICORN-MAKEUP-CASE/CatalogHero_wm.png,2,Pink glittery unicorn-themed makeup case with 16-piece toy makeup set.,,,,
unicorn-makeup-case,,,,,,,,,,,,,,,,,,,,output/TGS-UNICORN-MAKEUP-CASE/Angle_wm.png,3,Pink glittery unicorn-themed makeup case with 16-piece toy makeup set.,,,,
unicorn-makeup-case,,,,,,,,,,,,,,,,,,,,output/TGS-UNICORN-MAKEUP-CASE/Open_wm.png,4,Pink glittery unicorn-themed makeup case with 16-piece toy makeup set.,,,,
unicorn-makeup-case,,,,,,,,,,,,,,,,,,,,output/TGS-UNICORN-MAKEUP-CASE/Lifestyle_wm.png,5,Pink glittery unicorn-themed makeup case with 16-piece toy makeup set.,,,,
unicorn-makeup-case,,,,,,,,,,,,,,,,,,,,output/TGS-UNICORN-MAKEUP-CASE/Hero_titled.png,6,Pink glittery unicorn-themed makeup case with 16-piece toy makeup set.,,,,
unicorn-makeup-case,,,,,,,,,,,,,,,,,,,,output/TGS-UNICORN-MAKEUP-CASE/FeatureCard.png,7,Pink glittery unicorn-themed makeup case with 16-piece toy makeup set.,,,,
unicorn-night-light,Unicorn Night Light with Charging Cable,"<p>A squishy unicorn night light (model ZH-139) with a rainbow horn and sleepy closed eyes. It gives a soft 2W glow and charges by USB, and the box says to charge it before first use. About 92 x 131.5 x 139 mm, so it sits nicely on a bedside table.</p><ul><li>Squishy unicorn with a rainbow horn</li><li>Soft glow, 2W</li><li>Charge before first use, USB cable included</li><li>About 92 x 131.5 x 139 mm</li><li>Model ZH-139</li></ul><p><strong>What's included:</strong></p><ul><li>Unicorn night light</li><li>USB charging cable</li></ul>",The Toy Gift Shop,,Novelty & Fun Toys,"age:3-5, feature:new, occasion:birthday, occasion:eid, play:games, sub:Night Lights",FALSE,Title,Default Title,TGS-UNICORN-NIGHTLIGHT,,shopify,5,deny,manual,2650.00,,TRUE,TRUE,output/TGS-UNICORN-NIGHTLIGHT/CatalogClean.png,1,"A white unicorn night light with a rainbow horn and closed eyes, sitting next to its blue packaging box.",FALSE,Unicorn Night Light in Pakistan | Toy Gift Shop,"A white squishy unicorn night light with rainbow horn, designed for children's rooms. Includes charging cable. Made in China.",draft
unicorn-night-light,,,,,,,,,,,,,,,,,,,,output/TGS-UNICORN-NIGHTLIGHT/CatalogHero_wm.png,2,"A white unicorn night light with a rainbow horn and closed eyes, sitting next to its blue packaging box.",,,,
unicorn-night-light,,,,,,,,,,,,,,,,,,,,output/TGS-UNICORN-NIGHTLIGHT/Box_wm.png,3,"A white unicorn night light with a rainbow horn and closed eyes, sitting next to its blue packaging box.",,,,
unicorn-night-light,,,,,,,,,,,,,,,,,,,,output/TGS-UNICORN-NIGHTLIGHT/Lifestyle_wm.png,4,"A white unicorn night light with a rainbow horn and closed eyes, sitting next to its blue packaging box.",,,,
unicorn-night-light,,,,,,,,,,,,,,,,,,,,output/TGS-UNICORN-NIGHTLIGHT/Hero_titled.png,5,"A white unicorn night light with a rainbow horn and closed eyes, sitting next to its blue packaging box.",,,,
unicorn-night-light,,,,,,,,,,,,,,,,,,,,output/TGS-UNICORN-NIGHTLIGHT/FeatureCard.png,6,"A white unicorn night light with a rainbow horn and closed eyes, sitting next to its blue packaging box.",,,,
vending-machine-toy,Vending Machine Toy with Sound Effects and Drink Dispenser,"<p>This toy vending machine is a plastic replica with a coin slot, drink dispensers, and sound effects. It includes drink cans and cups for pretend play. The machine has a green and white color scheme with yellow buttons. It is designed for children to simulate buying drinks.</p><ul><li>Made of plastic</li><li>Includes drink cans and cups</li><li>Has yellow buttons and a coin slot</li><li>Features sound effects</li><li>Intended for pretend play</li></ul><p><strong>What's included:</strong></p><ul><li>Vending machine toy</li><li>Drink cans</li><li>Drink cups</li></ul>",The Toy Gift Shop,,Pretend Play & Role Play,"age:3-5, feature:new, occasion:birthday, occasion:eid, play:pretend, sub:Role Play Sets",FALSE,Title,Default Title,TGS-VENDING,,shopify,2,deny,manual,5800.00,,TRUE,TRUE,output/TGS-VENDING/CatalogClean.png,1,A green and white plastic vending machine toy with drink cans and cups for pretend play.,FALSE,Vending Machine Toy in Pakistan | Toy Gift Shop,"Vending Machine Toy with sound effects, drink dispensers, and pretend play accessories. Perfect for children ages 3+ to simulate buying drinks.",draft
vending-machine-toy,,,,,,,,,,,,,,,,,,,,output/TGS-VENDING/CatalogHero_wm.png,2,A green and white plastic vending machine toy with drink cans and cups for pretend play.,,,,
vending-machine-toy,,,,,,,,,,,,,,,,,,,,output/TGS-VENDING/Open_wm.png,3,A green and white plastic vending machine toy with drink cans and cups for pretend play.,,,,
vending-machine-toy,,,,,,,,,,,,,,,,,,,,output/TGS-VENDING/Box_wm.png,4,A green and white plastic vending machine toy with drink cans and cups for pretend play.,,,,
vending-machine-toy,,,,,,,,,,,,,,,,,,,,output/TGS-VENDING/Hero_titled.png,5,A green and white plastic vending machine toy with drink cans and cups for pretend play.,,,,
vending-machine-toy,,,,,,,,,,,,,,,,,,,,output/TGS-VENDING/FeatureCard.png,6,A green and white plastic vending machine toy with drink cans and cups for pretend play.,,,,
whoosh-classic-legends-drift-car,1:43 Scale Classic Legends RC Drift Car with Remote Control,"<p>This 1:43 scale remote-controlled drift car is designed for indoor and outdoor play. It features a 4WD system and gyroscopic control for drifting. The car is made of plastic and includes a remote controller, batteries, and extra parts. It is suitable for ages 8 and up.</p><ul><li>Plastic body with chrome finish</li><li>1:43 scale model</li><li>4WD and gyroscopic drift control</li><li>Includes remote controller, 3.7V Li-ion battery pack, screws, USB cable, and 4 wheels</li><li>Intended for ages 8 and up</li></ul><p><strong>What's included:</strong></p><ul><li>RC drift car</li><li>Remote controller</li><li>Spare drift tire</li><li>Screws</li><li>USB cable</li><li>Instruction manual</li></ul>",The Toy Gift Shop,,RC & Remote Control Toys,"age:8+, feature:new, occasion:birthday, occasion:eid, play:vehicles, sub:RC Vehicles",FALSE,Title,Default Title,TGS-DRIFT-LEGENDS-RC,,shopify,2,deny,manual,11400.00,,TRUE,TRUE,output/TGS-DRIFT-LEGENDS-RC/CatalogClean.png,1,1:43 scale remote-controlled drift car with remote controller and extra parts in packaging.,FALSE,1:43 Scale Classic Legends RC Drift Car with Remote Control | Toy Gift Shop,"1:43 scale classic legends RC drift car with remote control, 4WD, gyro, for ages 8+, includes batteries and extra parts.",draft
whoosh-classic-legends-drift-car,,,,,,,,,,,,,,,,,,,,output/TGS-DRIFT-LEGENDS-RC/CatalogHero_wm.png,2,1:43 scale remote-controlled drift car with remote controller and extra parts in packaging.,,,,
whoosh-classic-legends-drift-car,,,,,,,,,,,,,,,,,,,,output/TGS-DRIFT-LEGENDS-RC/Box_wm.png,3,1:43 scale remote-controlled drift car with remote controller and extra parts in packaging.,,,,
whoosh-classic-legends-drift-car,,,,,,,,,,,,,,,,,,,,output/TGS-DRIFT-LEGENDS-RC/Hero_titled.png,4,1:43 scale remote-controlled drift car with remote controller and extra parts in packaging.,,,,
whoosh-classic-legends-drift-car,,,,,,,,,,,,,,,,,,,,output/TGS-DRIFT-LEGENDS-RC/FeatureCard.png,5,1:43 scale remote-controlled drift car with remote controller and extra parts in packaging.,,,,
wooden-marble-balance-tower-game,Game of Marbles – Wooden Balance Tower,"<p>A wooden balance tower game: hang the little cups on the tree&#x27;s pegs and drop the marbles in, without tipping the tower over. Each cup is painted with a different symbol. A quiet game of steady hands.</p><ul><li>Wooden tree with hanging cups</li><li>Drop the marbles in without tipping it</li><li>Painted symbols on each cup</li><li>Builds steady hands and patience</li><li>For two or more players</li></ul><p><strong>What's included:</strong></p><ul><li>Wooden tower with base</li><li>Hanging cups</li><li>Marbles</li></ul>",The Toy Gift Shop,,Board Games,"age:5-8, feature:new, occasion:birthday, occasion:eid, play:games, sub:Family Board Games",FALSE,Title,Default Title,TGS-WD-MARBLE-BALANCE,,shopify,2,deny,manual,1450.00,,TRUE,TRUE,output/TGS-WD-MARBLE-BALANCE/CatalogClean.png,1,A wooden marble balance tower game with rotating cups and marbles on a white surface.,FALSE,Wooden Marble Balance Tower Game in Pakistan | Toy Gift Shop,"Wooden Marble Balance Tower Game for children aged 3+. A fun, educational toy with rotating cups and marbles. Great for developing hand-eye coordination.",draft
wooden-marble-balance-tower-game,,,,,,,,,,,,,,,,,,,,output/TGS-WD-MARBLE-BALANCE/CatalogHero_wm.png,2,A wooden marble balance tower game with rotating cups and marbles on a white surface.,,,,
wooden-marble-balance-tower-game,,,,,,,,,,,,,,,,,,,,output/TGS-WD-MARBLE-BALANCE/Angle_wm.png,3,A wooden marble balance tower game with rotating cups and marbles on a white surface.,,,,
wooden-marble-balance-tower-game,,,,,,,,,,,,,,,,,,,,output/TGS-WD-MARBLE-BALANCE/Box_wm.png,4,A wooden marble balance tower game with rotating cups and marbles on a white surface.,,,,
wooden-marble-balance-tower-game,,,,,,,,,,,,,,,,,,,,output/TGS-WD-MARBLE-BALANCE/Lifestyle_wm.png,5,A wooden marble balance tower game with rotating cups and marbles on a white surface.,,,,
wooden-marble-balance-tower-game,,,,,,,,,,,,,,,,,,,,output/TGS-WD-MARBLE-BALANCE/Hero_titled.png,6,A wooden marble balance tower game with rotating cups and marbles on a white surface.,,,,
wooden-marble-balance-tower-game,,,,,,,,,,,,,,,,,,,,output/TGS-WD-MARBLE-BALANCE/FeatureCard.png,7,A wooden marble balance tower game with rotating cups and marbles on a white surface.,,,,
wooden-shape-sorter-house,ViVi Wood Toy Digital Shape Smart House – Wooden Shape and Number Sorter,<p>This wooden shape sorter house is designed for toddlers to match colorful shapes into corresponding holes. The house has a blue roof with three shapes and a beige body with three large number shapes. It is made of painted wood and includes a handle for portability. The toy helps develop hand-eye coordination and shape recognition.</p><ul><li>Made of painted wood</li><li>Handle for carrying</li><li>Shape and number blocks to sort</li><li>For toddlers</li><li>Teaches shapes and numbers</li></ul><p><strong>What's included:</strong></p><ul><li>Wooden shape sorter house</li><li>Shape and number blocks</li></ul>,The Toy Gift Shop,,Baby & Toddler Toys,"age:1-3, feature:new, occasion:birthday, occasion:eid, play:pretend, sub:Baby Toys",FALSE,Title,Default Title,TGS-WD-SHAPE-SORTER,,shopify,2,deny,manual,2250.00,,TRUE,TRUE,output/TGS-WD-SHAPE-SORTER/CatalogClean.png,1,A wooden shape sorter house with colorful shapes and numbers for toddlers.,FALSE,ViVi Wood Toy Digital Shape Smart House in Pakistan | Toy Gift Shop,"ViVi Wood Toy Digital Shape Smart House: a wooden house to sort shapes and numbers. Builds shape recognition, hand-eye coordination and observation.",draft
wooden-shape-sorter-house,,,,,,,,,,,,,,,,,,,,output/TGS-WD-SHAPE-SORTER/CatalogHero_wm.png,2,A wooden shape sorter house with colorful shapes and numbers for toddlers.,,,,
wooden-shape-sorter-house,,,,,,,,,,,,,,,,,,,,output/TGS-WD-SHAPE-SORTER/Angle_wm.png,3,A wooden shape sorter house with colorful shapes and numbers for toddlers.,,,,
wooden-shape-sorter-house,,,,,,,,,,,,,,,,,,,,output/TGS-WD-SHAPE-SORTER/Box_wm.png,4,A wooden shape sorter house with colorful shapes and numbers for toddlers.,,,,
wooden-shape-sorter-house,,,,,,,,,,,,,,,,,,,,output/TGS-WD-SHAPE-SORTER/Lifestyle_wm.png,5,A wooden shape sorter house with colorful shapes and numbers for toddlers.,,,,
wooden-shape-sorter-house,,,,,,,,,,,,,,,,,,,,output/TGS-WD-SHAPE-SORTER/Hero_titled.png,6,A wooden shape sorter house with colorful shapes and numbers for toddlers.,,,,
wooden-shape-sorter-house,,,,,,,,,,,,,,,,,,,,output/TGS-WD-SHAPE-SORTER/FeatureCard.png,7,A wooden shape sorter house with colorful shapes and numbers for toddlers.,,,,
xwarrior-hero-elite-flame,X Warrior Hero Toy Blaster with 6 Dart Bullets,<p>This toy blaster is made of hard plastic. It has a pull-back mechanism to load and fire darts. The blaster comes with six blue and orange dart bullets. It is designed for children aged 8 and up for indoor or outdoor play.</p><ul><li>Hard plastic construction</li><li>Pull-back loading mechanism</li><li>Six included dart bullets</li><li>Designed for ages 8+</li><li>Includes toy blaster and darts</li></ul><p><strong>What's included:</strong></p><ul><li>1 Toy Blaster</li><li>6 Dart Bullets</li></ul>,The Toy Gift Shop,,Battle & Action Play,"age:8+, feature:new, occasion:birthday, occasion:eid, play:games, sub:Battle Play",FALSE,Title,Default Title,TGS-XWARRIOR-ELITE-FLAME,,shopify,2,deny,manual,1450.00,,TRUE,TRUE,output/TGS-XWARRIOR-ELITE-FLAME/CatalogClean.png,1,X Warrior Hero toy blaster with 6 dart bullets on a white surface.,FALSE,X Warrior Hero Toy Blaster with 6 Dart Bullets | Toy Gift Shop,"X Warrior Hero toy blaster with 6 dart bullets. Hard plastic, pull-back loading, for ages 8+. Perfect for indoor or outdoor play.",draft
xwarrior-hero-elite-flame,,,,,,,,,,,,,,,,,,,,output/TGS-XWARRIOR-ELITE-FLAME/CatalogHero_wm.png,2,X Warrior Hero toy blaster with 6 dart bullets on a white surface.,,,,
xwarrior-hero-elite-flame,,,,,,,,,,,,,,,,,,,,output/TGS-XWARRIOR-ELITE-FLAME/Box_wm.png,3,X Warrior Hero toy blaster with 6 dart bullets on a white surface.,,,,
xwarrior-hero-elite-flame,,,,,,,,,,,,,,,,,,,,output/TGS-XWARRIOR-ELITE-FLAME/Lifestyle_wm.png,4,X Warrior Hero toy blaster with 6 dart bullets on a white surface.,,,,
xwarrior-hero-elite-flame,,,,,,,,,,,,,,,,,,,,output/TGS-XWARRIOR-ELITE-FLAME/Hero_titled.png,5,X Warrior Hero toy blaster with 6 dart bullets on a white surface.,,,,
xwarrior-hero-elite-flame,,,,,,,,,,,,,,,,,,,,output/TGS-XWARRIOR-ELITE-FLAME/FeatureCard.png,6,X Warrior Hero toy blaster with 6 dart bullets on a white surface.,,,,
zoto-brand-swimming-goggles-in-clear-case,ZOTO Brand Swimming Goggles in Clear Case,"<p>Zoto swimming goggles with blue lenses and a soft seal, in a clear case with a hanger so they dry and store neatly. The lenses come with a protective film marked Remove Before Use.</p><ul><li>Blue lenses with a soft seal</li><li>Adjustable strap</li><li>Clear case with a hanger</li><li>Peel the Remove Before Use film off the lenses first</li></ul><p><strong>What's included:</strong></p><ul><li>Swimming goggles</li><li>Clear case</li></ul>",The Toy Gift Shop,,Water & Beach Toys,"age:3-5, feature:new, occasion:birthday, occasion:eid, play:outdoor, sub:Swim Gear",FALSE,Title,Default Title,TGS-SWIMMING-GOGGLES,,shopify,3,deny,manual,1450.00,,TRUE,TRUE,output/TGS-SWIMMING-GOGGLES/CatalogClean.png,1,ZOTO brand swimming goggles in clear plastic case with blue lenses and protective film.,FALSE,Swimming Goggles in Pakistan | Toy Gift Shop,ZOTO brand swimming goggles for children with clear plastic frame and blue lenses. Includes carrying case and protective film. Ideal for water and beach play.,draft
zoto-brand-swimming-goggles-in-clear-case,,,,,,,,,,,,,,,,,,,,output/TGS-SWIMMING-GOGGLES/CatalogHero_wm.png,2,ZOTO brand swimming goggles in clear plastic case with blue lenses and protective film.,,,,
zoto-brand-swimming-goggles-in-clear-case,,,,,,,,,,,,,,,,,,,,output/TGS-SWIMMING-GOGGLES/Open_wm.png,3,ZOTO brand swimming goggles in clear plastic case with blue lenses and protective film.,,,,
zoto-brand-swimming-goggles-in-clear-case,,,,,,,,,,,,,,,,,,,,output/TGS-SWIMMING-GOGGLES/Box_wm.png,4,ZOTO brand swimming goggles in clear plastic case with blue lenses and protective film.,,,,
zoto-brand-swimming-goggles-in-clear-case,,,,,,,,,,,,,,,,,,,,output/TGS-SWIMMING-GOGGLES/Hero_titled.png,5,ZOTO brand swimming goggles in clear plastic case with blue lenses and protective film.,,,,
zoto-brand-swimming-goggles-in-clear-case,,,,,,,,,,,,,,,,,,,,output/TGS-SWIMMING-GOGGLES/FeatureCard.png,6,ZOTO brand swimming goggles in clear plastic case with blue lenses and protective film.,,,,
