Handle,Title,Body (HTML),Vendor,Product Category,Type,Tags,Published,Option1 Name,Option1 Value,Variant SKU,Variant Barcode,Variant Inventory Tracker,Variant Inventory Qty,Variant Inventory Policy,Variant Fulfillment Service,Variant Price,Variant Compare At Price,Variant Requires Shipping,Variant Taxable,Image Src,Image Position,Image Alt Text,Gift Card,SEO Title,SEO Description,Status,Row Type,Units On Hand,Notes
tgs-baby-book,Baby Book Electronic Learning Toy with Sound,"<p>An electronic learning book with a carry handle and sound buttons. Pages cover numbers, letters, animals and more with interactive audio. For ages 3 and up.</p><ul><li>Electronic book with sound buttons</li><li>Carry handle for portability</li><li>Covers numbers, letters and animals</li><li>Interactive audio learning</li><li>For ages 3 and up</li></ul><p><strong>What's included:</strong></p><ul><li>1 electronic baby book</li></ul>",The Toy Gift Shop,,Educational Toys,"age:3-5, feature:new, occasion:birthday, occasion:eid, play:build, sub:Learning Toys",FALSE,Title,Default Title,TGS-BABY-BOOK,,shopify,3,deny,manual,2250.00,,TRUE,TRUE,output_pending/TGS-BABY-BOOK/angle2.jpg,1,Baby Book Electronic Learning Toy with Sound,FALSE,Baby Book Electronic Learning Toy in Pakistan | Toy Gift Shop,Baby Book electronic learning toy with sound buttons and carry handle. Ages 3+.,draft,active_unimaged,3,Priced & stocked; waiting on a generated CatalogHero/Lifestyle image.
tgs-baby-book,,,,,,,,,,,,,,,,,,,,output_pending/TGS-BABY-BOOK/angle3.jpg,2,Baby Book Electronic Learning Toy with Sound,,,,,active_unimaged,,
tgs-baby-book,,,,,,,,,,,,,,,,,,,,output_pending/TGS-BABY-BOOK/angle4.jpg,3,Baby Book Electronic Learning Toy with Sound,,,,,active_unimaged,,
tgs-bball-shooting,Basketball Shooting Machine with Dinosaur Character,<p>This toy basketball shooting machine features a green dinosaur character on top. It has a small basketball hoop and a digital display. The machine is operated by pressing a button to launch a basketball. It is designed for children aged 3 and up.</p><ul><li>Plastic construction with a dinosaur character</li><li>Small size suitable for children&#x27;s play</li><li>Includes basketball and launcher mechanism</li><li>Contains multiple basketballs and a black plastic tray</li><li>Intended for children aged 3 and older</li></ul><p><strong>What's included:</strong></p><ul><li>Basketball shooting machine</li><li>Basketball</li><li>Launcher button</li><li>Digital display</li><li>Multiple basketballs</li><li>Black plastic tray</li></ul>,The Toy Gift Shop,,Robots & Electronic Toys,"age:5-8, feature:new, occasion:birthday, occasion:eid, play:games, sub:Arcade Games",FALSE,Title,Default Title,TGS-BBALL-SHOOTING,,shopify,2,deny,manual,6250.00,,TRUE,TRUE,output_pending/TGS-BBALL-SHOOTING/angle2.jpg,1,Basketball Shooting Machine with Dinosaur Character,FALSE,Basketball Shooting Machine in Pakistan | Toy Gift Shop,A basketball shooting machine toy with a dinosaur character for children aged 3+. Includes basketballs and a launcher mechanism for fun play.,draft,active_unimaged,2,Priced & stocked; waiting on a generated CatalogHero/Lifestyle image.
tgs-bball-shooting,,,,,,,,,,,,,,,,,,,,output_pending/TGS-BBALL-SHOOTING/angle3.jpg,2,Basketball Shooting Machine with Dinosaur Character,,,,,active_unimaged,,
tgs-bball-shooting,,,,,,,,,,,,,,,,,,,,output_pending/TGS-BBALL-SHOOTING/angle4.jpg,3,Basketball Shooting Machine with Dinosaur Character,,,,,active_unimaged,,
tgs-catan,"Catan - Trade, Build, Settle Board Game","<p>Catan, the classic strategy board game of trading, building and settling the island of Catan. Collect resources, trade with opponents, and build roads and settlements to win. For ages 10 and up.</p><ul><li>Classic resource-trading strategy game</li><li>Build roads and settlements</li><li>For 3 to 4 players (extendable)</li><li>For ages 10 and up</li></ul><p><strong>What's included:</strong></p><ul><li>Game board hexagon tiles</li><li>Resource cards</li><li>Development cards</li><li>Roads and settlement pieces</li><li>Instructions</li></ul>",The Toy Gift Shop,,Board Games,"age:5-8, feature:new, occasion:birthday, occasion:eid, play:games, sub:Family Board Games",FALSE,Title,Default Title,TGS-CATAN,,shopify,3,deny,manual,5800.00,,TRUE,TRUE,output_pending/TGS-CATAN/angle2.jpg,1,"Catan - Trade, Build, Settle Board Game",FALSE,Catan Board Game in Pakistan | Toy Gift Shop,"Catan -- trade, build, settle. The classic strategy board game. Ages 10+.",draft,active_unimaged,3,Priced & stocked; waiting on a generated CatalogHero/Lifestyle image.
tgs-catan,,,,,,,,,,,,,,,,,,,,output_pending/TGS-CATAN/angle3.jpg,2,"Catan - Trade, Build, Settle Board Game",,,,,active_unimaged,,
tgs-catan,,,,,,,,,,,,,,,,,,,,output_pending/TGS-CATAN/front.jpg,3,"Catan - Trade, Build, Settle Board Game",,,,,active_unimaged,,
tgs-chess-checkers,Chess / Checkers 2-in-1 Magnetic Travel Set with Foldable Board,"<p>A 2-in-1 magnetic chess and checkers set with a foldable travel board. Includes black and white chess pieces and black and white checkers pieces, all magnetic for travel play.</p><ul><li>2-in-1 chess and checkers set</li><li>Magnetic pieces for travel play</li><li>Foldable board</li><li>Black and white piece sets included</li></ul><p><strong>What's included:</strong></p><ul><li>1 foldable magnetic board</li><li>Chess pieces (black and white)</li><li>Checkers pieces (black and white)</li></ul>",The Toy Gift Shop,,Board Games,"age:5-8, feature:new, occasion:birthday, occasion:eid, play:games, sub:Family Board Games",FALSE,Title,Default Title,TGS-CHESS-CHECKERS,,shopify,2,deny,manual,5850.00,,TRUE,TRUE,output_pending/TGS-CHESS-CHECKERS/angle2.jpg,1,Chess / Checkers 2-in-1 Magnetic Travel Set with Foldable Board,FALSE,Chess Checkers 2-in-1 Magnetic Set in Pakistan | Toy Gift Shop,Chess / Checkers 2-in-1 magnetic travel set with a foldable board.,draft,active_unimaged,2,Priced & stocked; waiting on a generated CatalogHero/Lifestyle image.
tgs-chess-checkers,,,,,,,,,,,,,,,,,,,,output_pending/TGS-CHESS-CHECKERS/angle3.jpg,2,Chess / Checkers 2-in-1 Magnetic Travel Set with Foldable Board,,,,,active_unimaged,,
tgs-chess-checkers,,,,,,,,,,,,,,,,,,,,output_pending/TGS-CHESS-CHECKERS/angle4.jpg,3,Chess / Checkers 2-in-1 Magnetic Travel Set with Foldable Board,,,,,active_unimaged,,
tgs-chicks-icebreaker,Chicks Icebreaker Adventure - Break the Ice Balance Game,<p>A break-the-ice balance game with a chick theme. Players take turns tapping out ice blocks from a hexagonal platform without letting the chick figures fall. Includes a spinner and windmill-style ice pick tools. For ages 3 and up.</p><ul><li>Hexagonal ice-block platform with chick figures</li><li>Includes spinner wheel and ice-pick tools</li><li>Break-the-ice balance gameplay</li><li>For 2 or more players</li><li>For ages 3 and up</li></ul><p><strong>What's included:</strong></p><ul><li>1 hexagonal ice platform</li><li>Ice block pieces</li><li>2 chick figures</li><li>Ice-pick tools</li><li>Spinner wheel</li></ul>,The Toy Gift Shop,,Board Games,"age:5-8, feature:new, occasion:birthday, occasion:eid, play:games, sub:Family Board Games",FALSE,Title,Default Title,TGS-CHICKS-ICEBREAKER,,shopify,1,deny,manual,1400.00,,TRUE,TRUE,output_pending/TGS-CHICKS-ICEBREAKER/angle2.jpg,1,Chicks Icebreaker Adventure - Break the Ice Balance Game,FALSE,Chicks Icebreaker Adventure Game in Pakistan | Toy Gift Shop,Chicks Icebreaker Adventure balance game - break the ice without dropping the chicks. Ages 3+.,draft,active_unimaged,1,Priced & stocked; waiting on a generated CatalogHero/Lifestyle image.
tgs-chicks-icebreaker,,,,,,,,,,,,,,,,,,,,output_pending/TGS-CHICKS-ICEBREAKER/angle3.jpg,2,Chicks Icebreaker Adventure - Break the Ice Balance Game,,,,,active_unimaged,,
tgs-chicks-icebreaker,,,,,,,,,,,,,,,,,,,,output_pending/TGS-CHICKS-ICEBREAKER/angle4.jpg,3,Chicks Icebreaker Adventure - Break the Ice Balance Game,,,,,active_unimaged,,
tgs-card-puzzle,Children's Puzzle Game Card Machine,<p>This is a children&#x27;s puzzle game machine with a pink and blue toy-like design. It has a screen and buttons. It comes with a separate box of puzzle cards. The box indicates it is for ages 3+.</p><ul><li>Made of plastic</li><li>Pink and blue color scheme</li><li>Includes a screen and buttons</li><li>Includes a box of puzzle cards</li><li>Intended for children ages 3+</li></ul><p><strong>What's included:</strong></p><ul><li>Card Machine toy</li><li>Box of puzzle cards</li></ul>,The Toy Gift Shop,,Board Games,"age:5-8, feature:new, occasion:birthday, occasion:eid, play:games, sub:Family Board Games",FALSE,Title,Default Title,TGS-CARD-PUZZLE,,shopify,1,deny,manual,2250.00,,TRUE,TRUE,output_pending/TGS-CARD-PUZZLE/angle2.jpg,1,Children's Puzzle Game Card Machine,FALSE,Children Card Machine Puzzle Game in Pakistan | Toy Gift Shop,A children's puzzle game card machine with puzzle cards for ages 3+. Plastic toy with screen and buttons. Great for learning and play.,draft,active_unimaged,1,Priced & stocked; waiting on a generated CatalogHero/Lifestyle image.
tgs-card-puzzle,,,,,,,,,,,,,,,,,,,,output_pending/TGS-CARD-PUZZLE/angle3.jpg,2,Children's Puzzle Game Card Machine,,,,,active_unimaged,,
tgs-card-puzzle,,,,,,,,,,,,,,,,,,,,output_pending/TGS-CARD-PUZZLE/angle4.jpg,3,Children's Puzzle Game Card Machine,,,,,active_unimaged,,
tgs-cnuno,CNUNO Family Card Game,"<p>CNUNO is a UNO-style matching and action-card family card game. Match colours and numbers, play action cards, and be first to empty your hand. For ages 7 and up.</p><ul><li>UNO-style matching card game</li><li>Colour and number matching gameplay</li><li>Action cards for twists</li><li>For 2 to 10 players</li><li>For ages 7 and up</li></ul><p><strong>What's included:</strong></p><ul><li>1 deck of CNUNO cards</li><li>Instructions</li></ul>",The Toy Gift Shop,,Board Games,"age:5-8, feature:new, occasion:birthday, occasion:eid, play:games, sub:Family Board Games",FALSE,Title,Default Title,TGS-CNUNO,,shopify,3,deny,manual,480.00,,TRUE,TRUE,output_pending/TGS-CNUNO/angle2.jpg,1,CNUNO Family Card Game,FALSE,CNUNO Family Card Game in Pakistan | Toy Gift Shop,CNUNO family card game -- colour and number matching with action cards. Ages 7+.,draft,active_unimaged,3,Priced & stocked; waiting on a generated CatalogHero/Lifestyle image.
tgs-cnuno,,,,,,,,,,,,,,,,,,,,output_pending/TGS-CNUNO/angle3.jpg,2,CNUNO Family Card Game,,,,,active_unimaged,,
tgs-cnuno,,,,,,,,,,,,,,,,,,,,output_pending/TGS-CNUNO/front.jpg,3,CNUNO Family Card Game,,,,,active_unimaged,,
tgs-cube-squeeze-fidget,Cube Squeeze Ball - Super Solid Squish Toy,"<p>A soft, squishy cube toy that can be squeezed and compressed. It is made of a flexible, solid material. The toy is designed for sensory play and fidgeting. It comes in various colors including green glitter, pink, and orange swirl. It is for children aged 3 and up.</p><ul><li>Made of flexible solid material</li><li>Approximately 3 inches (7.6 cm) cube</li><li>Single piece, no moving parts</li><li>Includes one cube toy</li><li>Intended for children 3 years and older</li></ul><p><strong>What's included:</strong></p><ul><li>1 Cube Squeeze Ball</li></ul>",The Toy Gift Shop,,Sensory & Fidget Toys,"age:3-5, feature:new, occasion:birthday, occasion:eid, play:games, sub:Squishies",FALSE,Title,Default Title,TGS-CUBE-SQUEEZE-FIDGET,,shopify,23,deny,manual,2250.00,,TRUE,TRUE,output_pending/TGS-CUBE-SQUEEZE-FIDGET/angle2.jpg,1,Cube Squeeze Ball - Super Solid Squish Toy,FALSE,Super Solid Squish Cube Squeeze Toy in Pakistan | Toy Gift Shop,"A soft, solid, squishy cube fidget toy for sensory play. Comes in green glitter, pink, and orange swirl. Ages 3+.",draft,active_unimaged,23,Priced & stocked; waiting on a generated CatalogHero/Lifestyle image.
tgs-cube-squeeze-fidget,,,,,,,,,,,,,,,,,,,,output_pending/TGS-CUBE-SQUEEZE-FIDGET/angle3.jpg,2,Cube Squeeze Ball - Super Solid Squish Toy,,,,,active_unimaged,,
tgs-cube-squeeze-fidget,,,,,,,,,,,,,,,,,,,,output_pending/TGS-CUBE-SQUEEZE-FIDGET/angle4.jpg,3,Cube Squeeze Ball - Super Solid Squish Toy,,,,,active_unimaged,,
tgs-diy-mag-levitatio,DIY Magnetic Levitation Train Track with 55 Pieces for Ages 3+,"<p>This DIY magnetic train track set includes 55 pieces that can be assembled to create a levitating train route. The train runs on magnetic rails and can be charged via a Type C cable. It is designed for children aged 3 and up. The set includes various track pieces, trees, and stop signs.</p><ul><li>Made of plastic</li><li>55 pieces included</li><li>Train runs on magnetic rails</li><li>Includes stop signs and trees</li><li>For ages 3 and up</li></ul><p><strong>What's included:</strong></p><ul><li>Train</li><li>Track pieces</li><li>Trees</li><li>Stop signs</li><li>Charging cable</li><li>Instructions</li></ul>",The Toy Gift Shop,,Novelty & Fun Toys,"age:3-5, feature:new, occasion:birthday, occasion:eid, play:games, sub:Novelty Toys",FALSE,Title,Default Title,TGS-DIY-MAG-LEVITATIO,,shopify,1,deny,manual,4850.00,,TRUE,TRUE,output_pending/TGS-DIY-MAG-LEVITATIO/angle2.jpg,1,DIY Magnetic Levitation Train Track with 55 Pieces for Ages 3+,FALSE,Diy Magnetic Levitation Train Track in Pakistan | Toy Gift Shop,"DIY Magnetic Levitation Train Track with 55 pieces. Assemble your own magnetic train route. Ages 3+. Includes train, track, trees, and stop signs.",draft,active_unimaged,1,Priced & stocked; waiting on a generated CatalogHero/Lifestyle image.
tgs-diy-mag-levitatio,,,,,,,,,,,,,,,,,,,,output_pending/TGS-DIY-MAG-LEVITATIO/angle3.jpg,2,DIY Magnetic Levitation Train Track with 55 Pieces for Ages 3+,,,,,active_unimaged,,
tgs-diy-mag-levitatio,,,,,,,,,,,,,,,,,,,,output_pending/TGS-DIY-MAG-LEVITATIO/front.jpg,3,DIY Magnetic Levitation Train Track with 55 Pieces for Ages 3+,,,,,active_unimaged,,
tgs-diy-railcar-force,"DIY Railcar Magnetic Force Track Set, 55 Pieces","<p>A DIY magnetic railcar track set with 55 pieces, including loop track sections, a bridge, road signs and traffic lights. The railcar uses magnetic adsorption to travel upside-down and across loops. For ages 3 and up.</p><ul><li>55-piece DIY magnetic track set</li><li>Magnetic adsorption for anti-gravity walking</li><li>Includes bridge, traffic lights and road signs</li><li>Build your own loop track layout</li><li>For ages 3 and up</li></ul><p><strong>What's included:</strong></p><ul><li>Railcar</li><li>Track pieces (orange, blue, green)</li><li>Bridge sections</li><li>Road signs and traffic lights</li><li>Connector pieces</li></ul>",The Toy Gift Shop,,Novelty & Fun Toys,"age:3-5, feature:new, occasion:birthday, occasion:eid, play:games, sub:Novelty Toys",FALSE,Title,Default Title,TGS-DIY-RAILCAR-FORCE,,shopify,3,deny,manual,8300.00,,TRUE,TRUE,output_pending/TGS-DIY-RAILCAR-FORCE/angle2.jpg,1,"DIY Railcar Magnetic Force Track Set, 55 Pieces",FALSE,DIY Railcar Magnetic Force Track Set in Pakistan | Toy Gift Shop,"DIY Railcar Magnetic Force track set with 55 pieces, bridge and road signs. Magnetic anti-gravity walking. Ages 3+.",draft,active_unimaged,3,Priced & stocked; waiting on a generated CatalogHero/Lifestyle image.
tgs-diy-railcar-force,,,,,,,,,,,,,,,,,,,,output_pending/TGS-DIY-RAILCAR-FORCE/angle3.jpg,2,"DIY Railcar Magnetic Force Track Set, 55 Pieces",,,,,active_unimaged,,
tgs-diy-railcar-force,,,,,,,,,,,,,,,,,,,,output_pending/TGS-DIY-RAILCAR-FORCE/angle4.jpg,3,"DIY Railcar Magnetic Force Track Set, 55 Pieces",,,,,active_unimaged,,
tgs-doctor-play-set,Family Doctor Play Set with Carry Case,"<p>A doctor role-play set in a carry case shaped like a medical bag. Includes glasses, a stethoscope, a thermometer, a toy syringe, scissors and a doctor toy medicine box. Available in pink and blue. For ages 3 and up.</p><ul><li>Carry case shaped like a doctor&#x27;s bag</li><li>Includes stethoscope, glasses and thermometer</li><li>Includes toy syringe and scissors</li><li>Doctor toy medicine box included</li><li>For ages 3 and up</li></ul><p><strong>What's included:</strong></p><ul><li>Carry case</li><li>Toy glasses</li><li>Toy stethoscope</li><li>Toy thermometer</li><li>Toy syringe</li><li>Toy scissors</li><li>Doctor toy medicine box</li></ul>",The Toy Gift Shop,,Pretend Play & Role Play,"age:3-5, feature:new, occasion:birthday, occasion:eid, play:pretend, sub:Doctor & Medical Sets",FALSE,Title,Default Title,TGS-DOCTOR-PLAY-SET,,shopify,2,deny,manual,1950.00,,TRUE,TRUE,output_pending/TGS-DOCTOR-PLAY-SET/angle2.jpg,1,Family Doctor Play Set with Carry Case,FALSE,Family Doctor Play Set in Pakistan | Toy Gift Shop,"Family Doctor play set with carry case, stethoscope, glasses and more. Pink or blue. Ages 3+.",draft,active_unimaged,2,Priced & stocked; waiting on a generated CatalogHero/Lifestyle image.
tgs-doctor-play-set,,,,,,,,,,,,,,,,,,,,output_pending/TGS-DOCTOR-PLAY-SET/angle3.jpg,2,Family Doctor Play Set with Carry Case,,,,,active_unimaged,,
tgs-doctor-play-set,,,,,,,,,,,,,,,,,,,,output_pending/TGS-DOCTOR-PLAY-SET/front.jpg,3,Family Doctor Play Set with Carry Case,,,,,active_unimaged,,
tgs-domino-colored,Colored Domino Toppling Block Set,<p>A set of colourful rectangular domino blocks for building and toppling chain reactions. Arrange the blocks in a line or pattern and watch them fall. For ages 3 and up.</p><ul><li>Colourful plastic domino blocks</li><li>Build and topple chain-reaction games</li><li>Encourages fine motor skills</li><li>For ages 3 and up</li></ul><p><strong>What's included:</strong></p><ul><li>Colored domino blocks</li></ul>,The Toy Gift Shop,,Board Games,"age:5-8, feature:new, occasion:birthday, occasion:eid, play:games, sub:Family Board Games",FALSE,Title,Default Title,TGS-DOMINO-COLORED,,shopify,9,deny,manual,850.00,,TRUE,TRUE,output_pending/TGS-DOMINO-COLORED/angle2.jpg,1,Colored Domino Toppling Block Set,FALSE,Colored Domino Toppling Block Set in Pakistan | Toy Gift Shop,Colored Domino toppling block set for building and knocking down chain reactions. Ages 3+.,draft,active_unimaged,9,Priced & stocked; waiting on a generated CatalogHero/Lifestyle image.
tgs-domino-colored,,,,,,,,,,,,,,,,,,,,output_pending/TGS-DOMINO-COLORED/angle3.jpg,2,Colored Domino Toppling Block Set,,,,,active_unimaged,,
tgs-domino-colored,,,,,,,,,,,,,,,,,,,,output_pending/TGS-DOMINO-COLORED/angle4.jpg,3,Colored Domino Toppling Block Set,,,,,active_unimaged,,
tgs-dominoes-color-dot,"Double Six Color Dot Dominoes, 28 Tiles","<p>A classic set of 28 double-six dominoes with colour-coded dots for easier counting, in a metal storage tin. For ages 5 and up.</p><ul><li>28 double-six domino tiles</li><li>Colour-coded dots for easy counting</li><li>Metal storage tin included</li><li>For ages 5 and up</li></ul><p><strong>What's included:</strong></p><ul><li>28 domino tiles</li><li>1 metal storage tin</li></ul>",The Toy Gift Shop,,Board Games,"age:5-8, feature:new, occasion:birthday, occasion:eid, play:games, sub:Family Board Games",FALSE,Title,Default Title,TGS-DOMINOES-COLOR-DOT,,shopify,1,deny,manual,2150.00,,TRUE,TRUE,output_pending/TGS-DOMINOES-COLOR-DOT/angle2.jpg,1,"Double Six Color Dot Dominoes, 28 Tiles",FALSE,Double Six Color Dot Dominoes in Pakistan | Toy Gift Shop,"Double Six Color Dot Dominoes, 28 tiles in a metal tin. Ages 5+.",draft,active_unimaged,1,Priced & stocked; waiting on a generated CatalogHero/Lifestyle image.
tgs-dominoes-color-dot,,,,,,,,,,,,,,,,,,,,output_pending/TGS-DOMINOES-COLOR-DOT/angle3.jpg,2,"Double Six Color Dot Dominoes, 28 Tiles",,,,,active_unimaged,,
tgs-dominoes-color-dot,,,,,,,,,,,,,,,,,,,,output_pending/TGS-DOMINOES-COLOR-DOT/front.jpg,3,"Double Six Color Dot Dominoes, 28 Tiles",,,,,active_unimaged,,
tgs-drawing-robot-jqr,Drawing Robot JQR-02 for Children's Painting Enlightenment Teaching,"<p>A blue, cartoon-style robot with a pen-like arm designed to draw based on cards. It is made of plastic and includes a card with an animal illustration. The robot is intended for children&#x27;s art education and is shown with a card labeled &#x27;hippo&#x27;.</p><ul><li>Made of plastic</li><li>Includes one drawing card</li><li>Has a pen-like drawing arm</li><li>Designed for children&#x27;s art activities</li><li>Features a cartoon animal face</li></ul><p><strong>What's included:</strong></p><ul><li>Drawing Robot JQR-02</li><li>One animal drawing card (hippo)</li></ul>",The Toy Gift Shop,,"Arts, Crafts & Creative Toys","age:3-5, feature:new, occasion:birthday, occasion:eid, play:build, sub:Art Sets",FALSE,Title,Default Title,TGS-DRAWING-ROBOT-JQR,,shopify,1,deny,manual,15600.00,,TRUE,TRUE,output_pending/TGS-DRAWING-ROBOT-JQR/angle2.jpg,1,Drawing Robot JQR-02 for Children's Painting Enlightenment Teaching,FALSE,Drawing Robot JQR-02 in Pakistan | Toy Gift Shop,Blue cartoon drawing robot JQR-02 for children's painting enlightenment teaching. Includes one animal drawing card. Plastic construction for safe art activities.,draft,active_unimaged,1,Priced & stocked; waiting on a generated CatalogHero/Lifestyle image.
tgs-drawing-robot-jqr,,,,,,,,,,,,,,,,,,,,output_pending/TGS-DRAWING-ROBOT-JQR/angle3.jpg,2,Drawing Robot JQR-02 for Children's Painting Enlightenment Teaching,,,,,active_unimaged,,
tgs-drawing-robot-jqr,,,,,,,,,,,,,,,,,,,,output_pending/TGS-DRAWING-ROBOT-JQR/angle4.jpg,3,Drawing Robot JQR-02 for Children's Painting Enlightenment Teaching,,,,,active_unimaged,,
tgs-tablet-drawing,Card Early Education Device with Rechargeable Battery and Puzzle Cards,"<p>A pink, bear-shaped early education device for children. It has a black LCD writing screen, buttons, and a speaker, and reads included flashcards aloud. Comes with a USB charging cable and puzzle/flash cards. For ages 3 and up.</p><ul><li>Pink plastic body with bear face design</li><li>Black drawing screen with visible writing</li><li>Includes USB recharge cable</li><li>Includes puzzle cards with animal images</li><li>Intended for children ages 3 and up</li></ul><p><strong>What's included:</strong></p><ul><li>Pink drawing tablet</li><li>USB charging cable</li><li>Puzzle cards</li><li>Instruction sheet</li></ul>",The Toy Gift Shop,,Educational Toys,"age:3-5, feature:new, occasion:birthday, occasion:eid, play:build, sub:Learning Toys",FALSE,Title,Default Title,TGS-TABLET-DRAWING,,shopify,1,deny,manual,1650.00,,TRUE,TRUE,output_pending/TGS-TABLET-DRAWING/angle2.jpg,1,Card Early Education Device with Rechargeable Battery and Puzzle Cards,FALSE,Early Education Kids Drawing Tablet in Pakistan | Toy Gift Shop,"Pink bear-shaped drawing tablet for ages 3+ with rechargeable battery, puzzle cards, and educational features for early learning.",draft,active_unimaged,1,Priced & stocked; waiting on a generated CatalogHero/Lifestyle image.
tgs-tablet-drawing,,,,,,,,,,,,,,,,,,,,output_pending/TGS-TABLET-DRAWING/angle3.jpg,2,Card Early Education Device with Rechargeable Battery and Puzzle Cards,,,,,active_unimaged,,
tgs-tablet-drawing,,,,,,,,,,,,,,,,,,,,output_pending/TGS-TABLET-DRAWING/angle4.jpg,3,Card Early Education Device with Rechargeable Battery and Puzzle Cards,,,,,active_unimaged,,
tgs-frozen-makeup,Frozen Beautiful Girl's Series Make-Up Set,"<p>A flower-shaped toy makeup compact featuring Frozen artwork (Anna, Elsa and Olaf). Opens to reveal a mirror and a toy makeup palette. For ages 3 and up.</p><ul><li>Flower-shaped compact with mirror</li><li>Frozen Anna, Elsa and Olaf artwork</li><li>Toy makeup palette included</li><li>For ages 3 and up</li></ul><p><strong>What's included:</strong></p><ul><li>1 flower-shaped makeup compact</li><li>Mirror</li><li>Toy makeup palette</li></ul>",The Toy Gift Shop,,Pretend Play & Role Play,"age:3-5, feature:new, occasion:birthday, occasion:eid, play:pretend, sub:Makeup Sets",FALSE,Title,Default Title,TGS-FROZEN-MAKEUP,,shopify,4,deny,manual,850.00,,TRUE,TRUE,output_pending/TGS-FROZEN-MAKEUP/angle2.jpg,1,Frozen Beautiful Girl's Series Make-Up Set,FALSE,Frozen Beautiful Girl's Series Make-Up Set in Pakistan | Toy Gift Shop,Frozen Beautiful Girl's Series flower-shaped make-up set with mirror and toy makeup. Ages 3+.,draft,active_unimaged,4,Priced & stocked; waiting on a generated CatalogHero/Lifestyle image.
tgs-frozen-makeup,,,,,,,,,,,,,,,,,,,,output_pending/TGS-FROZEN-MAKEUP/front.jpg,2,Frozen Beautiful Girl's Series Make-Up Set,,,,,active_unimaged,,
tgs-frozen-ii-makeup,Frozen II My Beauty World Make-Up Set,<p>A crown-shaped toy makeup compact featuring Frozen II artwork (Anna and Elsa). Opens to reveal a mirror and a toy eyeshadow palette. For ages 3 and up.</p><ul><li>Crown-shaped compact with mirror</li><li>Frozen II Anna and Elsa artwork</li><li>Toy eyeshadow palette included</li><li>For ages 3 and up</li></ul><p><strong>What's included:</strong></p><ul><li>1 crown-shaped makeup compact</li><li>Mirror</li><li>Toy eyeshadow palette</li></ul>,The Toy Gift Shop,,Pretend Play & Role Play,"age:3-5, feature:new, occasion:birthday, occasion:eid, play:pretend, sub:Makeup Sets",FALSE,Title,Default Title,TGS-FROZEN-II-MAKEUP,,shopify,4,deny,manual,750.00,,TRUE,TRUE,output_pending/TGS-FROZEN-II-MAKEUP/angle2.jpg,1,Frozen II My Beauty World Make-Up Set,FALSE,Frozen II Beauty Make-Up Set in Pakistan | Toy Gift Shop,Frozen II My Beauty World crown-shaped make-up set with mirror and toy eyeshadow. Ages 3+.,draft,active_unimaged,4,Priced & stocked; waiting on a generated CatalogHero/Lifestyle image.
tgs-frozen-ii-makeup,,,,,,,,,,,,,,,,,,,,output_pending/TGS-FROZEN-II-MAKEUP/front.jpg,2,Frozen II My Beauty World Make-Up Set,,,,,active_unimaged,,
tgs-piano-hedgehog,Hedgehog Piano Baby Toy with Keys and Buttons,"<p>This toy is shaped like a hedgehog with a piano keyboard. It has colorful buttons, a hand drum, and a spinning wheel. The toy plays music and sound effects. It is designed for babies to practice hand-eye coordination.</p><ul><li>Soft material plastic body</li><li>5 musical modes including piano and animal sounds</li><li>Includes a hand drum and spinning wheel</li><li>Features a mode switch button and MIDI button</li><li>Intended for babies aged 18 months and up</li></ul><p><strong>What's included:</strong></p><ul><li>Hedgehog Piano Toy</li><li>Instruction Manual</li></ul>",The Toy Gift Shop,,Musical Toys,"age:3-5, feature:new, occasion:birthday, occasion:eid, play:pretend, sub:Musical Instruments",FALSE,Title,Default Title,TGS-PIANO-HEDGEHOG,,shopify,1,deny,manual,1850.00,,TRUE,TRUE,output_pending/TGS-PIANO-HEDGEHOG/angle10.jpg,1,Hedgehog Piano Baby Toy with Keys and Buttons,FALSE,Hedgehog Piano Baby Toy in Pakistan | Toy Gift Shop,"Hedgehog Piano Baby Toy with Keys and Buttons. Soft material, 5 modes, hand drum, spinning wheel. For babies 18+ months. Musical toy for hand-eye coordination.",draft,active_unimaged,1,Priced & stocked; waiting on a generated CatalogHero/Lifestyle image.
tgs-piano-hedgehog,,,,,,,,,,,,,,,,,,,,output_pending/TGS-PIANO-HEDGEHOG/angle2.jpg,2,Hedgehog Piano Baby Toy with Keys and Buttons,,,,,active_unimaged,,
tgs-piano-hedgehog,,,,,,,,,,,,,,,,,,,,output_pending/TGS-PIANO-HEDGEHOG/angle3.jpg,3,Hedgehog Piano Baby Toy with Keys and Buttons,,,,,active_unimaged,,
tgs-touch-teach-words,Hug Happy Touch and Teach Words Book Early Education Baby Toy,"<p>This is a colorful, interactive toy book with a handle and a page-turning slot. It has a touch screen with buttons for learning words, numbers, and animals. It includes a music key, a volume switch, and a speaker. It is designed for early education and is suitable for babies and toddlers.</p><ul><li>Made of plastic with colorful buttons and a handle.</li><li>Includes a page-turning slot for turning pages.</li><li>Has a touch screen with buttons for learning.</li><li>Includes a music key and a volume switch.</li><li>Designed for early education and suitable for babies and toddlers.</li></ul><p><strong>What's included:</strong></p><ul><li>Touch and Teach Words Book</li><li>Page turning slot</li><li>Handle with light flashes</li><li>Music key</li><li>Volume switch</li><li>Touch control sound pages</li><li>Loudspeaker</li></ul>",The Toy Gift Shop,,Educational Toys,"age:3-5, feature:new, occasion:birthday, occasion:eid, play:build, sub:Learning Toys",FALSE,Title,Default Title,TGS-TOUCH-TEACH-WORDS,,shopify,1,deny,manual,5850.00,,TRUE,TRUE,output_pending/TGS-TOUCH-TEACH-WORDS/angle2.jpg,1,Hug Happy Touch and Teach Words Book Early Education Baby Toy,FALSE,Touch and Teach Words Book in Pakistan | Toy Gift Shop,"Hug Happy Touch and Teach Words Book. Interactive early education toy for babies and toddlers. Learn words, numbers, and animals with touch screen, music, and speaker.",draft,active_unimaged,1,Priced & stocked; waiting on a generated CatalogHero/Lifestyle image.
tgs-touch-teach-words,,,,,,,,,,,,,,,,,,,,output_pending/TGS-TOUCH-TEACH-WORDS/angle3.jpg,2,Hug Happy Touch and Teach Words Book Early Education Baby Toy,,,,,active_unimaged,,
tgs-touch-teach-words,,,,,,,,,,,,,,,,,,,,output_pending/TGS-TOUCH-TEACH-WORDS/angle4.jpg,3,Hug Happy Touch and Teach Words Book Early Education Baby Toy,,,,,active_unimaged,,
tgs-jenga,Jenga Classic Wooden Block Stacking Game,"<p>The classic Jenga wooden block stacking game by Hasbro. Pull a block, stack it on top, and see how far the tower can go before it crashes. For ages 6 and up.</p><ul><li>54 genuine wooden blocks</li><li>Pull, stack and crash gameplay</li><li>For 1 or more players</li><li>For ages 6 and up</li></ul><p><strong>What's included:</strong></p><ul><li>54 wooden Jenga blocks</li><li>Instructions</li></ul>",The Toy Gift Shop,,Board Games,"age:5-8, feature:new, occasion:birthday, occasion:eid, play:games, sub:Family Board Games",FALSE,Title,Default Title,TGS-JENGA,,shopify,2,deny,manual,2900.00,,TRUE,TRUE,output_pending/TGS-JENGA/angle2.jpg,1,Jenga Classic Wooden Block Stacking Game,FALSE,Jenga Classic Wooden Block Game in Pakistan | Toy Gift Shop,Jenga classic wooden block stacking game by Hasbro. 54 genuine wood blocks. Ages 6+.,draft,active_unimaged,2,Priced & stocked; waiting on a generated CatalogHero/Lifestyle image.
tgs-jenga,,,,,,,,,,,,,,,,,,,,output_pending/TGS-JENGA/angle3.jpg,2,Jenga Classic Wooden Block Stacking Game,,,,,active_unimaged,,
tgs-jenga,,,,,,,,,,,,,,,,,,,,output_pending/TGS-JENGA/angle4.jpg,3,Jenga Classic Wooden Block Stacking Game,,,,,active_unimaged,,
tgs-jumbo-sequence,Jumbo Sequence Game with Jumbo Size Playing Mat,"<p>Jumbo Sequence, a large-format version of the classic Sequence strategy game with a jumbo playing mat (32 x 27 inch). Place a card, place a chip on the matching space, and be first to complete a row of five. For ages 7 and up.</p><ul><li>Jumbo-size playing mat, 32 x 27 inch</li><li>Classic Sequence strategy gameplay</li><li>For 2 to 12 players</li><li>For ages 7 and up</li></ul><p><strong>What's included:</strong></p><ul><li>1 jumbo playing mat</li><li>Playing chips</li><li>Deck of cards</li><li>Instructions</li></ul>",The Toy Gift Shop,,Board Games,"age:5-8, feature:new, occasion:birthday, occasion:eid, play:games, sub:Family Board Games",FALSE,Title,Default Title,TGS-JUMBO-SEQUENCE,,shopify,3,deny,manual,2850.00,,TRUE,TRUE,output_pending/TGS-JUMBO-SEQUENCE/angle2.jpg,1,Jumbo Sequence Game with Jumbo Size Playing Mat,FALSE,Jumbo Sequence Game in Pakistan | Toy Gift Shop,Jumbo Sequence strategy game with a jumbo-size playing mat. Ages 7+.,draft,active_unimaged,3,Priced & stocked; waiting on a generated CatalogHero/Lifestyle image.
tgs-jumbo-sequence,,,,,,,,,,,,,,,,,,,,output_pending/TGS-JUMBO-SEQUENCE/angle3.jpg,2,Jumbo Sequence Game with Jumbo Size Playing Mat,,,,,active_unimaged,,
tgs-jumbo-sequence,,,,,,,,,,,,,,,,,,,,output_pending/TGS-JUMBO-SEQUENCE/front.jpg,3,Jumbo Sequence Game with Jumbo Size Playing Mat,,,,,active_unimaged,,
tgs-jr-pictionary,Junior Pictionary - The Game of Quick Draw for Kids,"<p>Junior Pictionary, the game of quick draw for kids. Draw clues from cards and get your team to guess before time runs out. For ages 7 and up.</p><ul><li>Quick-draw guessing game for kids</li><li>Team-based gameplay</li><li>Includes drawing pad and clue cards</li><li>For ages 7 and up</li></ul><p><strong>What's included:</strong></p><ul><li>Drawing pad</li><li>Clue cards</li><li>Game board</li><li>Instructions</li></ul>",The Toy Gift Shop,,Board Games,"age:5-8, feature:new, occasion:birthday, occasion:eid, play:games, sub:Family Board Games",FALSE,Title,Default Title,TGS-JR-PICTIONARY,,shopify,1,deny,manual,2850.00,,TRUE,TRUE,output_pending/TGS-JR-PICTIONARY/angle2.jpg,1,Junior Pictionary - The Game of Quick Draw for Kids,FALSE,Junior Pictionary Game in Pakistan | Toy Gift Shop,"Junior Pictionary, the game of quick draw for kids. Ages 7+.",draft,active_unimaged,1,Priced & stocked; waiting on a generated CatalogHero/Lifestyle image.
tgs-jr-pictionary,,,,,,,,,,,,,,,,,,,,output_pending/TGS-JR-PICTIONARY/front.jpg,2,Junior Pictionary - The Game of Quick Draw for Kids,,,,,active_unimaged,,
tgs-ludo-magnetic-board,Ludo Game Magnetic Board,<p>A Ludo game with a magnetic board and playing pieces. Classic Ludo gameplay with pieces that stay securely in place. For ages 3 and up.</p><ul><li>Magnetic Ludo board and pieces</li><li>Classic Ludo gameplay</li><li>For ages 3 and up</li></ul><p><strong>What's included:</strong></p><ul><li>1 magnetic Ludo board</li><li>Playing pieces</li><li>1 die</li></ul>,The Toy Gift Shop,,Board Games,"age:5-8, feature:new, occasion:birthday, occasion:eid, play:games, sub:Family Board Games",FALSE,Title,Default Title,TGS-LUDO-MAGNETIC-BOARD,,shopify,1,deny,manual,1450.00,,TRUE,TRUE,output_pending/TGS-LUDO-MAGNETIC-BOARD/angle2.jpg,1,Ludo Game Magnetic Board,FALSE,Ludo Game Magnetic Board in Pakistan | Toy Gift Shop,Ludo Game Magnetic Board with playing pieces that stay in place. Ages 3+.,draft,active_unimaged,1,Priced & stocked; waiting on a generated CatalogHero/Lifestyle image.
tgs-ludo-magnetic-board,,,,,,,,,,,,,,,,,,,,output_pending/TGS-LUDO-MAGNETIC-BOARD/angle3.jpg,2,Ludo Game Magnetic Board,,,,,active_unimaged,,
tgs-ludo-magnetic-board,,,,,,,,,,,,,,,,,,,,output_pending/TGS-LUDO-MAGNETIC-BOARD/front.jpg,3,Ludo Game Magnetic Board,,,,,active_unimaged,,
tgs-ludo-compact,"Ludo Magnetic Game, Compact Folding Board","<p>A magnetic Ludo game with a compact folding board and magnetic playing pieces, so pieces stay in place during travel play. For ages 4 and up.</p><ul><li>Magnetic playing pieces stay in place</li><li>Compact folding board</li><li>Classic Ludo gameplay</li><li>For ages 4 and up</li></ul><p><strong>What's included:</strong></p><ul><li>1 folding magnetic board</li><li>Playing pieces</li><li>1 die</li></ul>",The Toy Gift Shop,,Board Games,"age:5-8, feature:new, occasion:birthday, occasion:eid, play:games, sub:Family Board Games",FALSE,Title,Default Title,TGS-LUDO-COMPACT,,shopify,2,deny,manual,1750.00,,TRUE,TRUE,output_pending/TGS-LUDO-COMPACT/angle2.jpg,1,"Ludo Magnetic Game, Compact Folding Board",FALSE,Ludo Magnetic Game in Pakistan | Toy Gift Shop,Ludo Magnetic Game with a compact folding board and magnetic pieces. Ages 4+.,draft,active_unimaged,2,Priced & stocked; waiting on a generated CatalogHero/Lifestyle image.
tgs-ludo-compact,,,,,,,,,,,,,,,,,,,,output_pending/TGS-LUDO-COMPACT/angle3.jpg,2,"Ludo Magnetic Game, Compact Folding Board",,,,,active_unimaged,,
tgs-ludo-compact,,,,,,,,,,,,,,,,,,,,output_pending/TGS-LUDO-COMPACT/angle4.jpg,3,"Ludo Magnetic Game, Compact Folding Board",,,,,active_unimaged,,
tgs-pony-figure-blue,"Magical Pony Figure with Brushable Hair, Blue","<p>A blue collectible pony figure with brushable, colourful hair and a glittery mane and tail. Comes in a display box. For ages 3 and up.</p><ul><li>Blue pony figure with brushable hair</li><li>Glittery mane and tail</li><li>Comes in a display box</li><li>For ages 3 and up</li></ul><p><strong>What's included:</strong></p><ul><li>1 blue pony figure</li></ul>",The Toy Gift Shop,,Action Figures & Characters,"age:3-5, feature:new, occasion:birthday, occasion:eid, play:pretend, sub:Collectible Figures",FALSE,Title,Default Title,TGS-PONY-FIGURE-BLUE,,shopify,2,deny,manual,750.00,,TRUE,TRUE,output_pending/TGS-PONY-FIGURE-BLUE/angle2.jpg,1,"Magical Pony Figure with Brushable Hair, Blue",FALSE,Magical Pony Figure with Brushable Hair in Pakistan | Toy Gift Shop,"Magical Pony collectible figure in blue with brushable, glittery hair. Ages 3+.",draft,active_unimaged,2,Priced & stocked; waiting on a generated CatalogHero/Lifestyle image.
tgs-pony-figure-blue,,,,,,,,,,,,,,,,,,,,output_pending/TGS-PONY-FIGURE-BLUE/angle3.jpg,2,"Magical Pony Figure with Brushable Hair, Blue",,,,,active_unimaged,,
tgs-pony-figure-blue,,,,,,,,,,,,,,,,,,,,output_pending/TGS-PONY-FIGURE-BLUE/angle4.jpg,3,"Magical Pony Figure with Brushable Hair, Blue",,,,,active_unimaged,,
tgs-makeup-set-case,Makeup Set Case for Kids - Colorful Princess Bag,<p>This toy makeup set is a pink and light blue plastic case shaped like a princess bag. It opens to reveal a mirror and multiple compartments for pretend makeup. The case has a heart-shaped clasp with a red gem and stands on four small feet. It is designed for children aged 5 and up.</p><ul><li>Made of hard plastic</li><li>Pink and light blue color scheme</li><li>Includes mirror and pretend makeup accessories</li><li>Features a heart-shaped clasp with a red gem</li><li>Intended for children aged 5 and up</li></ul><p><strong>What's included:</strong></p><ul><li>Plastic makeup case with mirror and compartments</li><li>Pretend makeup accessories</li><li>Instructional sticker on mirror</li></ul>,The Toy Gift Shop,,Pretend Play & Role Play,"age:3-5, feature:new, occasion:birthday, occasion:eid, play:pretend, sub:Makeup Sets",FALSE,Title,Default Title,TGS-MAKEUP-SET-CASE,,shopify,1,deny,manual,3450.00,,TRUE,TRUE,output_pending/TGS-MAKEUP-SET-CASE/angle10.jpg,1,Makeup Set Case for Kids - Colorful Princess Bag,FALSE,Makeup Set Case for Kids in Pakistan | Toy Gift Shop,"Colorful princess bag makeup set for kids. Includes pretend makeup, mirror, and compartments. Ages 5+. Toy for pretend play.",draft,active_unimaged,1,Priced & stocked; waiting on a generated CatalogHero/Lifestyle image.
tgs-makeup-set-case,,,,,,,,,,,,,,,,,,,,output_pending/TGS-MAKEUP-SET-CASE/angle11.jpg,2,Makeup Set Case for Kids - Colorful Princess Bag,,,,,active_unimaged,,
tgs-makeup-set-case,,,,,,,,,,,,,,,,,,,,output_pending/TGS-MAKEUP-SET-CASE/angle12.jpg,3,Makeup Set Case for Kids - Colorful Princess Bag,,,,,active_unimaged,,
tgs-mermaid-makeup,Mermaid 2-in-1 Beauty Make Up Case with Jewellery,"<p>A glitter makeup case with a mermaid design, combining a toy makeup set and jewellery box in one carry case with a handle. It opens to reveal a mirror, brushes and a colourful toy makeup palette. Available in pink and purple glitter. For ages 3 and up.</p><ul><li>2-in-1 makeup and jewellery case</li><li>Glitter exterior with mermaid design</li><li>Mirror and toy brushes included</li><li>Carry handle for portability</li><li>For ages 3 and up</li></ul><p><strong>What's included:</strong></p><ul><li>Makeup case with mermaid design</li><li>Mirror inside lid</li><li>Toy makeup palette</li><li>Toy brushes</li></ul>",The Toy Gift Shop,,Pretend Play & Role Play,"age:3-5, feature:new, occasion:birthday, occasion:eid, play:pretend, sub:Makeup Sets",FALSE,Title,Default Title,TGS-MERMAID-MAKEUP,,shopify,11,deny,manual,3250.00,,TRUE,TRUE,output_pending/TGS-MERMAID-MAKEUP/angle2.jpg,1,Mermaid 2-in-1 Beauty Make Up Case with Jewellery,FALSE,Mermaid 2-in-1 Beauty Makeup Case in Pakistan | Toy Gift Shop,Mermaid 2-in-1 beauty makeup and jewellery case with mirror and brushes. Pink or purple glitter. Ages 3+.,draft,active_unimaged,11,Priced & stocked; waiting on a generated CatalogHero/Lifestyle image.
tgs-mermaid-makeup,,,,,,,,,,,,,,,,,,,,output_pending/TGS-MERMAID-MAKEUP/angle3.jpg,2,Mermaid 2-in-1 Beauty Make Up Case with Jewellery,,,,,active_unimaged,,
tgs-mermaid-makeup,,,,,,,,,,,,,,,,,,,,output_pending/TGS-MERMAID-MAKEUP/angle4.jpg,3,Mermaid 2-in-1 Beauty Make Up Case with Jewellery,,,,,active_unimaged,,
tgs-monopoly-classic,Monopoly Classic Property Trading Board Game,"<p>The world&#x27;s favourite property trading board game. Buy, sell and trade properties to build your real estate empire and bankrupt your opponents. For ages 8 and up.</p><ul><li>Classic property trading gameplay</li><li>Buy, sell and trade properties</li><li>For 2 to 8 players</li><li>For ages 8 and up</li></ul><p><strong>What's included:</strong></p><ul><li>Game board</li><li>Property cards</li><li>Play money</li><li>Tokens and dice</li><li>Instructions</li></ul>",The Toy Gift Shop,,Board Games,"age:5-8, feature:new, occasion:birthday, occasion:eid, play:games, sub:Family Board Games",FALSE,Title,Default Title,TGS-MONOPOLY-CLASSIC,,shopify,3,deny,manual,1850.00,,TRUE,TRUE,output_pending/TGS-MONOPOLY-CLASSIC/angle2.jpg,1,Monopoly Classic Property Trading Board Game,FALSE,Monopoly Classic Board Game in Pakistan | Toy Gift Shop,Monopoly Classic property trading board game -- the world's favourite game. Ages 8+.,draft,active_unimaged,3,Priced & stocked; waiting on a generated CatalogHero/Lifestyle image.
tgs-monopoly-classic,,,,,,,,,,,,,,,,,,,,output_pending/TGS-MONOPOLY-CLASSIC/front.jpg,2,Monopoly Classic Property Trading Board Game,,,,,active_unimaged,,
tgs-monopoly-deal,Monopoly Deal Card Game,"<p>The fast-paced Monopoly Deal card game. Collect property sets, play action cards and outmanoeuvre opponents to win. Plays in about 15 minutes. For ages 8 and up.</p><ul><li>Fast-paced card game version of Monopoly</li><li>Collect property sets to win</li><li>Plays in about 15 minutes</li><li>For 2 to 5 players</li><li>For ages 8 and up</li></ul><p><strong>What's included:</strong></p><ul><li>1 deck of Monopoly Deal cards</li><li>Instructions</li></ul>",The Toy Gift Shop,,Board Games,"age:5-8, feature:new, occasion:birthday, occasion:eid, play:games, sub:Family Board Games",FALSE,Title,Default Title,TGS-MONOPOLY-DEAL,,shopify,5,deny,manual,480.00,,TRUE,TRUE,output_pending/TGS-MONOPOLY-DEAL/angle2.jpg,1,Monopoly Deal Card Game,FALSE,Monopoly Deal Card Game in Pakistan | Toy Gift Shop,Monopoly Deal fast-paced card game. Collect property sets and win in about 15 minutes. Ages 8+.,draft,active_unimaged,5,Priced & stocked; waiting on a generated CatalogHero/Lifestyle image.
tgs-monopoly-deal,,,,,,,,,,,,,,,,,,,,output_pending/TGS-MONOPOLY-DEAL/angle3.jpg,2,Monopoly Deal Card Game,,,,,active_unimaged,,
tgs-monopoly-deal,,,,,,,,,,,,,,,,,,,,output_pending/TGS-MONOPOLY-DEAL/angle4.jpg,3,Monopoly Deal Card Game,,,,,active_unimaged,,
tgs-pixel-led-sword,"Pixel LED Light-Up Sword, Minecraft-Style","<p>A pixelated, Minecraft-style toy sword with built-in LED lights along the blade. Available in blue/black and purple/green colourways. For ages 3 and up.</p><ul><li>Pixelated, blocky sword design</li><li>Built-in LED lights along the blade</li><li>Available in 2 colourways</li><li>For ages 3 and up</li></ul><p><strong>What's included:</strong></p><ul><li>1 pixel LED sword</li></ul>",The Toy Gift Shop,,Fantasy & Magic Toys,"age:3-5, feature:new, occasion:birthday, occasion:eid, play:pretend, sub:Pretend Weapons",FALSE,Title,Default Title,TGS-PIXEL-LED-SWORD,,shopify,4,deny,manual,2450.00,,TRUE,TRUE,output_pending/TGS-PIXEL-LED-SWORD/angle2.jpg,1,"Pixel LED Light-Up Sword, Minecraft-Style",FALSE,Pixel LED Light-Up Sword in Pakistan | Toy Gift Shop,"Pixel LED light-up toy sword, Minecraft-style, blue/black or purple/green. Ages 3+.",draft,active_unimaged,4,Priced & stocked; waiting on a generated CatalogHero/Lifestyle image.
tgs-pixel-led-sword,,,,,,,,,,,,,,,,,,,,output_pending/TGS-PIXEL-LED-SWORD/angle3.jpg,2,"Pixel LED Light-Up Sword, Minecraft-Style",,,,,active_unimaged,,
tgs-pixel-led-sword,,,,,,,,,,,,,,,,,,,,output_pending/TGS-PIXEL-LED-SWORD/front.jpg,3,"Pixel LED Light-Up Sword, Minecraft-Style",,,,,active_unimaged,,
tgs-rainbow-tower-unicorn,Rainbow Tower Unicorn Stacker Toy,<p>A wooden stacking toy with a unicorn head. It has seven rings in rainbow colors that stack on a base. The rings are smooth and can be removed and placed back. It is for children aged 36+ months.</p><ul><li>Made of wood with painted rings</li><li>Seven rings in rainbow colors</li><li>Unicorn head with closed eyes</li><li>Rings can be stacked and removed</li><li>Intended for children 36+ months</li></ul><p><strong>What's included:</strong></p><ul><li>1 wooden unicorn tower with 7 rings</li></ul>,The Toy Gift Shop,,Baby & Toddler Toys,"age:1-3, feature:new, occasion:birthday, occasion:eid, play:pretend, sub:Baby Activity Toys",FALSE,Title,Default Title,TGS-RAINBOW-TOWER-UNICORN,,shopify,1,deny,manual,2350.00,,TRUE,TRUE,output_pending/TGS-RAINBOW-TOWER-UNICORN/angle2.jpg,1,Rainbow Tower Unicorn Stacker Toy,FALSE,Rainbow Tower Unicorn Stacker in Pakistan | Toy Gift Shop,"Wooden unicorn stacking toy with 7 colorful rings for children 36+ months. Develops fine motor skills and color recognition. Safe, sturdy, and fun.",draft,active_unimaged,1,Priced & stocked; waiting on a generated CatalogHero/Lifestyle image.
tgs-rainbow-tower-unicorn,,,,,,,,,,,,,,,,,,,,output_pending/TGS-RAINBOW-TOWER-UNICORN/angle3.jpg,2,Rainbow Tower Unicorn Stacker Toy,,,,,active_unimaged,,
tgs-rainbow-tower-unicorn,,,,,,,,,,,,,,,,,,,,output_pending/TGS-RAINBOW-TOWER-UNICORN/angle4.jpg,3,Rainbow Tower Unicorn Stacker Toy,,,,,active_unimaged,,
tgs-rc-drift-racing,RC Drift Racing Car with 4WD and Neon LED Lights,<p>This remote-controlled drift racing car features 4WD for all-terrain performance. It includes a 2.4G RC controller and neon LED lights for visibility. The car has a blue and orange racing livery with sponsor decals. It is designed for indoor and outdoor play on smooth surfaces.</p><ul><li>Plastic body with racing decals</li><li>Includes 2.4G RC controller</li><li>4WD drivetrain for movement</li><li>Neon LED lights for illumination</li><li>For ages 8 and up</li></ul><p><strong>What's included:</strong></p><ul><li>RC Drift Racing Car</li><li>2.4G RC Controller</li><li>Neon LED Lights</li><li>Instruction Manual</li></ul>,The Toy Gift Shop,,RC & Remote Control Toys,"age:5-8, feature:new, occasion:birthday, occasion:eid, play:vehicles, sub:RC Vehicles",FALSE,Title,Default Title,TGS-RC-DRIFT-RACING,,shopify,5,deny,manual,12600.00,,TRUE,TRUE,output_pending/TGS-RC-DRIFT-RACING/angle2.jpg,1,RC Drift Racing Car with 4WD and Neon LED Lights,FALSE,RC Drift Racing Car in Pakistan | Toy Gift Shop,RC Drift Racing Car with 4WD and Neon LED lights for ages 8+. Includes controller and lights. Perfect for indoor and outdoor play.,draft,active_unimaged,5,Priced & stocked; waiting on a generated CatalogHero/Lifestyle image.
tgs-rc-drift-racing,,,,,,,,,,,,,,,,,,,,output_pending/TGS-RC-DRIFT-RACING/front.jpg,2,RC Drift Racing Car with 4WD and Neon LED Lights,,,,,active_unimaged,,
tgs-shining-unicorn-makeup,Shining Unicorn Makeup Case with 46 Kinds of Toys,<p>A toy makeup case with a unicorn design. It opens to reveal compartments holding colorful toy makeup items. The case has a handle and a mirror inside. It includes small brushes and other accessories for pretend play.</p><ul><li>ALUMINUM FRAME</li><li>PINK GLITTER COVER</li><li>OPENING LID</li><li>INCLUDES 46 TOYS</li><li>TOY BRUSHES INCLUDED</li></ul><p><strong>What's included:</strong></p><ul><li>Makeup case with unicorn design</li><li>Mirror inside lid</li><li>46 toy makeup items</li><li>4 toy brushes with pink handles</li></ul>,The Toy Gift Shop,,Pretend Play & Role Play,"age:3-5, feature:new, occasion:birthday, occasion:eid, play:pretend, sub:Makeup Sets",FALSE,Title,Default Title,TGS-SHINING-UNICORN-MAKEUP,,shopify,1,deny,manual,5250.00,,TRUE,TRUE,output_pending/TGS-SHINING-UNICORN-MAKEUP/angle2.jpg,1,Shining Unicorn Makeup Case with 46 Kinds of Toys,FALSE,Shining Unicorn Makeup Case in Pakistan | Toy Gift Shop,"Shining Unicorn Makeup Case with 46 kinds of pretend play toys. Includes brushes, palette, and mirror. Perfect for kids ages 3+.",draft,active_unimaged,1,Priced & stocked; waiting on a generated CatalogHero/Lifestyle image.
tgs-shining-unicorn-makeup,,,,,,,,,,,,,,,,,,,,output_pending/TGS-SHINING-UNICORN-MAKEUP/angle3.jpg,2,Shining Unicorn Makeup Case with 46 Kinds of Toys,,,,,active_unimaged,,
tgs-shining-unicorn-makeup,,,,,,,,,,,,,,,,,,,,output_pending/TGS-SHINING-UNICORN-MAKEUP/angle4.jpg,3,Shining Unicorn Makeup Case with 46 Kinds of Toys,,,,,active_unimaged,,
tgs-stitch-bumper-car,"Stitch RC Bumper Car with Collision Ejection, 2.4GHz","<p>A remote-control bumper car set featuring Stitch and Angel figures riding molded bumper cars. Each car has a 2.4GHz remote and collision-ejection action, with lighting, music and spray effects. Two cars and two remotes are included, one pink (Angel) and one blue (Stitch).</p><ul><li>2.4GHz remote control, one car per remote</li><li>Collision ejection action on impact</li><li>Cool lighting and dynamic music effects</li><li>Spray effect and crash resistance</li><li>Includes 2 bumper cars and 2 remotes</li></ul><p><strong>What's included:</strong></p><ul><li>1 blue bumper car with figure</li><li>1 pink bumper car with figure</li><li>2 remote controls</li></ul>",The Toy Gift Shop,,RC & Remote Control Toys,"age:5-8, feature:new, occasion:birthday, occasion:eid, play:vehicles, sub:RC Vehicles",FALSE,Title,Default Title,TGS-STITCH-BUMPER-CAR,,shopify,3,deny,manual,9850.00,,TRUE,TRUE,output_pending/TGS-STITCH-BUMPER-CAR/angle2.jpg,1,"Stitch RC Bumper Car with Collision Ejection, 2.4GHz",FALSE,Stitch RC Bumper Car in Pakistan | Toy Gift Shop,"Stitch RC Bumper Car set with 2.4GHz remotes, collision ejection, lights and music. Includes 2 cars and 2 remotes.",draft,active_unimaged,3,Priced & stocked; waiting on a generated CatalogHero/Lifestyle image.
tgs-stitch-bumper-car,,,,,,,,,,,,,,,,,,,,output_pending/TGS-STITCH-BUMPER-CAR/angle3.jpg,2,"Stitch RC Bumper Car with Collision Ejection, 2.4GHz",,,,,active_unimaged,,
tgs-stitch-bumper-car,,,,,,,,,,,,,,,,,,,,output_pending/TGS-STITCH-BUMPER-CAR/angle4.jpg,3,"Stitch RC Bumper Car with Collision Ejection, 2.4GHz",,,,,active_unimaged,,
tgs-taboo,Taboo Card Game (French Edition),"<p>Taboo, the fast-talking, forbidden-words party card game (French-language edition). Get your team to guess the word on the card without saying any of the taboo words listed. For ages 16 and up.</p><ul><li>Fast-talking party card game</li><li>Guess the word without saying taboo words</li><li>French-language edition</li><li>For ages 16 and up</li></ul><p><strong>What's included:</strong></p><ul><li>Deck of Taboo cards</li><li>Timer</li><li>Instructions</li></ul>",The Toy Gift Shop,,Board Games,"age:5-8, feature:new, occasion:birthday, occasion:eid, play:games, sub:Family Board Games",FALSE,Title,Default Title,TGS-TABOO,,shopify,3,deny,manual,3000.00,,TRUE,TRUE,output_pending/TGS-TABOO/angle2.jpg,1,Taboo Card Game (French Edition),FALSE,Taboo Card Game in Pakistan | Toy Gift Shop,"Taboo fast-talking party card game, French edition. Ages 16+.",draft,active_unimaged,3,Priced & stocked; waiting on a generated CatalogHero/Lifestyle image.
tgs-taboo,,,,,,,,,,,,,,,,,,,,output_pending/TGS-TABOO/angle3.jpg,2,Taboo Card Game (French Edition),,,,,active_unimaged,,
tgs-taboo,,,,,,,,,,,,,,,,,,,,output_pending/TGS-TABOO/front.jpg,3,Taboo Card Game (French Edition),,,,,active_unimaged,,
tgs-tambola-housie,"Tambola Housie Deluxe Edition, 300 Tickets","<p>Tambola Housie Deluxe Edition, the classic number-calling bingo-style family game. Includes a checking board, 90 permanent plastic numbers, 6 pencil colours and 300 perforated tickets. For family entertainment.</p><ul><li>1 checking board</li><li>90 permanent plastic numbers</li><li>6 different pencil colours</li><li>300 perforated tickets</li><li>1 rule sheet included</li></ul><p><strong>What's included:</strong></p><ul><li>1 checking board</li><li>90 permanent plastic numbers</li><li>6 different pencil colours</li><li>300 perforated tickets</li><li>1 rule sheet</li></ul>",The Toy Gift Shop,,Board Games,"age:5-8, feature:new, occasion:birthday, occasion:eid, play:games, sub:Family Board Games",FALSE,Title,Default Title,TGS-TAMBOLA-HOUSIE,,shopify,3,deny,manual,2850.00,,TRUE,TRUE,output_pending/TGS-TAMBOLA-HOUSIE/angle2.jpg,1,"Tambola Housie Deluxe Edition, 300 Tickets",FALSE,Tambola Housie Deluxe Edition in Pakistan | Toy Gift Shop,"Tambola Housie Deluxe Edition with 300 tickets, checking board and plastic numbers. Family fun.",draft,active_unimaged,3,Priced & stocked; waiting on a generated CatalogHero/Lifestyle image.
tgs-tambola-housie,,,,,,,,,,,,,,,,,,,,output_pending/TGS-TAMBOLA-HOUSIE/front.jpg,2,"Tambola Housie Deluxe Edition, 300 Tickets",,,,,active_unimaged,,
tgs-unicorn-princess-makeup,Unicorn Princess 2-in-1 Beauty Make Up Case,"<p>A glitter makeup case with a &#x27;Princess Unicorn&#x27; design, combining a toy makeup set and jewellery box in one carry case with a handle. It opens to reveal a mirror, brushes and a colourful toy makeup and nail palette. Available in pink and purple glitter -- same case line as the Mermaid version, different character artwork. For ages 3 and up.</p><ul><li>2-in-1 makeup and jewellery case</li><li>Glitter exterior with Princess Unicorn design</li><li>Mirror and toy brushes included</li><li>Toy nail polish and lip gloss pieces</li><li>For ages 3 and up</li></ul><p><strong>What's included:</strong></p><ul><li>Makeup case with Princess Unicorn design</li><li>Mirror inside lid</li><li>2 toy brushes</li><li>3 toy nail polish/star pieces</li><li>1 eyeshadow palette</li><li>Toe separators</li><li>3 lip gloss pieces</li></ul>",The Toy Gift Shop,,Pretend Play & Role Play,"age:3-5, feature:new, occasion:birthday, occasion:eid, play:pretend, sub:Makeup Sets",FALSE,Title,Default Title,TGS-UNICORN-PRINCESS-MAKEUP,,shopify,3,deny,manual,3250.00,,TRUE,TRUE,output_pending/TGS-UNICORN-PRINCESS-MAKEUP/angle2.jpg,1,Unicorn Princess 2-in-1 Beauty Make Up Case,FALSE,Unicorn Princess 2-in-1 Beauty Makeup Case in Pakistan | Toy Gift Shop,Unicorn Princess 2-in-1 beauty makeup and jewellery case with mirror and brushes. Pink or purple glitter. Ages 3+.,draft,active_unimaged,3,Priced & stocked; waiting on a generated CatalogHero/Lifestyle image.
tgs-unicorn-princess-makeup,,,,,,,,,,,,,,,,,,,,output_pending/TGS-UNICORN-PRINCESS-MAKEUP/front.jpg,2,Unicorn Princess 2-in-1 Beauty Make Up Case,,,,,active_unimaged,,
tgs-uno-attack,UNO Attack! Electronic Card Shooter Game,"<p>UNO Attack! is an electronic, random, rapid-fire card shooter edition of UNO. Press the button and the shooter randomly launches 1 to 5 cards into your hand. Includes special command cards. For ages 7 and up.</p><ul><li>Electronic random rapid-fire card shooter</li><li>Launches 1 to 5 cards per press</li><li>Includes special command cards</li><li>For ages 7 and up</li></ul><p><strong>What's included:</strong></p><ul><li>1 electronic card shooter</li><li>Deck of UNO Attack cards</li><li>Instructions</li></ul>",The Toy Gift Shop,,Board Games,"age:5-8, feature:new, occasion:birthday, occasion:eid, play:games, sub:Family Board Games",FALSE,Title,Default Title,TGS-UNO-ATTACK,,shopify,3,deny,manual,5550.00,,TRUE,TRUE,output_pending/TGS-UNO-ATTACK/angle2.jpg,1,UNO Attack! Electronic Card Shooter Game,FALSE,UNO Attack Card Shooter Game in Pakistan | Toy Gift Shop,UNO Attack! electronic random card shooter game. Fast family fun. Ages 7+.,draft,active_unimaged,3,Priced & stocked; waiting on a generated CatalogHero/Lifestyle image.
tgs-uno-attack,,,,,,,,,,,,,,,,,,,,output_pending/TGS-UNO-ATTACK/angle3.jpg,2,UNO Attack! Electronic Card Shooter Game,,,,,active_unimaged,,
tgs-uno-attack,,,,,,,,,,,,,,,,,,,,output_pending/TGS-UNO-ATTACK/angle4.jpg,3,UNO Attack! Electronic Card Shooter Game,,,,,active_unimaged,,
tgs-uno-classic,UNO Classic Card Game,"<p>The original UNO card game. Match colours and numbers, play action cards like Skip, Reverse and Draw Two, and be the first to empty your hand. For ages 7 and up.</p><ul><li>Classic UNO matching gameplay</li><li>Action cards: Skip, Reverse, Draw Two</li><li>For 2 to 10 players</li><li>For ages 7 and up</li></ul><p><strong>What's included:</strong></p><ul><li>1 deck of UNO cards</li><li>Instructions</li></ul>",The Toy Gift Shop,,Board Games,"age:5-8, feature:new, occasion:birthday, occasion:eid, play:games, sub:Family Board Games",FALSE,Title,Default Title,TGS-UNO-CLASSIC,,shopify,1,deny,manual,1100.00,,TRUE,TRUE,output_pending/TGS-UNO-CLASSIC/angle2.jpg,1,UNO Classic Card Game,FALSE,UNO Classic Card Game in Pakistan | Toy Gift Shop,"UNO Classic card game -- match colours and numbers, play action cards. Ages 7+.",draft,active_unimaged,1,Priced & stocked; waiting on a generated CatalogHero/Lifestyle image.
tgs-uno-classic,,,,,,,,,,,,,,,,,,,,output_pending/TGS-UNO-CLASSIC/angle3.jpg,2,UNO Classic Card Game,,,,,active_unimaged,,
tgs-uno-classic,,,,,,,,,,,,,,,,,,,,output_pending/TGS-UNO-CLASSIC/front.jpg,3,UNO Classic Card Game,,,,,active_unimaged,,
tgs-uno-no-mercy,UNO Show 'Em No Mercy Card Game,"<p>UNO Show &#x27;Em No Mercy is a brutal, ruthless, unforgiving edition of UNO with harsher action cards and new twists on the classic matching gameplay. For ages 7 and up.</p><ul><li>Brutal twist on classic UNO gameplay</li><li>New and harsher action cards</li><li>Match colours and numbers to win</li><li>For ages 7 and up</li></ul><p><strong>What's included:</strong></p><ul><li>1 deck of UNO Show &#x27;Em No Mercy cards</li><li>Instructions</li></ul>",The Toy Gift Shop,,Board Games,"age:5-8, feature:new, occasion:birthday, occasion:eid, play:games, sub:Family Board Games",FALSE,Title,Default Title,TGS-UNO-NO-MERCY,,shopify,1,deny,manual,890.00,,TRUE,TRUE,output_pending/TGS-UNO-NO-MERCY/angle2.jpg,1,UNO Show 'Em No Mercy Card Game,FALSE,UNO Show 'Em No Mercy Card Game in Pakistan | Toy Gift Shop,"UNO Show 'Em No Mercy -- a brutal, ruthless, unforgiving edition of UNO. Ages 7+.",draft,active_unimaged,1,Priced & stocked; waiting on a generated CatalogHero/Lifestyle image.
tgs-uno-no-mercy,,,,,,,,,,,,,,,,,,,,output_pending/TGS-UNO-NO-MERCY/angle3.jpg,2,UNO Show 'Em No Mercy Card Game,,,,,active_unimaged,,
tgs-uno-no-mercy,,,,,,,,,,,,,,,,,,,,output_pending/TGS-UNO-NO-MERCY/front.jpg,3,UNO Show 'Em No Mercy Card Game,,,,,active_unimaged,,
tgs-uno-travel-case,UNO 2-Deck Travel Case Card Game,<p>Two UNO card decks (red and blue) housed in a hard plastic travel case for easy carrying. Classic UNO matching and action-card gameplay. For ages 7 and up.</p><ul><li>2 UNO card decks in a hard travel case</li><li>Red and blue deck colours</li><li>Classic UNO matching gameplay</li><li>For ages 7 and up</li></ul><p><strong>What's included:</strong></p><ul><li>1 red UNO deck</li><li>1 blue UNO deck</li><li>1 hard plastic travel case</li></ul>,The Toy Gift Shop,,Board Games,"age:5-8, feature:new, occasion:birthday, occasion:eid, play:games, sub:Family Board Games",FALSE,Title,Default Title,TGS-UNO-TRAVEL-CASE,,shopify,2,deny,manual,1500.00,,TRUE,TRUE,output_pending/TGS-UNO-TRAVEL-CASE/angle2.jpg,1,UNO 2-Deck Travel Case Card Game,FALSE,UNO 2-Deck Travel Case Card Game in Pakistan | Toy Gift Shop,"UNO 2-deck travel case card game, red and blue decks in a hard case. Ages 7+.",draft,active_unimaged,2,Priced & stocked; waiting on a generated CatalogHero/Lifestyle image.
tgs-uno-travel-case,,,,,,,,,,,,,,,,,,,,output_pending/TGS-UNO-TRAVEL-CASE/angle3.jpg,2,UNO 2-Deck Travel Case Card Game,,,,,active_unimaged,,
tgs-uno-travel-case,,,,,,,,,,,,,,,,,,,,output_pending/TGS-UNO-TRAVEL-CASE/front.jpg,3,UNO 2-Deck Travel Case Card Game,,,,,active_unimaged,,
tgs-water-canvas,Magical Water Canvas Reusable Doodle Mat with Pen,"<p>A reusable doodle mat that reveals colour when filled with water using the included pen. Draw on the mat and the pattern disappears as it dries, so it can be used again and again. The pen only works on the mat. Sold in assorted designs (ocean/animal theme mat with pen, and a folded alphabet-border mat). For ages 3 and up.</p><ul><li>Fill the doodle pen with water to write on the mat</li><li>Pattern fades and the mat can be reused</li><li>Pen only works on the doodle mat</li><li>Supports colour recognition and creativity</li><li>For ages 3 and up</li></ul><p><strong>What's included:</strong></p><ul><li>1 doodle mat</li><li>1 water pen</li></ul>",The Toy Gift Shop,,"Arts, Crafts & Creative Toys","age:3-5, feature:new, occasion:birthday, occasion:eid, play:build, sub:Drawing & Colouring",FALSE,Title,Default Title,TGS-WATER-CANVAS,,shopify,1,deny,manual,2750.00,,TRUE,TRUE,output_pending/TGS-WATER-CANVAS/angle2.jpg,1,Magical Water Canvas Reusable Doodle Mat with Pen,FALSE,Magic Water Canvas Doodle Mat in Pakistan | Toy Gift Shop,"Magical Water Canvas reusable doodle mat with water pen. Mess-free, reusable drawing for ages 3+.",draft,active_unimaged,1,Priced & stocked; waiting on a generated CatalogHero/Lifestyle image.
tgs-water-canvas,,,,,,,,,,,,,,,,,,,,output_pending/TGS-WATER-CANVAS/angle3.jpg,2,Magical Water Canvas Reusable Doodle Mat with Pen,,,,,active_unimaged,,
tgs-water-canvas,,,,,,,,,,,,,,,,,,,,output_pending/TGS-WATER-CANVAS/angle4.jpg,3,Magical Water Canvas Reusable Doodle Mat with Pen,,,,,active_unimaged,,
tgs-wd-busy-board,Wooden Busy Board with Blue Strap for Babies 36m+,"<p>This wooden busy board is designed for babies 36 months and older. It features a yellow and black striped panel, multiple interactive elements including buttons and knobs, and a blue strap for hanging. The board is made of wood and is intended for sensory and motor skill development.</p><ul><li>Made of wood</li><li>Features interactive elements</li><li>Includes a blue strap</li><li>Intended for babies 36m+</li><li>Has multiple moving parts</li></ul><p><strong>What's included:</strong></p><ul><li>Wooden busy board</li><li>Blue strap</li></ul>",The Toy Gift Shop,,Baby & Toddler Toys,"age:1-3, feature:new, occasion:birthday, occasion:eid, play:pretend, sub:Baby Activity Toys",FALSE,Title,Default Title,TGS-WD-BUSY-BOARD,,shopify,1,deny,manual,2250.00,,TRUE,TRUE,output_pending/TGS-WD-BUSY-BOARD/angle2.jpg,1,Wooden Busy Board with Blue Strap for Babies 36m+,FALSE,Wooden Busy Board in Pakistan | Toy Gift Shop,"Wooden busy board for babies 36 months and older with interactive buttons, knobs, and a blue strap for sensory and motor skill development.",draft,active_unimaged,1,Priced & stocked; waiting on a generated CatalogHero/Lifestyle image.
tgs-wd-busy-board,,,,,,,,,,,,,,,,,,,,output_pending/TGS-WD-BUSY-BOARD/angle3.jpg,2,Wooden Busy Board with Blue Strap for Babies 36m+,,,,,active_unimaged,,
tgs-wd-busy-board,,,,,,,,,,,,,,,,,,,,output_pending/TGS-WD-BUSY-BOARD/angle4.jpg,3,Wooden Busy Board with Blue Strap for Babies 36m+,,,,,active_unimaged,,
tgs-avengers-mag-drawing,Avengers Age of Ultron Magnetic Drawing Board with 380 Ball Pops,"<p>An Avengers Age of Ultron magnetic drawing board, called a Magpad on the box: a lattice board of 380 ball pops. Drag the magnetic stylus over the surface and the beads pop up to draw letters, shapes and pictures; wipe them back with a fingertip. The box gives the size as 218 x 175 x 15 mm. Ages 3+.</p><ul><li>380 ball pops in the lattice board</li><li>Magnetic stylus draws letters, shapes and pictures</li><li>Erase with a fingertip</li><li>Size 218 x 175 x 15 mm as printed on the box</li><li>Ages 3+</li></ul><p><strong>What's included:</strong></p><ul><li>Magnetic drawing board</li><li>Magnetic stylus</li></ul>",The Toy Gift Shop,,"Arts, Crafts & Creative Toys","avengers, magnetic, drawing, art, crafts, children, 3+, toy, board",FALSE,Title,Default Title,TGS-AVENGERS-MAG-DRAWING,,shopify,0,deny,manual,2250.00,,TRUE,TRUE,output_pending/TGS-AVENGERS-MAG-DRAWING/angle2.jpg,1,Avengers Age of Ultron Magnetic Drawing Board with 380 Ball Pops,FALSE,Avengers Magnetic Drawing Board with 380 Ball Pops,"Avengers Age of Ultron magnetic drawing board with 380 ball pops and a magnetic stylus. Draw, erase with a fingertip. Ages 3+.",draft,content_policy,unknown,Fully priced/stocked; fal/OpenAI content-policy block (licensed character) -- needs a manual image. Folder: backlog-products-image-failed/AVENGERS-AGE-OF-ULTRON-MAGNETIC-DRAWING-BOARD
tgs-avengers-mag-drawing,,,,,,,,,,,,,,,,,,,,output_pending/TGS-AVENGERS-MAG-DRAWING/angle3.jpg,2,Avengers Age of Ultron Magnetic Drawing Board with 380 Ball Pops,,,,,content_policy,,
tgs-avengers-mag-drawing,,,,,,,,,,,,,,,,,,,,output_pending/TGS-AVENGERS-MAG-DRAWING/angle4.jpg,3,Avengers Age of Ultron Magnetic Drawing Board with 380 Ball Pops,,,,,content_policy,,
tgs-cars-rc-radio,Cars RC Radio Control Car – Dinoco 51,"<p>A Cars radio control car in the yellow Dinoco 51 livery, with a steering-wheel remote. The box is Cars 3 branded, ages 3+. Comes with AA batteries and a USB charging cable.</p><ul><li>Yellow Dinoco 51 race car</li><li>Steering-wheel remote control</li><li>AA batteries and USB cable included</li><li>Ages 3+</li></ul><p><strong>What's included:</strong></p><ul><li>Yellow radio control car</li><li>Red and black remote control</li><li>4 AA batteries</li><li>USB charging cable</li></ul>",The Toy Gift Shop,,RC & Remote Control Toys,"rc car, cars toy, remote control, toy vehicle, childrens toys, cars movie, radio control, age 3, plastic toy",FALSE,Title,Default Title,TGS-CARS-RC-RADIO,,shopify,0,deny,manual,4250.00,,TRUE,TRUE,output_pending/TGS-CARS-RC-RADIO/angle2.jpg,1,Cars RC Radio Control Car – Dinoco 51,FALSE,Cars Rc Radio Control Car Remote Toy,"Radio control car based on Cars movie. Includes remote, batteries, and USB cable. Ages 3+. Plastic toy vehicle for play.",draft,content_policy,unknown,Fully priced/stocked; fal/OpenAI content-policy block (licensed character) -- needs a manual image. Folder: backlog-products-image-failed/CARS-DINOCO-RC-RADIO-CONTROL-CAR
tgs-cars-rc-radio,,,,,,,,,,,,,,,,,,,,output_pending/TGS-CARS-RC-RADIO/angle3.jpg,2,Cars RC Radio Control Car – Dinoco 51,,,,,content_policy,,
tgs-cars-rc-radio,,,,,,,,,,,,,,,,,,,,output_pending/TGS-CARS-RC-RADIO/front.jpg,3,Cars RC Radio Control Car – Dinoco 51,,,,,content_policy,,
tgs-me-slide,Despicable Me 2 Minion Slide Toy,"<p>A Despicable Me 2 slide toy with light and sound: a yellow base with a white staircase and a red curving slide track, plus little Minion figures to send down the slide.</p><ul><li>Light and sound</li><li>Yellow base, white staircase and red slide track</li><li>Comes with small Minion figures</li><li>Despicable Me 2 box design</li><li>Ages 3+</li></ul><p><strong>What's included:</strong></p><ul><li>Slide base with staircase and track</li><li>Minion figures</li></ul>",The Toy Gift Shop,,Novelty & Fun Toys,"minion, despicable me, slide toy, sports toy, childrens toys, 3 years old, indoor play, plastic, minions",FALSE,Title,Default Title,TGS-ME-SLIDE,,shopify,0,deny,manual,1450.00,,TRUE,TRUE,output_pending/TGS-ME-SLIDE/angle2.jpg,1,Despicable Me 2 Minion Slide Toy,FALSE,Despicable Me Minion Slide Toy for Kids,"Despicable Me 2 Minion slide toy with light and sound: staircase, red slide track and little Minion figures. Ages 3+.",draft,content_policy,unknown,Fully priced/stocked; fal/OpenAI content-policy block (licensed character) -- needs a manual image. Folder: backlog-products-image-failed/DESPICABLE-ME-2-MINION-SLIDE-TOY
tgs-me-slide,,,,,,,,,,,,,,,,,,,,output_pending/TGS-ME-SLIDE/angle3.jpg,2,Despicable Me 2 Minion Slide Toy,,,,,content_policy,,
tgs-me-slide,,,,,,,,,,,,,,,,,,,,output_pending/TGS-ME-SLIDE/angle4.jpg,3,Despicable Me 2 Minion Slide Toy,,,,,content_policy,,
tgs-justice-league-figs,Justice League Chibi Figure Set of 4,"<p>A set of four chibi-style action figures featuring Justice League characters. Each figure stands on a circular base. The figures are made of hard plastic. The packaging indicates they are for ages 3 and up. The figures are designed for display and play.</p><ul><li>Made of hard plastic</li><li>Each figure stands about 3 inches tall</li><li>Includes 4 figures: Batman, Superman, The Flash, and The Joker</li><li>Figures come with circular bases</li><li>Intended for ages 3 and up</li></ul><p><strong>What's included:</strong></p><ul><li>4 chibi-style action figures (Batman, Superman, The Flash, The Joker)</li><li>4 circular plastic bases</li><li>1 cardboard packaging box</li></ul>",The Toy Gift Shop,,Action Figures & Characters,"justice league, chibi figures, action figures, superman, batman, the flash, the joker, collectible toys, ages 3+",FALSE,Title,Default Title,TGS-JUSTICE-LEAGUE-FIGS,,shopify,0,deny,manual,2800.00,,TRUE,TRUE,output_pending/TGS-JUSTICE-LEAGUE-FIGS/angle2.jpg,1,Justice League Chibi Figure Set of 4,FALSE,Justice League Chibi Figures Set of 4,"Collect the Justice League in chibi style! This set includes 4 action figures: Batman, Superman, The Flash, and The Joker. Made of hard plastic, for ages 3+.",draft,content_policy,unknown,Fully priced/stocked; fal/OpenAI content-policy block (licensed character) -- needs a manual image. Folder: backlog-products-image-failed/JUSTICE-LEAGUE-FIGURE-SET
tgs-justice-league-figs,,,,,,,,,,,,,,,,,,,,output_pending/TGS-JUSTICE-LEAGUE-FIGS/angle3.jpg,2,Justice League Chibi Figure Set of 4,,,,,content_policy,,
tgs-justice-league-figs,,,,,,,,,,,,,,,,,,,,output_pending/TGS-JUSTICE-LEAGUE-FIGS/angle4.jpg,3,Justice League Chibi Figure Set of 4,,,,,content_policy,,
tgs-deform-robot-car,Two in One Deform Robot Car with Lightning McQueen Design,"<p>A 2-in-1 deform toy: a red race car with big cartoon eyes and a smile that transforms into a robot. It is styled after Lightning McQueen, the red race car from the Cars films.</p><ul><li>Red race car with cartoon eyes and smile</li><li>Transforms from car into robot</li><li>One toy, two ways to play</li><li>Styled after Lightning McQueen from Cars</li></ul><p><strong>What's included:</strong></p><ul><li>1 x 2-in-1 transforming robot car</li></ul>",The Toy Gift Shop,,Robots & Electronic Toys,"transforming car, robot car, deform car, race car, lightning mcqueen, cars",FALSE,Title,Default Title,TGS-DEFORM-ROBOT-CAR,,shopify,0,deny,manual,2850.00,,TRUE,TRUE,output_pending/TGS-DEFORM-ROBOT-CAR/angle2.jpg,1,Two in One Deform Robot Car with Lightning McQueen Design,FALSE,Two in One Deform Robot Car with Lightning McQueen Design,2-in-1 deform robot car styled after Lightning McQueen: a red cartoon race car that transforms into a robot. Ages 3+.,draft,content_policy,unknown,Fully priced/stocked; fal/OpenAI content-policy block (licensed character) -- needs a manual image. Folder: backlog-products-image-failed/TWO-IN-ONE-DEFORM-ROBOT-CAR
tgs-deform-robot-car,,,,,,,,,,,,,,,,,,,,output_pending/TGS-DEFORM-ROBOT-CAR/angle3.jpg,2,Two in One Deform Robot Car with Lightning McQueen Design,,,,,content_policy,,
tgs-deform-robot-car,,,,,,,,,,,,,,,,,,,,output_pending/TGS-DEFORM-ROBOT-CAR/angle4.jpg,3,Two in One Deform Robot Car with Lightning McQueen Design,,,,,content_policy,,
tgs-winnie-pooh,Winnie The Pooh Action Figure,<p>A Winnie the Pooh figure in a Mickey Mouse &amp; Friends window box. The box says his hands and feet can move. Ages 3+.</p><ul><li>Winnie the Pooh in his red top</li><li>Hands and feet can move</li><li>Mickey Mouse &amp; Friends box</li><li>Ages 3+</li></ul><p><strong>What's included:</strong></p><ul><li>1 Winnie the Pooh figure</li></ul>,The Toy Gift Shop,,Action Figures & Characters,"winnie the pooh, action figure, mickey mouse, friends, toy, children, 3 years, movable hands, hard plastic",FALSE,Title,Default Title,TGS-WINNIE-POOH,,shopify,0,deny,manual,3250.00,,TRUE,TRUE,output_pending/TGS-WINNIE-POOH/angle2.jpg,1,Winnie The Pooh Action Figure,FALSE,Winnie The Pooh Action Figure - Mickey Mouse & Friends,Winnie The Pooh action figure with movable hands and feet. Age 3+. Hard plastic. Includes 1 figure. Packaged with clear plastic bubble and pink box.,draft,content_policy,unknown,Fully priced/stocked; fal/OpenAI content-policy block (licensed character) -- needs a manual image. Folder: backlog-products-image-failed/WINNIE-THE-POOH-ACTION-FIGURE
tgs-winnie-pooh,,,,,,,,,,,,,,,,,,,,output_pending/TGS-WINNIE-POOH/angle3.jpg,2,Winnie The Pooh Action Figure,,,,,content_policy,,
tgs-winnie-pooh,,,,,,,,,,,,,,,,,,,,output_pending/TGS-WINNIE-POOH/angle4.jpg,3,Winnie The Pooh Action Figure,,,,,content_policy,,
tgs-elephant-figure,3-in-1 Walking Elephant Toy with Sound and Light,"<p>This toy elephant is battery-operated and walks on its own. It has sound and light features. It is made of hard plastic. It is designed for children ages 3 and up. The toy is part of an animal toy series.</p><ul><li>HARD PLASTIC
BODY</li><li>BATTERY-OPERATED
WALKING</li><li>SOUND AND LIGHT
FEATURES</li><li>FOR AGES 3+
RECOMMENDED</li><li>3X AA BATTERIES
INCLUDED</li></ul><p><strong>What's included:</strong></p><ul><li>1 x Walking Elephant Toy</li><li>3 x AA Batteries (included)</li><li>Battery Cover Tool (included)</li></ul>",The Toy Gift Shop,,Animal & Dinosaur Toys,"elephant, walking toy, animal toy, sound, light, battery operated, 3 in 1, kids toy, ages 3",FALSE,Title,Default Title,TGS-ELEPHANT-FIGURE,,shopify,0,deny,manual,1200.00,,TRUE,TRUE,output_pending/TGS-ELEPHANT-FIGURE/angle2.jpg,1,3-in-1 Walking Elephant Toy with Sound and Light,FALSE,3-in-1 Walking Elephant Toy with Sound and Light,Battery-operated walking elephant toy with sound and light features. Ages 3+. Includes 3 AA batteries.,draft,backlog_low_stock,unknown,Below the stock-listing threshold (or explicitly discontinued) -- not priced for sale yet. Folder: backlog-products/3-IN-1-WALKING-ELEPHANT-TOY
tgs-elephant-figure,,,,,,,,,,,,,,,,,,,,output_pending/TGS-ELEPHANT-FIGURE/angle3.jpg,2,3-in-1 Walking Elephant Toy with Sound and Light,,,,,backlog_low_stock,,
tgs-elephant-figure,,,,,,,,,,,,,,,,,,,,output_pending/TGS-ELEPHANT-FIGURE/angle4.jpg,3,3-in-1 Walking Elephant Toy with Sound and Light,,,,,backlog_low_stock,,
tgs-vita-50-drone,4DRC Vita-50 4-Axis Remote Control Drone with Controller,<p>This is a 4-axis remote control drone. It has a black and blue body with a silver nose. It is controlled by a black remote with two joysticks. The drone has four propellers. It is for children aged 14 and up as indicated on the box.</p><ul><li>Black and blue plastic body</li><li>4-axis drone with four propellers</li><li>Black remote control with two joysticks</li><li>Designed for children aged 14 and up</li><li>Includes drone and remote control</li></ul><p><strong>What's included:</strong></p><ul><li>Drone</li><li>Remote control</li></ul>,The Toy Gift Shop,,RC & Remote Control Toys,"drone, remote control, toy, children, 14+, 4-axis, controller, plastic, propellers",FALSE,Title,Default Title,TGS-VITA-50-DRONE,,shopify,0,deny,manual,5850.00,,TRUE,TRUE,output_pending/TGS-VITA-50-DRONE/angle2.jpg,1,4DRC Vita-50 4-Axis Remote Control Drone with Controller,FALSE,4DRC Vita-50 4-Axis Drone Remote Control Toy,4DRC Vita-50 4-Axis Remote Control Drone with Controller. For children aged 14 and up. Includes drone and remote control. Black and blue plastic body.,draft,backlog_low_stock,unknown,Below the stock-listing threshold (or explicitly discontinued) -- not priced for sale yet. Folder: backlog-products/4DRC-VITA-50-4-AXIS-REMOTE-CONTROL-DRONE
tgs-vita-50-drone,,,,,,,,,,,,,,,,,,,,output_pending/TGS-VITA-50-DRONE/angle3.jpg,2,4DRC Vita-50 4-Axis Remote Control Drone with Controller,,,,,backlog_low_stock,,
tgs-vita-50-drone,,,,,,,,,,,,,,,,,,,,output_pending/TGS-VITA-50-DRONE/front.jpg,3,4DRC Vita-50 4-Axis Remote Control Drone with Controller,,,,,backlog_low_stock,,
tgs-air-combat-fighter,Air Combat Fighter Jet Toy with Sound and Flashing Lights,<p>This is a toy jet fighter with a blue and white color scheme. It has flashing lights on top and makes sounds when activated. The toy moves forward when pushed. It is designed for children aged 3 and up. The packaging shows it is made of plastic.</p><ul><li>Made of plastic</li><li>Has flashing top lights</li><li>Makes sound when activated</li><li>Moves forward when pushed</li><li>Intended for children aged 3 and up</li></ul><p><strong>What's included:</strong></p><ul><li>Air Combat Fighter Jet Toy</li><li>Product packaging</li></ul>,The Toy Gift Shop,,Cars & Vehicles,"air combat fighter, jet toy, plastic toy, flashing lights, sound toy, bump and go, children toys, 3+ age, airplane toy",FALSE,Title,Default Title,TGS-AIR-COMBAT-FIGHTER,,shopify,0,deny,manual,1400.00,,TRUE,TRUE,output_pending/TGS-AIR-COMBAT-FIGHTER/angle2.jpg,1,Air Combat Fighter Jet Toy with Sound and Flashing Lights,FALSE,Air Combat Fighter Jet Toy with Sound and Flashing Lights,"Air Combat Fighter Jet Toy with sound, flashing lights, and bump & go movement. Perfect for children aged 3 and up. Plastic construction.",draft,backlog_low_stock,unknown,Below the stock-listing threshold (or explicitly discontinued) -- not priced for sale yet. Folder: backlog-products/AIR-COMBAT-FIGHTER-JET-TOY
tgs-air-combat-fighter,,,,,,,,,,,,,,,,,,,,output_pending/TGS-AIR-COMBAT-FIGHTER/angle3.jpg,2,Air Combat Fighter Jet Toy with Sound and Flashing Lights,,,,,backlog_low_stock,,
tgs-air-combat-fighter,,,,,,,,,,,,,,,,,,,,output_pending/TGS-AIR-COMBAT-FIGHTER/angle4.jpg,3,Air Combat Fighter Jet Toy with Sound and Flashing Lights,,,,,backlog_low_stock,,
tgs-air-falcon-drone,Air Falcon Drone Air Racer 2-in-1 Flying Car,<p>This is a 2-in-1 toy that can drive on the ground and fly in the air. It has a blue car body with a metal frame and black wheels. It comes with a white remote control. The toy is for children aged 8 and up.</p><ul><li>BLUE CAR BODY WITH METAL FRAME</li><li>WHITE REMOTE CONTROL</li><li>BLACK WHEELS</li><li>2-IN-1 MODE: DRIVE AND FLY</li><li>FOR CHILDREN AGED 8 AND UP</li></ul><p><strong>What's included:</strong></p><ul><li>Air Falcon Drone Air Racer (blue car)</li><li>White remote control</li><li>Instruction manual</li></ul>,The Toy Gift Shop,,RC & Remote Control Toys,"drone, flying car, remote control, air racer, children, toy, 8 years, metal frame, remote control toy",FALSE,Title,Default Title,TGS-AIR-FALCON-DRONE,,shopify,0,deny,manual,7850.00,,TRUE,TRUE,output_pending/TGS-AIR-FALCON-DRONE/angle2.jpg,1,Air Falcon Drone Air Racer 2-in-1 Flying Car,FALSE,Air Falcon Drone Air Racer 2-in-1 Flying Car Toy,2-in-1 flying car toy that drives and flies. Includes remote control. For ages 8+. Metal frame and durable design.,draft,backlog_low_stock,unknown,Below the stock-listing threshold (or explicitly discontinued) -- not priced for sale yet. Folder: backlog-products/AIR-FALCON-DRONE-AIR-RACER-2-IN-1-FLYING-CAR
tgs-air-falcon-drone,,,,,,,,,,,,,,,,,,,,output_pending/TGS-AIR-FALCON-DRONE/angle3.jpg,2,Air Falcon Drone Air Racer 2-in-1 Flying Car,,,,,backlog_low_stock,,
tgs-air-falcon-drone,,,,,,,,,,,,,,,,,,,,output_pending/TGS-AIR-FALCON-DRONE/angle4.jpg,3,Air Falcon Drone Air Racer 2-in-1 Flying Car,,,,,backlog_low_stock,,
tgs-aks-74u-water,Aks-74U Electric Continuous Water Bomb Shooter Toy,<p>This is an electric water bomb shooter toy shaped like an AKS-74U rifle. It shoots water using a water bottle attached to the top. It requires batteries to operate and has a recoil linkage mechanism. It is designed for water play and is intended for ages 14 and up.</p><ul><li>Made of hard plastic</li><li>Includes a water bottle and USB charger</li><li>Has a recoil linkage mechanism</li><li>Requires batteries to operate</li><li>Intended for water play</li></ul><p><strong>What's included:</strong></p><ul><li>Water bomb shooter toy</li><li>Water bottle</li><li>USB charger</li><li>Battery</li></ul>,The Toy Gift Shop,,Water & Beach Toys,"water bomb shooter, electric water gun, ak-74u toy, water play, outdoor toy, 14+ ages, usb rechargeable, recoil linkage, water bottle",FALSE,Title,Default Title,TGS-AKS-74U-WATER,,shopify,0,deny,manual,4400.00,,TRUE,TRUE,output_pending/TGS-AKS-74U-WATER/angle2.jpg,1,Aks-74U Electric Continuous Water Bomb Shooter Toy,FALSE,Aks-74U Electric Water Bomb Shooter Toy,"Electric continuous water bomb shooter toy shaped like AKS-74U rifle. Includes water bottle, USB charger, and battery. For ages 14+.",draft,backlog_low_stock,unknown,Below the stock-listing threshold (or explicitly discontinued) -- not priced for sale yet. Folder: backlog-products/AKS-74U-ELECTRIC-WATER-BOMB-SHOOTER
tgs-aks-74u-water,,,,,,,,,,,,,,,,,,,,output_pending/TGS-AKS-74U-WATER/angle3.jpg,2,Aks-74U Electric Continuous Water Bomb Shooter Toy,,,,,backlog_low_stock,,
tgs-aks-74u-water,,,,,,,,,,,,,,,,,,,,output_pending/TGS-AKS-74U-WATER/angle4.jpg,3,Aks-74U Electric Continuous Water Bomb Shooter Toy,,,,,backlog_low_stock,,
tgs-animal-piano-keys,Animal Piano Keyboard with Animal Sound Buttons and Recording Function,"<p>This toy piano has a white plastic body with a keyboard, colorful animal buttons, and sound effect controls. It includes recording and replay functions. The toy is designed for children 18 months and older. It plays melodies and animal sounds.</p><ul><li>White plastic body with black and white keys</li><li>Animal-shaped buttons for sound effects</li><li>Recording and replay function buttons</li><li>Volume and tempo control buttons</li><li>Designed for children 18 months and older</li></ul><p><strong>What's included:</strong></p><ul><li>Animal Piano Keyboard</li><li>Instruction Manual (not visible, but implied by packaging)</li><li>Battery (not visible, but implied by packaging)</li></ul>",The Toy Gift Shop,,Musical Toys,"animal piano, musical toy, children's piano, recording function, animal sounds, musical instruments, toy keyboard, 18 months, play and learn",FALSE,Title,Default Title,TGS-ANIMAL-PIANO-KEYS,,shopify,0,deny,manual,,,TRUE,TRUE,output_pending/TGS-ANIMAL-PIANO-KEYS/front.jpg,1,Animal Piano Keyboard with Animal Sound Buttons and Recording Function,FALSE,Animal Piano Keyboard with Animal Sounds and Recording,"Animal Piano Keyboard with animal sound buttons, recording function, and volume/tempo controls. Designed for children 18 months and older.",draft,backlog_low_stock,unknown,Below the stock-listing threshold (or explicitly discontinued) -- not priced for sale yet. Folder: backlog-products/ANIMAL-PIANO-KEYBOARD
tgs-animal-shaped-phone,Animal Shaped Educational Toy Phone for Ages 3+,<p>This toy phone is shaped like a yellow cat with a brown handset and buttons. It has a mobile traction rope and multifunctional buttons. The toy is designed for children ages 3 and up to play with.</p><ul><li>Made of hard plastic</li><li>Designed for children 3+ years old</li><li>Includes a mobile traction rope</li><li>Features multifunctional buttons</li><li>Includes a handset and base unit</li></ul><p><strong>What's included:</strong></p><ul><li>Animal shaped toy phone</li><li>Handset</li><li>Mobile traction rope</li></ul>,The Toy Gift Shop,,Baby & Toddler Toys,"toy phone, animal shaped, educational toy, baby activity toy, 3+ age, multifunctional buttons, mobile traction rope, hard plastic, cute cat",FALSE,Title,Default Title,TGS-ANIMAL-SHAPED-PHONE,,shopify,0,deny,manual,,,TRUE,TRUE,output_pending/TGS-ANIMAL-SHAPED-PHONE/angle2.jpg,1,Animal Shaped Educational Toy Phone for Ages 3+,FALSE,Animal Shaped Educational Toy Phone for Ages 3+,"Animal Shaped Educational Toy Phone for Ages 3+. Features multifunctional buttons, mobile traction rope, and cute cat design. Made of hard plastic. Perfect for early learning and play.",draft,backlog_low_stock,unknown,Below the stock-listing threshold (or explicitly discontinued) -- not priced for sale yet. Folder: backlog-products/ANIMAL-SHAPED-EDUCATIONAL-TOY-PHONE
tgs-animal-shaped-phone,,,,,,,,,,,,,,,,,,,,output_pending/TGS-ANIMAL-SHAPED-PHONE/angle3.jpg,2,Animal Shaped Educational Toy Phone for Ages 3+,,,,,backlog_low_stock,,
tgs-animal-shaped-phone,,,,,,,,,,,,,,,,,,,,output_pending/TGS-ANIMAL-SHAPED-PHONE/angle4.jpg,3,Animal Shaped Educational Toy Phone for Ages 3+,,,,,backlog_low_stock,,
tgs-ball-catching-claw,Ball Catching Claw Game with Digital Timer and Steering Wheel,<p>This is a ball-catching arcade game with a digital timer and a steering wheel. It is made of plastic with colorful balls. The game has a digital display showing a score. It is for children aged 3 and up. The game is designed for parent-child interaction and includes a light feature.</p><ul><li>Plastic construction with colorful balls</li><li>Digital timer display</li><li>Steering wheel for controlling the claw</li><li>Includes 30 colorful balls and 2 batteries</li><li>For children aged 3 and up</li></ul><p><strong>What's included:</strong></p><ul><li>Ball Catching Claw Game</li><li>30 colorful balls</li><li>2 batteries</li><li>Battery connector wires</li></ul>,The Toy Gift Shop,,Robots & Electronic Toys,"ball catching, claw game, arcade game, children toys, digital timer, steering wheel, parent child, ages 3, plastic toy",FALSE,Title,Default Title,TGS-BALL-CATCHING-CLAW,,shopify,0,deny,manual,8500.00,,TRUE,TRUE,output_pending/TGS-BALL-CATCHING-CLAW/angle2.jpg,1,Ball Catching Claw Game with Digital Timer and Steering Wheel,FALSE,Ball Catching Claw Game with Timer and Steering Wheel,"Ball Catching Claw Game with digital timer, steering wheel, and 30 colorful balls for ages 3+. Perfect for parent-child interaction.",draft,backlog_low_stock,unknown,Below the stock-listing threshold (or explicitly discontinued) -- not priced for sale yet. Folder: backlog-products/BALL-CATCHING-CLAW-GAME
tgs-ball-catching-claw,,,,,,,,,,,,,,,,,,,,output_pending/TGS-BALL-CATCHING-CLAW/angle3.jpg,2,Ball Catching Claw Game with Digital Timer and Steering Wheel,,,,,backlog_low_stock,,
tgs-ball-catching-claw,,,,,,,,,,,,,,,,,,,,output_pending/TGS-BALL-CATCHING-CLAW/angle4.jpg,3,Ball Catching Claw Game with Digital Timer and Steering Wheel,,,,,backlog_low_stock,,
tgs-baseball-sport,Baseball Sport Game Set with Bat and Balls,"<p>This toy baseball game set includes a launcher, a bat, and two balls. The launcher has a blue and teal plastic base and a mesh tube. The bat is blue plastic. The balls are white with stitched seams. It is designed for children to play baseball-style games.</p><ul><li>Plastic construction with blue and teal colors</li><li>Launcher has a mesh tube and a pedal</li><li>Includes one blue bat and two white balls</li><li>Intended for children ages 3 and up</li><li>Requires no batteries or power source</li></ul><p><strong>What's included:</strong></p><ul><li>Baseball Sport Game Set launcher</li><li>Blue plastic bat</li><li>Two white baseballs</li></ul>",The Toy Gift Shop,,Sports Toys,"baseball, toy, game, sports, children, ages 3, indoor, outdoor, launcher, bat, balls",FALSE,Title,Default Title,TGS-BASEBALL-SPORT,,shopify,0,deny,manual,4600.00,,TRUE,TRUE,output_pending/TGS-BASEBALL-SPORT/angle2.jpg,1,Baseball Sport Game Set with Bat and Balls,FALSE,Baseball Sport Game Set for Kids Ages 3+,"Baseball Sport Game Set with launcher, bat, and balls. Ages 3+. Plastic construction. Great for indoor or outdoor play.",draft,backlog_low_stock,unknown,Below the stock-listing threshold (or explicitly discontinued) -- not priced for sale yet. Folder: backlog-products/BASEBALL-SPORT-GAME-SET
tgs-baseball-sport,,,,,,,,,,,,,,,,,,,,output_pending/TGS-BASEBALL-SPORT/angle3.jpg,2,Baseball Sport Game Set with Bat and Balls,,,,,backlog_low_stock,,
tgs-baseball-sport,,,,,,,,,,,,,,,,,,,,output_pending/TGS-BASEBALL-SPORT/angle4.jpg,3,Baseball Sport Game Set with Bat and Balls,,,,,backlog_low_stock,,
tgs-jump-o-rama,Bestway Jump-O-Rama Bouncer,"<p>This is a toy bouncer for children. It has a soft, inflatable surface. Children jump on it to bounce. It is designed for indoor play. The box shows children using it with an adult nearby.</p><ul><li>Inflatable material</li><li>1.70 m x 1.58 m x 1.27 m</li><li>Includes a bouncy surface</li><li>Intended for children 3+ years</li><li>For indoor use only</li></ul><p><strong>What's included:</strong></p><ul><li>Jump-O-Rama Bouncer inflatable unit</li></ul>",The Toy Gift Shop,,Novelty & Fun Toys,"jump-o-rama, bestway, bouncer, toy, kids, indoor, 3+, inflatable, fun, play, children",FALSE,Title,Default Title,TGS-JUMP-O-RAMA,,shopify,0,deny,manual,,,TRUE,TRUE,output_pending/TGS-JUMP-O-RAMA/angle2.jpg,1,Bestway Jump-O-Rama Bouncer,FALSE,Bestway Jump-O-Rama Bouncer for Kids 3+,Bestway Jump-O-Rama Bouncer for children 3+. Inflatable toy for indoor bouncing fun. Dimensions: 1.70m x 1.58m x 1.27m.,draft,backlog_low_stock,unknown,Below the stock-listing threshold (or explicitly discontinued) -- not priced for sale yet. Folder: backlog-products/BESTWAY-JUMP-O-RAMA-BOUNCER
tgs-jump-o-rama,,,,,,,,,,,,,,,,,,,,output_pending/TGS-JUMP-O-RAMA/angle3.jpg,2,Bestway Jump-O-Rama Bouncer,,,,,backlog_low_stock,,
tgs-jump-o-rama,,,,,,,,,,,,,,,,,,,,output_pending/TGS-JUMP-O-RAMA/front.jpg,3,Bestway Jump-O-Rama Bouncer,,,,,backlog_low_stock,,
tgs-laugh-n-leap,Bestway Laugh 'N Leap Bouncer Inflatable Play Center,"<p>This inflatable bouncer is designed for children aged 3 and up. It features a purple and teal color scheme with a safety net enclosure. The product is intended for indoor or outdoor use on a flat, hard surface. It requires inflation and adult supervision.</p><ul><li>Inflatable plastic construction</li><li>Dimensions: 1.52m x 1.52m x 0.84m</li><li>Includes safety net enclosure</li><li>Intended for children 3+ years</li><li>Requires inflation and adult supervision</li></ul><p><strong>What's included:</strong></p><ul><li>Inflatable bouncer unit with safety net</li><li>Inflation pump (not visible in packaging)</li><li>Instruction manual (not visible in packaging)</li></ul>",The Toy Gift Shop,,Novelty & Fun Toys,"inflatable, bouncer, kids, 3+, play, toy, outdoor, indoor, bestway",FALSE,Title,Default Title,TGS-LAUGH-N-LEAP,,shopify,0,deny,manual,,,TRUE,TRUE,output_pending/TGS-LAUGH-N-LEAP/angle2.jpg,1,Bestway Laugh 'N Leap Bouncer Inflatable Play Center,FALSE,Bestway Laugh 'N Leap Bouncer for Kids 3+,"Bestway Laugh 'N Leap Bouncer inflatable play center for children 3+. Features safety net, teal and purple colors, and requires inflation. Ideal for indoor or outdoor fun.",draft,backlog_low_stock,unknown,Below the stock-listing threshold (or explicitly discontinued) -- not priced for sale yet. Folder: backlog-products/BESTWAY-LAUGH-N-LEAP-BOUNCER-INFLATABLE-PLAY
tgs-laugh-n-leap,,,,,,,,,,,,,,,,,,,,output_pending/TGS-LAUGH-N-LEAP/angle3.jpg,2,Bestway Laugh 'N Leap Bouncer Inflatable Play Center,,,,,backlog_low_stock,,
tgs-laugh-n-leap,,,,,,,,,,,,,,,,,,,,output_pending/TGS-LAUGH-N-LEAP/angle4.jpg,3,Bestway Laugh 'N Leap Bouncer Inflatable Play Center,,,,,backlog_low_stock,,
tgs-blast-flames,Blast Of Flames LED Light Sword Toy,<p>This toy is a sword-shaped light-up item with blue LED lights. It is made of plastic and has a black and blue color scheme. It stands upright on a black base. It is designed for children aged 8 and up. The lights are activated by a button on the hilt.</p><ul><li>Made of plastic</li><li>Blue LED lights</li><li>Stands on a base</li><li>Includes 10 round-headed bullets</li><li>For ages 8 and up</li></ul><p><strong>What's included:</strong></p><ul><li>LED light sword</li><li>Base</li><li>10 round-headed bullets</li><li>Instruction manual</li></ul>,The Toy Gift Shop,,Novelty & Fun Toys,"LED light sword, novelty toy, children's toy, light-up toy, sword toy, blaster toy, action toy, blue light, plastic toy",FALSE,Title,Default Title,TGS-BLAST-FLAMES,,shopify,0,deny,manual,3650.00,,TRUE,TRUE,output_pending/TGS-BLAST-FLAMES/angle2.jpg,1,Blast Of Flames LED Light Sword Toy,FALSE,Blast Of Flames LED Light Sword Toy for Kids,"Blast Of Flames LED light sword toy for kids aged 8+. Features blue lights, plastic construction, and includes 10 round-headed bullets. Great for imaginative play.",draft,backlog_low_stock,unknown,Below the stock-listing threshold (or explicitly discontinued) -- not priced for sale yet. Folder: backlog-products/BLAST-OF-FLAMES-LED-LIGHT-SWORD-TOY
tgs-blast-flames,,,,,,,,,,,,,,,,,,,,output_pending/TGS-BLAST-FLAMES/angle3.jpg,2,Blast Of Flames LED Light Sword Toy,,,,,backlog_low_stock,,
tgs-blast-flames,,,,,,,,,,,,,,,,,,,,output_pending/TGS-BLAST-FLAMES/angle4.jpg,3,Blast Of Flames LED Light Sword Toy,,,,,backlog_low_stock,,
tgs-7-diecast-car,BMW 7 Series Diecast Model Car,"<p>This is a diecast model car of the BMW 7 Series. It is made of metal with painted details. The car has a two-tone color scheme with a dark roof and red body. It is designed for display and collection, not for outdoor play or rough handling.</p><ul><li>Made of metal with painted finish</li><li>Two-tone color: dark roof, red body</li><li>Hood and trunk open for display</li><li>Includes one model car</li><li>For display and collection</li></ul><p><strong>What's included:</strong></p><ul><li>1 x BMW 7 Series Diecast Model Car</li></ul>",The Toy Gift Shop,,Cars & Vehicles,"bmw, diecast, model car, collectible, toy car, 7 series, display, collection, metal",FALSE,Title,Default Title,TGS-7-DIECAST-CAR,,shopify,0,deny,manual,,,TRUE,TRUE,output_pending/TGS-7-DIECAST-CAR/angle2.jpg,1,BMW 7 Series Diecast Model Car,FALSE,BMW 7 Series Diecast Model Car - Collectible Toy,"Diecast model of the BMW 7 Series. Metal body, painted details, open hood and trunk. For display and collection. Age 3+.",draft,backlog_low_stock,unknown,Below the stock-listing threshold (or explicitly discontinued) -- not priced for sale yet. Folder: backlog-products/BMW-7-SERIES-DIECAST-MODEL-CAR
tgs-7-diecast-car,,,,,,,,,,,,,,,,,,,,output_pending/TGS-7-DIECAST-CAR/angle3.jpg,2,BMW 7 Series Diecast Model Car,,,,,backlog_low_stock,,
tgs-7-diecast-car,,,,,,,,,,,,,,,,,,,,output_pending/TGS-7-DIECAST-CAR/angle4.jpg,3,BMW 7 Series Diecast Model Car,,,,,backlog_low_stock,,
tgs-m3-e30-diecast,BMW M3 E30 Diecast Model Car,"<p>This is a diecast model of a BMW M3 E30 car. It is made of metal with a glossy black finish and red accent stripes. The car has detailed features including a rear spoiler, headlights, and wheels. It is designed for display and collection.</p><ul><li>Made of metal with a glossy black finish</li><li>Features red accent stripes along the sides</li><li>Includes detailed headlights and wheels</li><li>Has a rear spoiler and M3 badge</li><li>Intended for display and collection</li></ul><p><strong>What's included:</strong></p><ul><li>BMW M3 E30 diecast model car</li></ul>",The Toy Gift Shop,,Cars & Vehicles,"bmw, m3, e30, diecast, car, model, toy, collectible, display",FALSE,Title,Default Title,TGS-M3-E30-DIECAST,,shopify,0,deny,manual,,,TRUE,TRUE,output_pending/TGS-M3-E30-DIECAST/angle2.jpg,1,BMW M3 E30 Diecast Model Car,FALSE,BMW M3 E30 Diecast Model Car,Diecast model of the BMW M3 E30 car with glossy black finish and red stripes. Ideal for collectors and display. Scale 1:18.,draft,backlog_low_stock,unknown,Below the stock-listing threshold (or explicitly discontinued) -- not priced for sale yet. Folder: backlog-products/BMW-M3-E30-DIECAST-MODEL-CAR
tgs-m3-e30-diecast,,,,,,,,,,,,,,,,,,,,output_pending/TGS-M3-E30-DIECAST/angle3.jpg,2,BMW M3 E30 Diecast Model Car,,,,,backlog_low_stock,,
tgs-m3-e30-diecast,,,,,,,,,,,,,,,,,,,,output_pending/TGS-M3-E30-DIECAST/angle4.jpg,3,BMW M3 E30 Diecast Model Car,,,,,backlog_low_stock,,
tgs-bottle-pairing,Bottle Pairing Game: Desktop Interactive Color Matching Game for Ages 3+,<p>This desktop interactive game features colorful plastic bottles arranged in a two-tiered stand. Players match pairs of bottles by color. The game is designed for ages 3 and up and includes 100 bottles in various colors. It is suitable for all ages as stated on the box.</p><ul><li>Made of plastic bottles</li><li>Two-tiered stand holds bottles</li><li>100 bottles in multiple colors</li><li>Age recommended: 3+</li><li>Includes game stand and bottles</li></ul><p><strong>What's included:</strong></p><ul><li>100 plastic bottles</li><li>Two-tiered game stand</li></ul>,The Toy Gift Shop,,Board Games,"bottle, pairing, color, matching, game, ages 3+, plastic, toy, desktop, interactive, family",FALSE,Title,Default Title,TGS-BOTTLE-PAIRING,,shopify,0,deny,manual,3500.00,,TRUE,TRUE,output_pending/TGS-BOTTLE-PAIRING/angle2.jpg,1,Bottle Pairing Game: Desktop Interactive Color Matching Game for Ages 3+,FALSE,Bottle Pairing Game for Ages 3+ Color Matching Toy,Desktop interactive color matching game with 100 plastic bottles for ages 3+. Perfect for matching pairs and developing color recognition skills.,draft,backlog_low_stock,unknown,Below the stock-listing threshold (or explicitly discontinued) -- not priced for sale yet. Folder: backlog-products/BOTTLE-PAIRING-COLOR-MATCHING-GAME
tgs-bottle-pairing,,,,,,,,,,,,,,,,,,,,output_pending/TGS-BOTTLE-PAIRING/angle3.jpg,2,Bottle Pairing Game: Desktop Interactive Color Matching Game for Ages 3+,,,,,backlog_low_stock,,
tgs-bottle-pairing,,,,,,,,,,,,,,,,,,,,output_pending/TGS-BOTTLE-PAIRING/angle4.jpg,3,Bottle Pairing Game: Desktop Interactive Color Matching Game for Ages 3+,,,,,backlog_low_stock,,
tgs-break-through-car,Break Through Game Car with Two Modes,<p>This is a toy car with a transparent top and a yellow steering wheel. It has two play modes: beginner and hard. The car is made of plastic and is designed for children aged 3 and up. It is intended for hand-eye coordination and parent-child interaction games.</p><ul><li>Plastic construction</li><li>Two play modes: beginner and hard</li><li>Includes one car with steering wheel</li><li>For children aged 3 and up</li><li>Designed for hand-eye coordination and parent-child interaction</li></ul><p><strong>What's included:</strong></p><ul><li>One Break Through Game Car</li><li>One box with product information</li></ul>,The Toy Gift Shop,,Novelty & Fun Toys,"game car, novelty toy, children's toy, toy car, hand-eye coordination, parent-child interaction, ages 3+, plastic toy, beginner mode, hard mode",FALSE,Title,Default Title,TGS-BREAK-THROUGH-CAR,,shopify,0,deny,manual,2250.00,,TRUE,TRUE,output_pending/TGS-BREAK-THROUGH-CAR/angle2.jpg,1,Break Through Game Car with Two Modes,FALSE,Break Through Game Car for Kids Ages 3+,Break Through Game Car with two play modes for children aged 3+. Plastic toy car for hand-eye coordination and parent-child interaction.,draft,backlog_low_stock,unknown,Below the stock-listing threshold (or explicitly discontinued) -- not priced for sale yet. Folder: backlog-products/BREAK-THROUGH-GAME-CAR
tgs-break-through-car,,,,,,,,,,,,,,,,,,,,output_pending/TGS-BREAK-THROUGH-CAR/angle3.jpg,2,Break Through Game Car with Two Modes,,,,,backlog_low_stock,,
tgs-break-through-car,,,,,,,,,,,,,,,,,,,,output_pending/TGS-BREAK-THROUGH-CAR/front.jpg,3,Break Through Game Car with Two Modes,,,,,backlog_low_stock,,
tgs-brilliant-talking-phone,Brilliant Talking Telephone Toy for Babies,<p>A blue plastic toy telephone with a red handset and wheels. It has colorful buttons that light up and make sounds. It is designed to be pulled along by a child. Intended for babies 12 months and older.</p><ul><li>Blue plastic main body with red handset and wheels</li><li>Colorful buttons that light up and make sounds</li><li>Red wheels for pulling along</li><li>Includes toy telephone with handset</li><li>Intended for children 12 months and older</li></ul><p><strong>What's included:</strong></p><ul><li>Brilliant Talking Telephone toy</li></ul>,The Toy Gift Shop,,Musical Toys,"talking telephone, musical toy, baby toy, pull along toy, light up toy, 12 months, baby development, toy for toddlers, phone toy",FALSE,Title,Default Title,TGS-BRILLIANT-TALKING-PHONE,,shopify,0,deny,manual,,,TRUE,TRUE,output_pending/TGS-BRILLIANT-TALKING-PHONE/front.jpg,1,Brilliant Talking Telephone Toy for Babies,FALSE,Brilliant Talking Telephone Toy for Babies 12+ Months,"Blue plastic toy telephone with lights, sounds, and wheels. Pull-along design for babies 12 months and older. Develops imagination and motor skills.",draft,backlog_low_stock,unknown,Below the stock-listing threshold (or explicitly discontinued) -- not priced for sale yet. Folder: backlog-products/BRILLIANT-TALKING-TELEPHONE-TOY
tgs-cars-steer-wheel,Disney Cars Steering Wheel with Sounds,"<p>A Disney Cars steering wheel in Lightning McQueen red, with a suction base and sound buttons across the middle. Ages 3+ as printed on the box.</p><ul><li>Lightning McQueen design</li><li>Sound buttons</li><li>Suction base</li><li>Ages 3+</li></ul><p><strong>What's included:</strong></p><ul><li>Cars steering wheel</li></ul>",The Toy Gift Shop,,Pretend Play & Role Play,"cars, lightning mcqueen, steering wheel, driving toy, disney",FALSE,Title,Default Title,TGS-CARS-STEER-WHEEL,,shopify,0,deny,manual,1450.00,,TRUE,TRUE,output_pending/TGS-CARS-STEER-WHEEL/angle2.jpg,1,Disney Cars Steering Wheel with Sounds,FALSE,Disney Cars Steering Wheel with Sounds,Disney Cars steering wheel with sounds and a suction base. Ages 3+.,draft,backlog_low_stock,unknown,Below the stock-listing threshold (or explicitly discontinued) -- not priced for sale yet. Folder: backlog-products/CARS-LIGHTNING-MCQUEEN-STEERING-WHEEL
tgs-cars-steer-wheel,,,,,,,,,,,,,,,,,,,,output_pending/TGS-CARS-STEER-WHEEL/angle3.jpg,2,Disney Cars Steering Wheel with Sounds,,,,,backlog_low_stock,,
tgs-cars-steer-wheel,,,,,,,,,,,,,,,,,,,,output_pending/TGS-CARS-STEER-WHEEL/angle4.jpg,3,Disney Cars Steering Wheel with Sounds,,,,,backlog_low_stock,,
tgs-catapult-eformatio-truck,Catapult Eformation Truck 2-in-1 Car Carrier Toy,"<p>This toy truck carries multiple small cars on a two-level rack. It can be transformed from a car carrier into a flatbed truck. The toy is made of plastic and includes small cars. It is designed for children aged 3 and up.</p><ul><li>Plastic construction with painted details</li><li>Carries 5 small toy cars</li><li>Includes a transformation feature</li><li>Intended for children aged 3 and up</li><li>Features a red cab and multi-level rack</li></ul><p><strong>What's included:</strong></p><ul><li>1 x Catapult Eformation Truck</li><li>5 x Small toy cars (green, yellow, red, blue, white)</li><li>1 x Instruction manual</li></ul>",The Toy Gift Shop,,Cars & Vehicles,"toy truck, car carrier, transformer, kids toys, 2-in-1, plastic toy, age 3+, small cars, imaginative play",FALSE,Title,Default Title,TGS-CATAPULT-EFORMATIO-TRUCK,,shopify,0,deny,manual,4250.00,,TRUE,TRUE,output_pending/TGS-CATAPULT-EFORMATIO-TRUCK/angle2.jpg,1,Catapult Eformation Truck 2-in-1 Car Carrier Toy,FALSE,Catapult Eformation Truck 2-in-1 Car Carrier Toy for Kids,2-in-1 toy truck that transforms from a car carrier to a flatbed. Carries 5 small cars. Ages 3+. Plastic construction. Great for imaginative play.,draft,backlog_low_stock,unknown,Below the stock-listing threshold (or explicitly discontinued) -- not priced for sale yet. Folder: backlog-products/CATAPULT-DEFORMATION-TRUCK-CAR-CARRIER
tgs-catapult-eformatio-truck,,,,,,,,,,,,,,,,,,,,output_pending/TGS-CATAPULT-EFORMATIO-TRUCK/angle3.jpg,2,Catapult Eformation Truck 2-in-1 Car Carrier Toy,,,,,backlog_low_stock,,
tgs-catapult-eformatio-truck,,,,,,,,,,,,,,,,,,,,output_pending/TGS-CATAPULT-EFORMATIO-TRUCK/angle4.jpg,3,Catapult Eformation Truck 2-in-1 Car Carrier Toy,,,,,backlog_low_stock,,
tgs-s-digital-print,Children's Digital Print Camera with Instant Print Feature,"<p>This is a children&#x27;s digital camera designed for instant photo printing. It has a blue plastic body with a small screen, a lens, and multiple buttons. The camera is shown with its packaging and accessories including a strap and a USB cable. It is intended for children to take and print photos.</p><ul><li>BLUE PLASTIC BODY</li><li>INCLUDES USB CABLE</li><li>HAS INSTANT PRINT FUNCTION</li><li>COMES WITH STRAP</li><li>FOR CHILDREN TO USE</li></ul><p><strong>What's included:</strong></p><ul><li>Children&#x27;s Digital Print Camera</li><li>USB Cable</li><li>Strap</li></ul>",The Toy Gift Shop,,Robots & Electronic Toys,"childrens, digital, print, camera, instant, photo, toy, electronics, accessories",FALSE,Title,Default Title,TGS-S-DIGITAL-PRINT,,shopify,0,deny,manual,,,TRUE,TRUE,output_pending/TGS-S-DIGITAL-PRINT/angle2.jpg,1,Children's Digital Print Camera with Instant Print Feature,FALSE,Children's Digital Print Camera with Instant Print,Children's Digital Print Camera with instant print feature. Includes USB cable and strap. Designed for kids to take and print photos.,draft,backlog_low_stock,unknown,Below the stock-listing threshold (or explicitly discontinued) -- not priced for sale yet. Folder: backlog-products/CHILDRENS-DIGITAL-PRINT-CAMERA
tgs-s-digital-print,,,,,,,,,,,,,,,,,,,,output_pending/TGS-S-DIGITAL-PRINT/angle3.jpg,2,Children's Digital Print Camera with Instant Print Feature,,,,,backlog_low_stock,,
tgs-s-digital-print,,,,,,,,,,,,,,,,,,,,output_pending/TGS-S-DIGITAL-PRINT/angle4.jpg,3,Children's Digital Print Camera with Instant Print Feature,,,,,backlog_low_stock,,
tgs-tablet-drawing-calc,Children's LCD Drawing Tablet with Calculator,<p>This children&#x27;s LCD drawing tablet features a calculator keypad and a black screen for drawing. It is made of plastic and includes a stylus and USB cable. The tablet is designed for children aged 3 and up to practice math and drawing.</p><ul><li>PLASTIC BODY</li><li>6.5-INCH SCREEN</li><li>INCLUDES STYLUS</li><li>USB CABLE INCLUDED</li><li>FOR AGES 3+</li></ul><p><strong>What's included:</strong></p><ul><li>LCD DRAWING TABLET</li><li>STYLUS</li><li>USB CABLE</li></ul>,The Toy Gift Shop,,Educational Toys,"childrens, educational, learning, drawing, calculator, toy, stylus, ages3, plastic",FALSE,Title,Default Title,TGS-TABLET-DRAWING-CALC,,shopify,0,deny,manual,,,TRUE,TRUE,output_pending/TGS-TABLET-DRAWING-CALC/angle2.jpg,1,Children's LCD Drawing Tablet with Calculator,FALSE,Children's LCD Drawing Tablet with Calculator,"Children's LCD Drawing Tablet with Calculator for ages 3+. Features a calculator keypad, drawing screen, stylus, and USB cable. Educational learning toy.",draft,backlog_low_stock,unknown,Below the stock-listing threshold (or explicitly discontinued) -- not priced for sale yet. Folder: backlog-products/CHILDRENS-LCD-DRAWING-TABLET-WITH-CALCULATOR
tgs-tablet-drawing-calc,,,,,,,,,,,,,,,,,,,,output_pending/TGS-TABLET-DRAWING-CALC/angle3.jpg,2,Children's LCD Drawing Tablet with Calculator,,,,,backlog_low_stock,,
tgs-tablet-drawing-calc,,,,,,,,,,,,,,,,,,,,output_pending/TGS-TABLET-DRAWING-CALC/angle4.jpg,3,Children's LCD Drawing Tablet with Calculator,,,,,backlog_low_stock,,
tgs-rc-control-train,Classic Express Remote Control Train Set with Smoke System and Circular Track,"<p>This remote control train set includes a black and red locomotive with a smoke system, two cargo cars, a circular track, and a blue remote control. The train runs on a black plastic track and is designed for children aged 3 and up. The set is assembled on a white foam surface.</p><ul><li>Black plastic track forms a circular loop</li><li>Includes one locomotive and two cargo cars</li><li>Remote control unit is blue with directional buttons</li><li>Smoke system is activated by pressing and holding a button</li><li>Intended for children aged 3 and up</li></ul><p><strong>What's included:</strong></p><ul><li>1 locomotive</li><li>2 cargo cars</li><li>1 circular track</li><li>1 remote control</li><li>1 smoke system activation button</li></ul>",The Toy Gift Shop,,RC & Remote Control Toys,"remote control train, classic express, train set, smoke system, children toys, 3+ age, circular track, remote control, toy train",FALSE,Title,Default Title,TGS-RC-CONTROL-TRAIN,,shopify,0,deny,manual,5850.00,,TRUE,TRUE,output_pending/TGS-RC-CONTROL-TRAIN/angle2.jpg,1,Classic Express Remote Control Train Set with Smoke System and Circular Track,FALSE,Classic Express Remote Control Train Set with Smoke System,"Classic Express remote control train set with smoke system, circular track, and remote control for ages 3+. Includes locomotive, cargo cars, and track pieces.",draft,backlog_low_stock,unknown,Below the stock-listing threshold (or explicitly discontinued) -- not priced for sale yet. Folder: backlog-products/CLASSIC-EXPRESS-REMOTE-CONTROL-TRAIN-SET
tgs-rc-control-train,,,,,,,,,,,,,,,,,,,,output_pending/TGS-RC-CONTROL-TRAIN/angle3.jpg,2,Classic Express Remote Control Train Set with Smoke System and Circular Track,,,,,backlog_low_stock,,
tgs-rc-control-train,,,,,,,,,,,,,,,,,,,,output_pending/TGS-RC-CONTROL-TRAIN/angle4.jpg,3,Classic Express Remote Control Train Set with Smoke System and Circular Track,,,,,backlog_low_stock,,
tgs-coca-cola-monsters,Coca-Cola Monsters Vinyl Face Blind Box,"<p>This is a collectible vinyl face toy from the Coca-Cola Monsters series. It is packaged in a blind box, meaning the specific character inside is unknown until opened. The toy is made of vinyl and features a stylized monster design. It is intended for collectors and fans of the Coca-Cola Monsters theme.</p><ul><li>Made of vinyl material</li><li>Includes one collectible vinyl face</li><li>Blind box format - unknown character</li><li>Coca-Cola brand collaboration</li><li>Intended for ages 15+</li></ul><p><strong>What's included:</strong></p><ul><li>One (1) collectible vinyl face toy</li><li>Blind box packaging</li></ul>",The Toy Gift Shop,,Novelty & Fun Toys,"vinyl, collectible, blind box, coca cola, monsters, toy, novelty, pop mart, vinyl face",FALSE,Title,Default Title,TGS-COCA-COLA-MONSTERS,,shopify,0,deny,manual,,,TRUE,TRUE,output_pending/TGS-COCA-COLA-MONSTERS/angle2.jpg,1,Coca-Cola Monsters Vinyl Face Blind Box,FALSE,Coca-Cola Monsters Vinyl Face Blind Box Collectible,Coca-Cola Monsters Vinyl Face Blind Box. Collectible vinyl face toy from the Coca-Cola Monsters series. Age 15+. One (1) figure included. Blind box format.,draft,backlog_low_stock,unknown,Below the stock-listing threshold (or explicitly discontinued) -- not priced for sale yet. Folder: backlog-products/COCA-COLA-MONSTERS-VINYL-FACE-BLIND-BOX
tgs-coca-cola-monsters,,,,,,,,,,,,,,,,,,,,output_pending/TGS-COCA-COLA-MONSTERS/angle3.jpg,2,Coca-Cola Monsters Vinyl Face Blind Box,,,,,backlog_low_stock,,
tgs-coca-cola-monsters,,,,,,,,,,,,,,,,,,,,output_pending/TGS-COCA-COLA-MONSTERS/angle4.jpg,3,Coca-Cola Monsters Vinyl Face Blind Box,,,,,backlog_low_stock,,
tgs-cute-cow-singing,Cute Cow Sing and Dancing Toy,<p>A toy cow with a pink belly and black-and-white spots that sings and dances. It has gold-colored horns and a bell. The toy is made of plastic and stands on black feet. It is intended for children.</p><ul><li>Plastic construction</li><li>Standing toy with black feet</li><li>Sings and dances</li><li>Includes one cow toy</li><li>Intended for children</li></ul><p><strong>What's included:</strong></p><ul><li>1 x Cute Cow Sing and Dancing Toy</li></ul>,The Toy Gift Shop,,Animal & Dinosaur Toys,"cow toy, singing toy, dancing toy, animal toy, children's toy, plastic toy, gift for kids, music toy, dance toy",FALSE,Title,Default Title,TGS-CUTE-COW-SINGING,,shopify,0,deny,manual,2000.00,,TRUE,TRUE,output_pending/TGS-CUTE-COW-SINGING/angle2.jpg,1,Cute Cow Sing and Dancing Toy,FALSE,Cute Cow Singing Dancing Toy for Kids,"Cute Cow Sing and Dancing Toy - a plastic toy cow that sings, dances, and has gold horns. Perfect for children ages 3+.",draft,backlog_low_stock,unknown,Below the stock-listing threshold (or explicitly discontinued) -- not priced for sale yet. Folder: backlog-products/CUTE-COW-SING-AND-DANCING-TOY
tgs-cute-cow-singing,,,,,,,,,,,,,,,,,,,,output_pending/TGS-CUTE-COW-SINGING/angle3.jpg,2,Cute Cow Sing and Dancing Toy,,,,,backlog_low_stock,,
tgs-cute-cow-singing,,,,,,,,,,,,,,,,,,,,output_pending/TGS-CUTE-COW-SINGING/angle4.jpg,3,Cute Cow Sing and Dancing Toy,,,,,backlog_low_stock,,
tgs-cute-duck-water,Cute Duck Water Wheel Bath Toy with Scooter and Bucket,<p>This bath toy is a yellow duck with a red helmet and a green scooter. It has a water wheel mechanism that dispenses water when the bucket is filled and tipped. The toy is made of plastic and is designed for children aged 3 and up. It is intended for use in a bathtub or shower.</p><ul><li>Plastic construction</li><li>Designed for children 3+</li><li>Includes a scooter and bucket</li><li>Water wheel mechanism</li><li>Intended for bath or shower use</li></ul><p><strong>What's included:</strong></p><ul><li>Yellow duck with red helmet and green scooter</li><li>Orange bucket</li><li>Blue scoop</li><li>Green scoop</li><li>Yellow scoop</li><li>Red scoop</li></ul>,The Toy Gift Shop,,Animal & Dinosaur Toys,"bath toy, duck toy, water wheel, plastic toy, children's toy, bath time, bath play, bathtub toy, toddler toy",FALSE,Title,Default Title,TGS-CUTE-DUCK-WATER,,shopify,0,deny,manual,2450.00,,TRUE,TRUE,output_pending/TGS-CUTE-DUCK-WATER/angle2.jpg,1,Cute Duck Water Wheel Bath Toy with Scooter and Bucket,FALSE,Cute Duck Water Wheel Bath Toy for Kids,Cute Duck Water Wheel Bath Toy with scooter and bucket. Improves hand-eye coordination. For ages 3+. Plastic construction. Great for bath or shower play.,draft,backlog_low_stock,unknown,Below the stock-listing threshold (or explicitly discontinued) -- not priced for sale yet. Folder: backlog-products/CUTE-DUCK-WATER-WHEEL-BATH-TOY
tgs-cute-duck-water,,,,,,,,,,,,,,,,,,,,output_pending/TGS-CUTE-DUCK-WATER/angle3.jpg,2,Cute Duck Water Wheel Bath Toy with Scooter and Bucket,,,,,backlog_low_stock,,
tgs-cute-duck-water,,,,,,,,,,,,,,,,,,,,output_pending/TGS-CUTE-DUCK-WATER/angle4.jpg,3,Cute Duck Water Wheel Bath Toy with Scooter and Bucket,,,,,backlog_low_stock,,
tgs-s-car,Deluxe Children's Car Ride-On Toy with Blue Wheels,"<p>This ride-on toy is designed for children aged 3 and up. It features a red and yellow frame with blue wheels. The child sits on a seat and pushes with their feet to move forward. It is intended for indoor and outdoor play on smooth surfaces.</p><ul><li>RED AND YELLOW FRAME</li><li>BLUE WHEELS</li><li>CHILD SITS AND PUSHES WITH FEET</li><li>FOR INDOOR AND OUTDOOR USE</li><li>AGES 3+</li></ul><p><strong>What's included:</strong></p><ul><li>Ride-on toy with red frame, yellow handlebar, and blue wheels</li><li>Instruction manual with assembly diagrams</li></ul>",The Toy Gift Shop,,"Scooters, Bikes & Tricycles","childrens car, ride on toy, tricycle, blue wheels, ages 3, indoor play, outdoor play, toy, plastic",FALSE,Title,Default Title,TGS-S-CAR,,shopify,0,deny,manual,,,TRUE,TRUE,output_pending/TGS-S-CAR/angle2.jpg,1,Deluxe Children's Car Ride-On Toy with Blue Wheels,FALSE,Deluxe Children's Car Ride-On Toy with Blue Wheels,Deluxe Children's Car Ride-On Toy with blue wheels. For ages 3+. Sturdy plastic frame. Push-to-move. Indoor and outdoor use.,draft,backlog_low_stock,unknown,Below the stock-listing threshold (or explicitly discontinued) -- not priced for sale yet. Folder: backlog-products/DELUXE-CHILDRENS-CAR-RIDE-ON-TOY
tgs-s-car,,,,,,,,,,,,,,,,,,,,output_pending/TGS-S-CAR/angle3.jpg,2,Deluxe Children's Car Ride-On Toy with Blue Wheels,,,,,backlog_low_stock,,
tgs-s-car,,,,,,,,,,,,,,,,,,,,output_pending/TGS-S-CAR/angle4.jpg,3,Deluxe Children's Car Ride-On Toy with Blue Wheels,,,,,backlog_low_stock,,
tgs-deluxe-hair-styling,Deluxe Hair Styling Set for Girls,"<p>This toy hair styling set includes a blow dryer, brush, and comb. It has realistic lights and sounds and blows air. It is battery operated and designed for pretend play. The set is for children aged 3 years and up.</p><ul><li>Plastic construction with pink and black colors</li><li>Includes hair dryer, round brush, and comb</li><li>Realistic lights and sound function</li><li>Battery operated with USB charging cable</li><li>Intended for pretend hair styling play</li></ul><p><strong>What's included:</strong></p><ul><li>Hair dryer</li><li>Round brush</li><li>Comb</li><li>USB charging cable</li><li>Battery</li></ul>",The Toy Gift Shop,,Pretend Play & Role Play,"hair styling, pretend play, role play, girls toys, makeup sets, childrens toys, hair dryer toy, battery operated, 3+ years",FALSE,Title,Default Title,TGS-DELUXE-HAIR-STYLING,,shopify,0,deny,manual,3160.00,,TRUE,TRUE,output_pending/TGS-DELUXE-HAIR-STYLING/angle2.jpg,1,Deluxe Hair Styling Set for Girls,FALSE,Deluxe Hair Styling Set for Girls - Pretend Play,"Deluxe Hair Styling Set for girls, includes blow dryer, brush, comb, realistic lights & sounds, battery operated, ages 3+.",draft,backlog_low_stock,unknown,Below the stock-listing threshold (or explicitly discontinued) -- not priced for sale yet. Folder: backlog-products/DELUXE-HAIR-STYLING-SET
tgs-deluxe-hair-styling,,,,,,,,,,,,,,,,,,,,output_pending/TGS-DELUXE-HAIR-STYLING/angle3.jpg,2,Deluxe Hair Styling Set for Girls,,,,,backlog_low_stock,,
tgs-deluxe-hair-styling,,,,,,,,,,,,,,,,,,,,output_pending/TGS-DELUXE-HAIR-STYLING/angle4.jpg,3,Deluxe Hair Styling Set for Girls,,,,,backlog_low_stock,,
tgs-dino-running-dino,Dino Running Dinosaur World Electric Series Toy,"<p>This is a large, white and brown striped dinosaur toy with a clear plastic spine. It is designed to move and walk upright. The toy is made of hard plastic and is intended for children aged 3 and up. It comes in a cardboard box with a brick wall display.</p><ul><li>Made of hard plastic</li><li>Large size with striped pattern</li><li>Walking upright mechanism</li><li>Includes cardboard display</li><li>For children aged 3 and up</li></ul><p><strong>What's included:</strong></p><ul><li>One large white and brown striped dinosaur toy</li><li>One cardboard display with brick wall design</li><li>One warning label</li><li>One product box with multiple dinosaur images</li></ul>",The Toy Gift Shop,,Animal & Dinosaur Toys,"dinosaur, toy, electric, walking, children, ages 3, plastic, display, box",FALSE,Title,Default Title,TGS-DINO-RUNNING-DINO,,shopify,0,deny,manual,2750.00,,TRUE,TRUE,output_pending/TGS-DINO-RUNNING-DINO/angle2.jpg,1,Dino Running Dinosaur World Electric Series Toy,FALSE,Dino Running Dinosaur World Electric Series Toy,"Dino Running Dinosaur World Electric Series Toy. Large, walking upright dinosaur made of hard plastic. Ages 3+. Includes display box.",draft,backlog_low_stock,unknown,Below the stock-listing threshold (or explicitly discontinued) -- not priced for sale yet. Folder: backlog-products/DINO-RUNNING-DINOSAUR-WORLD-ELECTRIC-SERIES
tgs-dino-running-dino,,,,,,,,,,,,,,,,,,,,output_pending/TGS-DINO-RUNNING-DINO/angle3.jpg,2,Dino Running Dinosaur World Electric Series Toy,,,,,backlog_low_stock,,
tgs-dino-running-dino,,,,,,,,,,,,,,,,,,,,output_pending/TGS-DINO-RUNNING-DINO/angle4.jpg,3,Dino Running Dinosaur World Electric Series Toy,,,,,backlog_low_stock,,
tgs-dream-unicorn-bubble,Dream Unicorn Bubble Camera Toy,<p>This toy is a bubble machine shaped like a camera with a unicorn on top. It is made of plastic and includes a bottle of bubble solution. The unicorn figure is decorative and does not move. The toy is intended for children aged 3 and up to create bubbles.</p><ul><li>Plastic body with unicorn decoration</li><li>Includes one bottle of bubble solution</li><li>Decorative unicorn figure on top</li><li>Designed for children aged 3+</li><li>Bubble-making mechanism visible on front</li></ul><p><strong>What's included:</strong></p><ul><li>Bubble camera toy</li><li>One bottle of bubble solution</li></ul>,The Toy Gift Shop,,Outdoor Toys,"bubble toy, unicorn toy, kids toy, bubble machine, plastic toy, 3+ age, outdoor toy, bubble solution, camera toy",FALSE,Title,Default Title,TGS-DREAM-UNICORN-BUBBLE,,shopify,0,deny,manual,,,TRUE,TRUE,output_pending/TGS-DREAM-UNICORN-BUBBLE/angle2.jpg,1,Dream Unicorn Bubble Camera Toy,FALSE,Dream Unicorn Bubble Camera Toy for Kids,Dream Unicorn Bubble Camera Toy for kids age 3+. Includes bubble solution. Plastic bubble machine with unicorn decoration.,draft,backlog_low_stock,unknown,Below the stock-listing threshold (or explicitly discontinued) -- not priced for sale yet. Folder: backlog-products/DREAM-UNICORN-BUBBLE-CAMERA-TOY
tgs-dream-unicorn-bubble,,,,,,,,,,,,,,,,,,,,output_pending/TGS-DREAM-UNICORN-BUBBLE/angle3.jpg,2,Dream Unicorn Bubble Camera Toy,,,,,backlog_low_stock,,
tgs-dream-unicorn-bubble,,,,,,,,,,,,,,,,,,,,output_pending/TGS-DREAM-UNICORN-BUBBLE/angle4.jpg,3,Dream Unicorn Bubble Camera Toy,,,,,backlog_low_stock,,
tgs-e99-pro-max,E99 Pro Max Remote Control Drone with Controller,<p>This remote control drone is designed for ages 14 and up. It features a foldable design with transparent arms and a camera. The drone is controlled by a handheld remote with two antennas. It comes with a carrying case and is intended for indoor and outdoor flying.</p><ul><li>Foldable plastic and transparent arms</li><li>Black remote with two antennas</li><li>Includes carrying case</li><li>Designed for ages 14+</li><li>Features a camera</li></ul><p><strong>What's included:</strong></p><ul><li>E99 Pro Max Drone</li><li>Remote Controller</li><li>Carrying Case</li><li>Accessories (as shown in packaging)</li></ul>,The Toy Gift Shop,,RC & Remote Control Toys,"drone, remote control, children, toys, electronics, folding, camera, controller, 14+",FALSE,Title,Default Title,TGS-E99-PRO-MAX,,shopify,0,deny,manual,8500.00,,TRUE,TRUE,output_pending/TGS-E99-PRO-MAX/angle2.jpg,1,E99 Pro Max Remote Control Drone with Controller,FALSE,E99 Pro Max Remote Control Drone for Ages 14+,"E99 Pro Max Remote Control Drone with controller, camera, and carrying case. Designed for ages 14+. Foldable design for indoor and outdoor flying.",draft,backlog_low_stock,unknown,Below the stock-listing threshold (or explicitly discontinued) -- not priced for sale yet. Folder: backlog-products/E99-PRO-MAX-REMOTE-CONTROL-DRONE
tgs-e99-pro-max,,,,,,,,,,,,,,,,,,,,output_pending/TGS-E99-PRO-MAX/angle3.jpg,2,E99 Pro Max Remote Control Drone with Controller,,,,,backlog_low_stock,,
tgs-e99-pro-max,,,,,,,,,,,,,,,,,,,,output_pending/TGS-E99-PRO-MAX/angle4.jpg,3,E99 Pro Max Remote Control Drone with Controller,,,,,backlog_low_stock,,
tgs-edu-laptop,Two in One Educational Laptop with Mouse for Ages 3+,"<p>This pink and white educational laptop toy is designed for children ages 3 and up. It features a screen with colorful icons for learning letters, numbers, and words. The laptop includes a keyboard and a mouse. The toy is made of plastic and is intended for educational play.</p><ul><li>Plastic construction with pink and white color scheme</li><li>Includes a mouse connected by a wire</li><li>Screen displays colorful icons for learning</li><li>Keyboard has letters A-Z and numbers 1-10</li><li>Intended for educational play for ages 3+</li></ul><p><strong>What's included:</strong></p><ul><li>Educational laptop toy</li><li>Mouse with wire</li><li>Instruction booklet</li></ul>",The Toy Gift Shop,,Educational Toys,"educational laptop, learning toy, kids toy, spanish english, ages 3, keyboard toy, mouse toy, educational play, plastic toy",FALSE,Title,Default Title,TGS-EDU-LAPTOP,,shopify,0,deny,manual,,,TRUE,TRUE,output_pending/TGS-EDU-LAPTOP/angle2.jpg,1,Two in One Educational Laptop with Mouse for Ages 3+,FALSE,Two in One Educational Laptop for Ages 3+,"Pink and white educational laptop toy for ages 3+ with mouse, keyboard, and screen for learning letters, numbers, and words in Spanish and English.",draft,backlog_low_stock,unknown,Below the stock-listing threshold (or explicitly discontinued) -- not priced for sale yet. Folder: backlog-products/EDUCATIVO-TWO-IN-ONE-LEARNING-LAPTOP
tgs-edu-laptop,,,,,,,,,,,,,,,,,,,,output_pending/TGS-EDU-LAPTOP/angle3.jpg,2,Two in One Educational Laptop with Mouse for Ages 3+,,,,,backlog_low_stock,,
tgs-edu-laptop,,,,,,,,,,,,,,,,,,,,output_pending/TGS-EDU-LAPTOP/angle4.jpg,3,Two in One Educational Laptop with Mouse for Ages 3+,,,,,backlog_low_stock,,
tgs-elec-cartoon-dino,Electric Cartoon Dinosaur Toy with Sound and Movement,<p>This toy is a yellow cartoon dinosaur with brown mane and green accents. It has a lid on its back that opens to reveal small eggs inside. The toy moves and makes sounds when activated. It is made of hard plastic and is intended for children aged 3 and up.</p><ul><li>Made of hard plastic</li><li>Approximate size: 7 inches tall</li><li>Has a movable lid for eggs</li><li>Includes 2 small eggs in plastic bag</li><li>Designed for children 3 years and older</li></ul><p><strong>What's included:</strong></p><ul><li>Electric Cartoon Dinosaur Toy</li><li>2 small eggs in plastic bag</li></ul>,The Toy Gift Shop,,Animal & Dinosaur Toys,"dinosaur, electric, toys, cartoon, sound, movement, eggs, 3+, plastic",FALSE,Title,Default Title,TGS-ELEC-CARTOON-DINO,,shopify,0,deny,manual,2400.00,,TRUE,TRUE,output_pending/TGS-ELEC-CARTOON-DINO/angle2.jpg,1,Electric Cartoon Dinosaur Toy with Sound and Movement,FALSE,Electric Cartoon Dinosaur Toy with Sound and Movement,Electric cartoon dinosaur toy with sound and movement. Includes 2 eggs. For ages 3+. Hard plastic build.,draft,backlog_low_stock,unknown,Below the stock-listing threshold (or explicitly discontinued) -- not priced for sale yet. Folder: backlog-products/ELECTRIC-CARTOON-DINOSAUR-TOY
tgs-elec-cartoon-dino,,,,,,,,,,,,,,,,,,,,output_pending/TGS-ELEC-CARTOON-DINO/angle3.jpg,2,Electric Cartoon Dinosaur Toy with Sound and Movement,,,,,backlog_low_stock,,
tgs-elec-cartoon-dino,,,,,,,,,,,,,,,,,,,,output_pending/TGS-ELEC-CARTOON-DINO/angle4.jpg,3,Electric Cartoon Dinosaur Toy with Sound and Movement,,,,,backlog_low_stock,,
tgs-fig-football-star-07por,FIFA Ronaldo 2026 World Cup Football Figure (Portugal),<p></p>,The Toy Gift Shop,,Action Figures & Characters,,FALSE,Title,Default Title,TGS-FIG-FOOTBALL-STAR-07POR,,shopify,0,deny,manual,1250.00,,TRUE,TRUE,output_pending/TGS-FIG-FOOTBALL-STAR-07POR/angle11.jpg,1,FIFA Ronaldo 2026 World Cup Football Figure (Portugal),FALSE,FIFA Ronaldo 2026 World Cup Football Figure (Portugal),,draft,backlog_low_stock,1,Below the stock-listing threshold (or explicitly discontinued) -- not priced for sale yet. Folder: backlog-products/FIFA-RONALDO-2026-WORLD-CUP-PORTUGAL-FIGURE
tgs-fig-football-star-07por,,,,,,,,,,,,,,,,,,,,output_pending/TGS-FIG-FOOTBALL-STAR-07POR/angle12.jpg,2,FIFA Ronaldo 2026 World Cup Football Figure (Portugal),,,,,backlog_low_stock,,
tgs-fig-football-star-07por,,,,,,,,,,,,,,,,,,,,output_pending/TGS-FIG-FOOTBALL-STAR-07POR/angle13.jpg,3,FIFA Ronaldo 2026 World Cup Football Figure (Portugal),,,,,backlog_low_stock,,
tgs-four-players-dice,Four Players Dice Board Game,"<p>This is a four-player dice board game in a wooden frame with colored number blocks and dice. The game board has a green center and numbered tracks on all sides. It is for children and includes dice and numbered blocks. The game is designed for 4 players.</p><ul><li>Wooden frame with green center</li><li>Includes 10 numbered blocks per color (red, blue, yellow, green)</li><li>Includes 5 dice (green, yellow, red, blue, white)</li><li>Game for 4 players</li><li>Age recommendation: 3 years and up</li></ul><p><strong>What's included:</strong></p><ul><li>Wooden game board</li><li>10 red numbered blocks</li><li>10 blue numbered blocks</li><li>10 yellow numbered blocks</li><li>10 green numbered blocks</li><li>5 dice (green, yellow, red, blue, white)</li></ul>",The Toy Gift Shop,,Board Games,"dice, board game, family game, wooden, children, 4 players, game for kids, toys, games",FALSE,Title,Default Title,TGS-FOUR-PLAYERS-DICE,,shopify,0,deny,manual,3300.00,,TRUE,TRUE,output_pending/TGS-FOUR-PLAYERS-DICE/angle2.jpg,1,Four Players Dice Board Game,FALSE,Four Players Dice Board Game for Kids,Four Players Dice Board Game for kids age 3+. Wooden frame with colored numbered blocks and dice. Great for family game nights.,draft,backlog_low_stock,unknown,Below the stock-listing threshold (or explicitly discontinued) -- not priced for sale yet. Folder: backlog-products/FOUR-PLAYERS-DICE-BOARD-GAME
tgs-four-players-dice,,,,,,,,,,,,,,,,,,,,output_pending/TGS-FOUR-PLAYERS-DICE/angle3.jpg,2,Four Players Dice Board Game,,,,,backlog_low_stock,,
tgs-four-players-dice,,,,,,,,,,,,,,,,,,,,output_pending/TGS-FOUR-PLAYERS-DICE/front.jpg,3,Four Players Dice Board Game,,,,,backlog_low_stock,,
tgs-gear-dino,Gear Dinosaur Toy with Musical and Light Effects,<p>A green plastic dinosaur toy with visible internal gears. It plays music and lights up when activated. The toy is designed for children aged 3 and up. It has a long neck and a smiling face with a yellow crest on its head. The toy is shown in its packaging and out of the box.</p><ul><li>Made of green plastic</li><li>Approximately 10 inches tall</li><li>Internal gears visible through clear plastic</li><li>Includes musical and light effects</li><li>Intended for children aged 3 and up</li></ul><p><strong>What's included:</strong></p><ul><li>Gear Dinosaur Toy</li><li>Instruction Manual</li></ul>,The Toy Gift Shop,,Animal & Dinosaur Toys,"dinosaur, toy, gear, music, light, children, age 3, plastic, play",FALSE,Title,Default Title,TGS-GEAR-DINO,,shopify,0,deny,manual,2000.00,,TRUE,TRUE,output_pending/TGS-GEAR-DINO/angle2.jpg,1,Gear Dinosaur Toy with Musical and Light Effects,FALSE,Gear Dinosaur Toy with Music and Lights for Ages 3+,Gear Dinosaur Toy with musical and light effects. Green plastic dinosaur with visible gears. Ages 3+. Includes instruction manual.,draft,backlog_low_stock,unknown,Below the stock-listing threshold (or explicitly discontinued) -- not priced for sale yet. Folder: backlog-products/GEAR-DINOSAUR-TOY
tgs-gear-dino,,,,,,,,,,,,,,,,,,,,output_pending/TGS-GEAR-DINO/angle3.jpg,2,Gear Dinosaur Toy with Musical and Light Effects,,,,,backlog_low_stock,,
tgs-gear-dino,,,,,,,,,,,,,,,,,,,,output_pending/TGS-GEAR-DINO/angle4.jpg,3,Gear Dinosaur Toy with Musical and Light Effects,,,,,backlog_low_stock,,
tgs-grass-frog,Grass Frog Light/Sound Toy with Mechanical Drive,"<p>This green frog toy has a transparent body showing internal gears. It moves by a mechanical drive that turns the gears against each other. It produces light and sound effects. The toy is for children aged 3 and up. It is made of plastic and has a small red button on the head.</p><ul><li>Made of green plastic with a transparent body</li><li>Small size, approximately 4 inches long</li><li>Internal mechanical gears that turn against each other</li><li>Includes one green frog toy</li><li>Intended for children aged 3 and up</li></ul><p><strong>What's included:</strong></p><ul><li>1 x Green Grass Frog Toy</li></ul>",The Toy Gift Shop,,Novelty & Fun Toys,"grass frog, light sound toy, mechanical drive, children toys, novelty toy, age 3, plastic toy, gears toy, fun toy",FALSE,Title,Default Title,TGS-GRASS-FROG,,shopify,0,deny,manual,1750.00,,TRUE,TRUE,output_pending/TGS-GRASS-FROG/angle2.jpg,1,Grass Frog Light/Sound Toy with Mechanical Drive,FALSE,Grass Frog Light Sound Toy with Mechanical Drive,Green Grass Frog toy with light and sound effects. Moves by mechanical gears. For ages 3+. Made of plastic. Includes one toy.,draft,backlog_low_stock,unknown,Below the stock-listing threshold (or explicitly discontinued) -- not priced for sale yet. Folder: backlog-products/GRASS-FROG-LIGHT-SOUND-TOY
tgs-grass-frog,,,,,,,,,,,,,,,,,,,,output_pending/TGS-GRASS-FROG/angle3.jpg,2,Grass Frog Light/Sound Toy with Mechanical Drive,,,,,backlog_low_stock,,
tgs-grass-frog,,,,,,,,,,,,,,,,,,,,output_pending/TGS-GRASS-FROG/front.jpg,3,Grass Frog Light/Sound Toy with Mechanical Drive,,,,,backlog_low_stock,,
tgs-green-truck,Green Truck Toy with Remote Control and Sound,<p>This is a green toy truck with a remote control and sound features. It is made of plastic and has a container-style cargo bed. The truck can move forward and backward and has a door that opens. It is designed for children aged 3 and up.</p><ul><li>Plastic construction</li><li>1:16 scale model</li><li>Remote control included</li><li>Sound and light features</li><li>Openable door on cab</li></ul><p><strong>What's included:</strong></p><ul><li>Green toy truck</li><li>Remote control</li><li>Battery pack (in plastic bag)</li></ul>,The Toy Gift Shop,,RC & Remote Control Toys,"truck, remote control, toy, children, green, sound, plastic, 3+, 1:16 scale",FALSE,Title,Default Title,TGS-GREEN-TRUCK,,shopify,0,deny,manual,5100.00,,TRUE,TRUE,output_pending/TGS-GREEN-TRUCK/angle2.jpg,1,Green Truck Toy with Remote Control and Sound,FALSE,Green Remote Control Truck Toy with Sound,Green remote control truck toy with sound and openable door. Ages 3+. Includes remote and batteries. Plastic construction.,draft,backlog_low_stock,unknown,Below the stock-listing threshold (or explicitly discontinued) -- not priced for sale yet. Folder: backlog-products/GREEN-TRUCK-REMOTE-CONTROL-TOY
tgs-green-truck,,,,,,,,,,,,,,,,,,,,output_pending/TGS-GREEN-TRUCK/angle3.jpg,2,Green Truck Toy with Remote Control and Sound,,,,,backlog_low_stock,,
tgs-green-truck,,,,,,,,,,,,,,,,,,,,output_pending/TGS-GREEN-TRUCK/angle4.jpg,3,Green Truck Toy with Remote Control and Sound,,,,,backlog_low_stock,,
tgs-baby-games-console,Baby Games Console Activity Toy with Buttons and Lights,"<p>This is a baby activity toy shaped like a game console. It has colorful buttons, a slider, and a light-up flower. The toy is made of plastic. It is designed for babies to press buttons and slide the slider to activate sounds and lights. It is intended for early education and sensory play.</p><ul><li>Plastic construction</li><li>Includes 1 console toy</li><li>Features colorful buttons and a light-up flower</li><li>Has a slider and sound buttons</li><li>Intended for early education and sensory play</li></ul><p><strong>What's included:</strong></p><ul><li>1 Baby Games Console Activity Toy</li></ul>",The Toy Gift Shop,,Baby & Toddler Toys,"baby toy, activity toy, sensory toy, games console, 18 months, early education, plastic toy, colorful buttons, light up",FALSE,Title,Default Title,TGS-BABY-GAMES-CONSOLE,,shopify,0,deny,manual,,,TRUE,TRUE,output_pending/TGS-BABY-GAMES-CONSOLE/angle2.jpg,1,Baby Games Console Activity Toy with Buttons and Lights,FALSE,Baby Games Console Activity Toy for 18M+,"Baby Games Console Activity Toy with buttons, lights, and a slider for sensory play. Safe, reliable baby toy for early education. Ideal for 18 months and up.",draft,backlog_low_stock,unknown,Below the stock-listing threshold (or explicitly discontinued) -- not priced for sale yet. Folder: backlog-products/HUANGER-BABY-GAMES-CONSOLE
tgs-baby-games-console,,,,,,,,,,,,,,,,,,,,output_pending/TGS-BABY-GAMES-CONSOLE/angle3.jpg,2,Baby Games Console Activity Toy with Buttons and Lights,,,,,backlog_low_stock,,
tgs-baby-games-console,,,,,,,,,,,,,,,,,,,,output_pending/TGS-BABY-GAMES-CONSOLE/angle4.jpg,3,Baby Games Console Activity Toy with Buttons and Lights,,,,,backlog_low_stock,,
tgs-inflatabl-sofa-lounger,Inflatable Lounger Sofa - Single Size,"<p>This is an inflatable lounger sofa designed for single use. It inflates to provide a soft, cushioned seating area. It is intended for outdoor use on grass or other flat surfaces. The product is shown in multiple colors on the packaging.</p><ul><li>Made of inflatable material</li><li>Single size for one person</li><li>Inflates to form a seated area</li><li>Includes one inflatable lounger</li><li>Intended for outdoor use</li></ul><p><strong>What's included:</strong></p><ul><li>1 inflatable lounger sofa</li></ul>",The Toy Gift Shop,,Novelty & Fun Toys,"inflatable, lounger, outdoor, sofa, toy, kids, teen, grass, inflatable sofa",FALSE,Title,Default Title,TGS-INFLATABL-SOFA-LOUNGER,,shopify,0,deny,manual,,,TRUE,TRUE,output_pending/TGS-INFLATABL-SOFA-LOUNGER/angle2.jpg,1,Inflatable Lounger Sofa - Single Size,FALSE,Inflatable Lounger Sofa Single Size Outdoor Toy,Inflatable lounger sofa for single use. Perfect for outdoor fun on grass. Inflates easily for comfortable seating. Ideal for kids and teens.,draft,backlog_low_stock,unknown,Below the stock-listing threshold (or explicitly discontinued) -- not priced for sale yet. Folder: backlog-products/INFLATABLE-LOUNGER-SOFA-SINGLE-SIZE
tgs-inflatabl-sofa-lounger,,,,,,,,,,,,,,,,,,,,output_pending/TGS-INFLATABL-SOFA-LOUNGER/angle3.jpg,2,Inflatable Lounger Sofa - Single Size,,,,,backlog_low_stock,,
tgs-inflatabl-sofa-lounger,,,,,,,,,,,,,,,,,,,,output_pending/TGS-INFLATABL-SOFA-LOUNGER/front.jpg,3,Inflatable Lounger Sofa - Single Size,,,,,backlog_low_stock,,
tgs-inflatabl-sofa-round,Inflatable Round Sofa Chair - Single Size,"<p>This is an inflatable round sofa chair designed for single use. It inflates using a pump and deflates for storage. The chair is made of a soft, flexible material. It is intended for casual seating in indoor or outdoor settings.</p><ul><li>Made of soft, flexible material</li><li>Single size: 85cm x 70cm</li><li>Includes pump for inflation</li><li>Designed for indoor and outdoor use</li><li>Inflatable for comfortable seating</li></ul><p><strong>What's included:</strong></p><ul><li>Inflatable round sofa chair</li><li>Inflation pump</li></ul>",The Toy Gift Shop,,Novelty & Fun Toys,"inflatable, sofa, chair, round, single, outdoor, indoor, toy, novelty, fun, seating",FALSE,Title,Default Title,TGS-INFLATABL-SOFA-ROUND,,shopify,0,deny,manual,,,TRUE,TRUE,output_pending/TGS-INFLATABL-SOFA-ROUND/angle2.jpg,1,Inflatable Round Sofa Chair - Single Size,FALSE,Inflatable Round Sofa Chair Single Size,"Inflatable round sofa chair for single use. Soft, flexible material. Includes pump. For indoor and outdoor casual seating.",draft,backlog_low_stock,unknown,Below the stock-listing threshold (or explicitly discontinued) -- not priced for sale yet. Folder: backlog-products/INFLATABLE-ROUND-SOFA-CHAIR-SINGLE-SIZE
tgs-inflatabl-sofa-round,,,,,,,,,,,,,,,,,,,,output_pending/TGS-INFLATABL-SOFA-ROUND/angle3.jpg,2,Inflatable Round Sofa Chair - Single Size,,,,,backlog_low_stock,,
tgs-inflatabl-sofa-round,,,,,,,,,,,,,,,,,,,,output_pending/TGS-INFLATABL-SOFA-ROUND/front.jpg,3,Inflatable Round Sofa Chair - Single Size,,,,,backlog_low_stock,,
tgs-insul-coffee-tumbler,Insulated Coffee Tumbler with Strap,<p>This insulated coffee tumbler has a dark green body with a clear lid and a black strap. It features printed text including &#x27;NICE TIME ENJOY EVERY DAY COFFEE&#x27;. The lid has a flip-top straw mechanism. The tumbler is designed for holding beverages.</p><ul><li>Dark green insulated body</li><li>Clear plastic lid with flip-top straw</li><li>Black fabric strap with white text</li><li>Printed text: &#x27;NICE TIME ENJOY EVERY DAY COFFEE&#x27;</li><li>Designed for holding hot or cold drinks</li></ul><p><strong>What's included:</strong></p><ul><li>Insulated coffee tumbler</li><li>Clear plastic lid with straw mechanism</li><li>Black fabric strap with printed text</li></ul>,The Toy Gift Shop,,Drinkware,"coffee, tumbler, insulated, drinkware, strap, lid, straw, adult, beverage",FALSE,Title,Default Title,TGS-INSUL-COFFEE-TUMBLER,,shopify,0,deny,manual,,,TRUE,TRUE,output_pending/TGS-INSUL-COFFEE-TUMBLER/angle2.jpg,1,Insulated Coffee Tumbler with Strap,FALSE,Insulated Coffee Tumbler with Strap,"Dark green insulated coffee tumbler with clear lid, flip-top straw, and black strap. Designed for holding beverages. Includes strap and lid.",draft,backlog_low_stock,unknown,Below the stock-listing threshold (or explicitly discontinued) -- not priced for sale yet. Folder: backlog-products/INSULATED-COFFEE-TUMBLER-WITH-STRAP
tgs-insul-coffee-tumbler,,,,,,,,,,,,,,,,,,,,output_pending/TGS-INSUL-COFFEE-TUMBLER/angle3.jpg,2,Insulated Coffee Tumbler with Strap,,,,,backlog_low_stock,,
tgs-insul-coffee-tumbler,,,,,,,,,,,,,,,,,,,,output_pending/TGS-INSUL-COFFEE-TUMBLER/angle4.jpg,3,Insulated Coffee Tumbler with Strap,,,,,backlog_low_stock,,
tgs-insul-tumbler-gradient,Insulated Travel Tumbler with Handle,"<p>A tumbler that lives in the car&#x27;s cup holder, goes to the office and comes back for the school run. The stainless body is insulated, so a cold drink survives a Karachi afternoon and chai stays hot through a long meeting. It tapers at the base to fit a standard holder, the moulded handle gives you something to hold on to, and the clear flip lid opens with one thumb. The finish runs from soft grey into black towards the bottom — plain enough for a desk, not so plain that it goes missing in a staffroom. Good to know Not a toy — this one is for grown-ups, or for older children who can manage a full cup. Hand wash only; not for the microwave. In the box: tumbler with side handle and clear flip lid. Gift wrap and a handwritten card can be added on this page; we dispatch gift orders within 48 hours. Delivered across Pakistan in 3–5 working days, sooner in Karachi, Lahore and Islamabad. Cash on delivery available.</p><p><strong>What's included:</strong></p><ul><li>1x insulated tumbler with handle</li><li>1x clear flip lid</li></ul>",The Toy Gift Shop,,Drinkware,,FALSE,Title,Default Title,TGS-INSUL-TUMBLER-GRADIENT,,shopify,0,deny,manual,,,TRUE,TRUE,output_pending/TGS-INSUL-TUMBLER-GRADIENT/front.jpg,1,Insulated Travel Tumbler with Handle,FALSE,Insulated Travel Tumbler with Handle in Pakistan | Toy Gift Shop,,draft,backlog_low_stock,unknown,Below the stock-listing threshold (or explicitly discontinued) -- not priced for sale yet. Folder: backlog-products/INSULATED-TRAVEL-TUMBLER-GRADIENT-HANDLE
tgs-insul-tumbler-handle,Insulated Tumbler with Handle and Straw Lid,<p>This insulated tumbler has a handle for holding and a lid with a straw. The body is decorated with a black and white heart pattern. It is designed for drinking beverages.</p><ul><li>Insulated body with heart pattern</li><li>White plastic handle</li><li>White lid with straw</li><li>Stainless steel rim</li><li>For holding drinks on the go</li></ul><p><strong>What's included:</strong></p><ul><li>Insulated tumbler with handle</li><li>White lid with straw</li></ul>,The Toy Gift Shop,,Drinkware,"tumbler, drinkware, handle, straw, heart, insulated, lid, stainless steel, decor",FALSE,Title,Default Title,TGS-INSUL-TUMBLER-HANDLE,,shopify,0,deny,manual,,,TRUE,TRUE,output_pending/TGS-INSUL-TUMBLER-HANDLE/angle2.jpg,1,Insulated Tumbler with Handle and Straw Lid,FALSE,Insulated Tumbler with Handle and Straw Lid,Insulated tumbler with handle and straw lid. Black and white heart pattern. Stainless steel rim. For holding drinks on the go.,draft,backlog_low_stock,unknown,Below the stock-listing threshold (or explicitly discontinued) -- not priced for sale yet. Folder: backlog-products/INSULATED-TUMBLER-HEART-PATTERN-STRAW-LID
tgs-insul-tumbler-handle,,,,,,,,,,,,,,,,,,,,output_pending/TGS-INSUL-TUMBLER-HANDLE/angle3.jpg,2,Insulated Tumbler with Handle and Straw Lid,,,,,backlog_low_stock,,
tgs-insul-tumbler-handle,,,,,,,,,,,,,,,,,,,,output_pending/TGS-INSUL-TUMBLER-HANDLE/front.jpg,3,Insulated Tumbler with Handle and Straw Lid,,,,,backlog_low_stock,,
tgs-bear-inflatabl-chair,"Intex Bear Inflatable Chair for Kids, Wet Set Collection, Age 3-8 Years",<p>This is an inflatable chair shaped like a bear. It is designed for children to sit on in water. The chair inflates with a pump (not included) and is made of vinyl. It is part of the Wet Set Collection and is intended for use in pools or bathtubs. The box indicates it is for ages 3-8 years.</p><ul><li>VINYL MATERIAL</li><li>65CM X 64CM X 79CM</li><li>INFLATABLE BEAR SHAPE</li><li>FOR AGES 3-8</li><li>INCLUDES INFLATABLE CHAIR</li></ul><p><strong>What's included:</strong></p><ul><li>INFLATABLE BEAR CHAIR</li></ul>,The Toy Gift Shop,,Animal & Dinosaur Toys,"inflatable, bear, chair, kids, pool, bathtub, water, animal, intex, wet set, age 3-8",FALSE,Title,Default Title,TGS-BEAR-INFLATABL-CHAIR,,shopify,0,deny,manual,,,TRUE,TRUE,output_pending/TGS-BEAR-INFLATABL-CHAIR/angle2.jpg,1,"Intex Bear Inflatable Chair for Kids, Wet Set Collection, Age 3-8 Years",FALSE,Intex Bear Inflatable Chair for Kids 3-8,Intex Bear Inflatable Chair for kids ages 3-8. Vinyl inflatable animal chair for pool or bath. Wet Set Collection. Includes one chair.,draft,backlog_low_stock,unknown,Below the stock-listing threshold (or explicitly discontinued) -- not priced for sale yet. Folder: backlog-products/INTEX-BEAR-INFLATABLE-CHAIR
tgs-bear-inflatabl-chair,,,,,,,,,,,,,,,,,,,,output_pending/TGS-BEAR-INFLATABL-CHAIR/front.jpg,2,"Intex Bear Inflatable Chair for Kids, Wet Set Collection, Age 3-8 Years",,,,,backlog_low_stock,,
tgs-inflatabl-baby-pool,INTEX Inflatable Baby Pool with Air Lock Pump for Ages 0-1,<p>This is an inflatable baby pool designed for infants aged 0-1. It comes with an air lock pump for inflation. The pool is shown in a pink box with images of a mother and baby using it. Dimensions are listed as 89cm x 66cm x 25cm (35&quot; x 26&quot; x 10&quot;).</p><ul><li>Inflatable plastic material</li><li>Dimensions: 89cm x 66cm x 25cm</li><li>Includes air lock pump</li><li>Designed for ages 0-1</li><li>Features a circular shape with textured surface</li></ul><p><strong>What's included:</strong></p><ul><li>Inflatable baby pool</li><li>Air lock pump</li></ul>,The Toy Gift Shop,,Water & Beach Toys,"baby pool, inflatable, intex, 0-1, air lock pump, water toy, infant, pump included, pink",FALSE,Title,Default Title,TGS-INFLATABL-BABY-POOL,,shopify,0,deny,manual,,,TRUE,TRUE,output_pending/TGS-INFLATABL-BABY-POOL/angle2.jpg,1,INTEX Inflatable Baby Pool with Air Lock Pump for Ages 0-1,FALSE,INTEX Inflatable Baby Pool for Ages 0-1,"INTEX Inflatable Baby Pool with Air Lock Pump for Ages 0-1. Includes pump, dimensions 89cm x 66cm x 25cm. Safe for infant use.",draft,backlog_low_stock,unknown,Below the stock-listing threshold (or explicitly discontinued) -- not priced for sale yet. Folder: backlog-products/INTEX-INFLATABLE-BABY-POOL
tgs-inflatabl-baby-pool,,,,,,,,,,,,,,,,,,,,output_pending/TGS-INFLATABL-BABY-POOL/angle3.jpg,2,INTEX Inflatable Baby Pool with Air Lock Pump for Ages 0-1,,,,,backlog_low_stock,,
tgs-inflatabl-baby-pool,,,,,,,,,,,,,,,,,,,,output_pending/TGS-INFLATABL-BABY-POOL/front.jpg,3,INTEX Inflatable Baby Pool with Air Lock Pump for Ages 0-1,,,,,backlog_low_stock,,
tgs-inflatabl-pool-family,Intex Wet Set Collection Inflatable Rectangular Pool for Ages 1-3,<p>This is an inflatable rectangular pool designed for young children. It is made of plastic material and requires inflation to use. The pool is intended for children aged 1 to 3 years. It comes with a printed box showing the product and its dimensions.</p><ul><li>Made of plastic material</li><li>Dimensions: 86cm x 86cm x 25cm</li><li>Inflatable design</li><li>Intended for children aged 1-3</li><li>Includes pool and printed packaging</li></ul><p><strong>What's included:</strong></p><ul><li>Inflatable rectangular pool</li></ul>,The Toy Gift Shop,,Water & Beach Toys,"inflatable, pool, children, age 1-3, intex, wet set, rectangular, plastic, toy",FALSE,Title,Default Title,TGS-INFLATABL-POOL-FAMILY,,shopify,0,deny,manual,,,TRUE,TRUE,output_pending/TGS-INFLATABL-POOL-FAMILY/angle2.jpg,1,Intex Wet Set Collection Inflatable Rectangular Pool for Ages 1-3,FALSE,Intex Wet Set Inflatable Pool for Ages 1-3,"Intex Wet Set Collection Inflatable Rectangular Pool for Ages 1-3. Made of plastic, dimensions 86cm x 86cm x 25cm. Safe for children 1-3 years.",draft,backlog_low_stock,unknown,Below the stock-listing threshold (or explicitly discontinued) -- not priced for sale yet. Folder: backlog-products/INTEX-WET-SET-RECTANGULAR-FAMILY-POOL
tgs-inflatabl-pool-family,,,,,,,,,,,,,,,,,,,,output_pending/TGS-INFLATABL-POOL-FAMILY/angle3.jpg,2,Intex Wet Set Collection Inflatable Rectangular Pool for Ages 1-3,,,,,backlog_low_stock,,
tgs-inflatabl-pool-family,,,,,,,,,,,,,,,,,,,,output_pending/TGS-INFLATABL-POOL-FAMILY/front.jpg,3,Intex Wet Set Collection Inflatable Rectangular Pool for Ages 1-3,,,,,backlog_low_stock,,
tgs-inflatabl-pool-round,Intex Wet Set Collection Inflatable Round Kiddie Pool with 1.47m x 33cm Dimensions,"<p>An inflatable kiddie pool with a colorful pink, yellow, and green rim. It is designed for children aged 2+ to play in. The pool is shown with a blue interior and is intended for outdoor use. The packaging indicates it is part of the Wet Set Collection.</p><ul><li>INFLATABLE RIM WITH PINK, YELLOW, AND GREEN STRIPS</li><li>DIMENSIONS: 1.47M X 33CM</li><li>INCLUDED: INFLATABLE POOL ONLY</li><li>AGE RECOMMENDED: 2+ YEARS</li><li>FOR OUTDOOR WATER PLAY</li></ul><p><strong>What's included:</strong></p><ul><li>Inflatable round kiddie pool with pink, yellow, and green rim</li></ul>",The Toy Gift Shop,,Water & Beach Toys,"inflatable, kiddie pool, intex, water toys, outdoor play, children 2+, wet set collection, pink yellow green, pool for kids",FALSE,Title,Default Title,TGS-INFLATABL-POOL-ROUND,,shopify,0,deny,manual,,,TRUE,TRUE,output_pending/TGS-INFLATABL-POOL-ROUND/angle2.jpg,1,Intex Wet Set Collection Inflatable Round Kiddie Pool with 1.47m x 33cm Dimensions,FALSE,Intex Inflatable Kiddie Pool for Kids 2+ Years,"Intex Wet Set Collection Inflatable Round Kiddie Pool, 1.47m x 33cm, for children 2+ years. Colorful, inflatable, outdoor water play.",draft,backlog_low_stock,unknown,Below the stock-listing threshold (or explicitly discontinued) -- not priced for sale yet. Folder: backlog-products/INTEX-WET-SET-ROUND-KIDDIE-POOL
tgs-inflatabl-pool-round,,,,,,,,,,,,,,,,,,,,output_pending/TGS-INFLATABL-POOL-ROUND/angle3.jpg,2,Intex Wet Set Collection Inflatable Round Kiddie Pool with 1.47m x 33cm Dimensions,,,,,backlog_low_stock,,
tgs-inflatabl-pool-round,,,,,,,,,,,,,,,,,,,,output_pending/TGS-INFLATABL-POOL-ROUND/front.jpg,3,Intex Wet Set Collection Inflatable Round Kiddie Pool with 1.47m x 33cm Dimensions,,,,,backlog_low_stock,,
tgs-jellyfish-bump-go,Jellyfish Bump and Go Dancing Toy,"<p>This is a jellyfish-shaped toy with a twist mechanism. It has a soft plastic body, large eyes, and headphones. When twisted, it moves and dances. It is designed for children to play with by bumping it.</p><ul><li>Soft plastic body</li><li>Includes 1 jellyfish toy</li><li>Has a twist mechanism</li><li>Features headphones and eyes</li><li>Intended for children to play with</li></ul><p><strong>What's included:</strong></p><ul><li>1 jellyfish toy</li></ul>",The Toy Gift Shop,,Animal & Dinosaur Toys,"jellyfish, dancing, toy, bump, twist, children, play, soft plastic, headphones",FALSE,Title,Default Title,TGS-JELLYFISH-BUMP-GO,,shopify,0,deny,manual,1850.00,,TRUE,TRUE,output_pending/TGS-JELLYFISH-BUMP-GO/angle2.jpg,1,Jellyfish Bump and Go Dancing Toy,FALSE,Jellyfish Bump and Go Dancing Toy for Kids,Jellyfish Bump and Go Dancing Toy. Twist to make it dance. Soft plastic jellyfish with headphones. For children to play with.,draft,backlog_low_stock,unknown,Below the stock-listing threshold (or explicitly discontinued) -- not priced for sale yet. Folder: backlog-products/JELLYFISH-BUMP-AND-GO-DANCING-TOY
tgs-jellyfish-bump-go,,,,,,,,,,,,,,,,,,,,output_pending/TGS-JELLYFISH-BUMP-GO/angle3.jpg,2,Jellyfish Bump and Go Dancing Toy,,,,,backlog_low_stock,,
tgs-jellyfish-bump-go,,,,,,,,,,,,,,,,,,,,output_pending/TGS-JELLYFISH-BUMP-GO/angle4.jpg,3,Jellyfish Bump and Go Dancing Toy,,,,,backlog_low_stock,,
tgs-dishwashe,Kids Kitchen Toy Dishwasher with Sound and Lights,"<p>This toy dishwasher is a pretend play appliance for children. It has a digital display, buttons, and a transparent door showing a rack inside. It makes sounds and lights up during play. The toy is designed for children to simulate washing dishes and learn about kitchen appliances.</p><ul><li>Made of plastic with a teal and white color scheme</li><li>Digital display with buttons for different wash modes</li><li>Transparent door with visible rack inside</li><li>Includes toy dishware (not shown in photos)</li><li>Intended for children 3 years and older</li></ul><p><strong>What's included:</strong></p><ul><li>Toy dishwasher unit</li><li>Toy dishware (not visible in photos)</li><li>Instruction manual (not visible in photos)</li></ul>",The Toy Gift Shop,,Pretend Play & Role Play,"toy dishwasher, kids kitchen, pretend play, role play, mini appliance, sound and lights, children 3+, playset, dinner time play",FALSE,Title,Default Title,TGS-DISHWASHE,,shopify,0,deny,manual,5500.00,,TRUE,TRUE,output_pending/TGS-DISHWASHE/angle2.jpg,1,Kids Kitchen Toy Dishwasher with Sound and Lights,FALSE,Kids Kitchen Toy Dishwasher with Sound and Lights,A pretend play dishwasher for children 3+ with sound and lights. Simulates washing dishes and teaches about kitchen appliances through play.,draft,backlog_low_stock,unknown,Below the stock-listing threshold (or explicitly discontinued) -- not priced for sale yet. Folder: backlog-products/KIDS-KITCHEN-TOY-DISHWASHER
tgs-dishwashe,,,,,,,,,,,,,,,,,,,,output_pending/TGS-DISHWASHE/angle3.jpg,2,Kids Kitchen Toy Dishwasher with Sound and Lights,,,,,backlog_low_stock,,
tgs-dishwashe,,,,,,,,,,,,,,,,,,,,output_pending/TGS-DISHWASHE/front.jpg,3,Kids Kitchen Toy Dishwasher with Sound and Lights,,,,,backlog_low_stock,,
tgs-tool-drill,Kids Tool Drill Set with Accessories,"<p>This is a toy drill set designed for pretend play. It includes a drill body, three drill bits, a ruler, and a tool card. The drill is made of plastic and has a trigger that can be pressed. It is intended for children aged 3 and up.</p><ul><li>Plastic drill body with trigger</li><li>Three plastic drill bits included</li><li>Ruler and tool card included</li><li>Ages 3+ as printed on box</li><li>Designed for pretend play</li></ul><p><strong>What's included:</strong></p><ul><li>Drill body</li><li>Three drill bits</li><li>Ruler</li><li>Tool card</li></ul>",The Toy Gift Shop,,Pretend Play & Role Play,"kids tool, pretend play, tool set, drill toy, role play, children toys, 3+ age, plastic toy, toy drill",FALSE,Title,Default Title,TGS-TOOL-DRILL,,shopify,0,deny,manual,3850.00,,TRUE,TRUE,output_pending/TGS-TOOL-DRILL/angle2.jpg,1,Kids Tool Drill Set with Accessories,FALSE,Kids Tool Drill Set Pretend Play Toy,"Kids Tool Drill Set with 3 bits, ruler, and tool card. Ages 3+. Plastic pretend play tool set for role play.",draft,backlog_low_stock,unknown,Below the stock-listing threshold (or explicitly discontinued) -- not priced for sale yet. Folder: backlog-products/KIDS-TOOL-DRILL-SET
tgs-tool-drill,,,,,,,,,,,,,,,,,,,,output_pending/TGS-TOOL-DRILL/angle3.jpg,2,Kids Tool Drill Set with Accessories,,,,,backlog_low_stock,,
tgs-tool-drill,,,,,,,,,,,,,,,,,,,,output_pending/TGS-TOOL-DRILL/angle4.jpg,3,Kids Tool Drill Set with Accessories,,,,,backlog_low_stock,,
tgs-video-walkie-talkie,Kids Video Walkie Talkie Set with Two Units,"<p>This set includes two video walkie talkies, one blue and one pink, designed for children to communicate with each other. Each unit has a small screen and an antenna. The packaging shows cartoon children playing outdoors. A warning label indicates it is not suitable for children under 3 years old due to small parts.</p><ul><li>Two plastic walkie talkies (blue and pink)</li><li>Each unit has a small screen and antenna</li><li>Includes a charging cable and clip-on accessory</li><li>Intended for children to play together</li><li>Not suitable for children under 3 years old</li></ul><p><strong>What's included:</strong></p><ul><li>Blue video walkie talkie</li><li>Pink video walkie talkie</li><li>Charging cable</li><li>Clip-on accessory</li><li>Product packaging</li></ul>",The Toy Gift Shop,,Robots & Electronic Toys,"kids video walkie talkie, children's toy, video walkie talkie, toy walkie talkie, children's electronic toy, walkie talkie set, children's playset, toy for kids, kids communication toy",FALSE,Title,Default Title,TGS-VIDEO-WALKIE-TALKIE,,shopify,0,deny,manual,,,TRUE,TRUE,output_pending/TGS-VIDEO-WALKIE-TALKIE/angle2.jpg,1,Kids Video Walkie Talkie Set with Two Units,FALSE,Kids Video Walkie Talkie Set with Two Units,"Kids Video Walkie Talkie Set with two units, one blue and one pink. Designed for children to play and communicate. Includes charging cable and clip-on accessory. Not suitable for children under 3 years old.",draft,backlog_low_stock,unknown,Below the stock-listing threshold (or explicitly discontinued) -- not priced for sale yet. Folder: backlog-products/KIDS-VIDEO-WALKIE-TALKIE-SET
tgs-video-walkie-talkie,,,,,,,,,,,,,,,,,,,,output_pending/TGS-VIDEO-WALKIE-TALKIE/angle3.jpg,2,Kids Video Walkie Talkie Set with Two Units,,,,,backlog_low_stock,,
tgs-video-walkie-talkie,,,,,,,,,,,,,,,,,,,,output_pending/TGS-VIDEO-WALKIE-TALKIE/front.jpg,3,Kids Video Walkie Talkie Set with Two Units,,,,,backlog_low_stock,,
tgs-kuromi-night-light-my-melody,My Melody Character Night Light (ZH-164),<p></p>,The Toy Gift Shop,,Novelty & Fun Toys,,FALSE,Title,Default Title,TGS-KUROMI-NIGHT-LIGHT-MY-MELODY,,shopify,0,deny,manual,,,TRUE,TRUE,output_pending/TGS-KUROMI-NIGHT-LIGHT-MY-MELODY/angle2.jpg,1,My Melody Character Night Light (ZH-164),FALSE,My Melody Character Night Light (ZH-164),,draft,backlog_low_stock,unknown,Below the stock-listing threshold (or explicitly discontinued) -- not priced for sale yet. Folder: backlog-products/KUROMI-CHARACTER-NIGHT-LIGHT-MY-MELODY
tgs-makeup-case,Kuromi Makeup Case with 30+ Accessories,"<p>This toy makeup case features Kuromi characters and includes 30+ pretend play accessories. It opens to reveal compartments for brushes, nail polish, and other cosmetic items. The case is made of plastic with a printed design and has a handle for carrying. It is intended for children to play pretend makeup.</p><ul><li>Plastic case with printed design</li><li>Includes 30+ pretend makeup accessories</li><li>Features a mirror and storage compartments</li><li>Has a handle for carrying</li><li>Intended for children&#x27;s pretend play</li></ul><p><strong>What's included:</strong></p><ul><li>Plastic makeup case</li><li>Mirror</li><li>30+ pretend makeup accessories (including brushes, nail polish, eyeshadow, lipstick, and makeup tools)</li><li>Kuromi character stickers</li></ul>",The Toy Gift Shop,,Pretend Play & Role Play,"kuromi, makeup, pretend, play, toys, children, makeupcase, roleplay, accessories",FALSE,Title,Default Title,TGS-MAKEUP-CASE,,shopify,0,deny,manual,5850.00,,TRUE,TRUE,output_pending/TGS-MAKEUP-CASE/angle2.jpg,1,Kuromi Makeup Case with 30+ Accessories,FALSE,Kuromi Makeup Case with 30+ Accessories,Kuromi Makeup Case with 30+ pretend play accessories. Plastic case with mirror and storage. For ages 3+. Toy makeup set for pretend play.,draft,backlog_low_stock,unknown,Below the stock-listing threshold (or explicitly discontinued) -- not priced for sale yet. Folder: backlog-products/KUROMI-MAKEUP-CASE
tgs-makeup-case,,,,,,,,,,,,,,,,,,,,output_pending/TGS-MAKEUP-CASE/angle3.jpg,2,Kuromi Makeup Case with 30+ Accessories,,,,,backlog_low_stock,,
tgs-makeup-case,,,,,,,,,,,,,,,,,,,,output_pending/TGS-MAKEUP-CASE/angle4.jpg,3,Kuromi Makeup Case with 30+ Accessories,,,,,backlog_low_stock,,
tgs-pop-figures,Kuromi Pop! Figures - Set of 4 Collectible Vinyl Figures,"<p>This set contains four Kuromi Pop! vinyl figures. Each figure is a stylized, collectible toy with a unique design. The figures are made of vinyl and are intended for display or collection. The packaging indicates they are suitable for ages 3 and up.</p><ul><li>Made of vinyl material</li><li>Set of 4 figures</li><li>Each figure has unique design</li><li>Includes 4 collectible figures</li><li>Intended for ages 3 and up</li></ul><p><strong>What's included:</strong></p><ul><li>4 Kuromi Pop! vinyl figures</li><li>Original packaging box</li></ul>",The Toy Gift Shop,,Action Figures & Characters,"kuromi, pop! figures, collectible, vinyl, figures, toy, collection, ages 3+, display",FALSE,Title,Default Title,TGS-POP-FIGURES,,shopify,0,deny,manual,3860.00,,TRUE,TRUE,output_pending/TGS-POP-FIGURES/angle2.jpg,1,Kuromi Pop! Figures - Set of 4 Collectible Vinyl Figures,FALSE,Kuromi Pop! Figures - Set of 4 Collectible Vinyl Figures,Set of 4 Kuromi Pop! vinyl figures. Collectible toy figures for ages 3 and up. Great for display or collection.,draft,backlog_low_stock,unknown,Below the stock-listing threshold (or explicitly discontinued) -- not priced for sale yet. Folder: backlog-products/KUROMI-POP-FIGURES-SET-OF-4
tgs-pop-figures,,,,,,,,,,,,,,,,,,,,output_pending/TGS-POP-FIGURES/angle3.jpg,2,Kuromi Pop! Figures - Set of 4 Collectible Vinyl Figures,,,,,backlog_low_stock,,
tgs-pop-figures,,,,,,,,,,,,,,,,,,,,output_pending/TGS-POP-FIGURES/angle4.jpg,3,Kuromi Pop! Figures - Set of 4 Collectible Vinyl Figures,,,,,backlog_low_stock,,
tgs-suv-diecast-car,Land Cruiser SUV Diecast Model Car,<p>This is a diecast model of a Land Cruiser SUV. It has a black body with tan interior. The doors and trunk open. It is designed for display and play.</p><ul><li>Made of diecast metal and plastic</li><li>Approximately 1/18 scale</li><li>Opening doors and trunk</li><li>Includes detailed interior</li><li>For display and pretend play</li></ul><p><strong>What's included:</strong></p><ul><li>Land Cruiser SUV diecast model car</li></ul>,The Toy Gift Shop,,Cars & Vehicles,"diecast, car, toy, land cruiser, model, vehicle, open doors, trunk, kids toys",FALSE,Title,Default Title,TGS-SUV-DIECAST-CAR,,shopify,0,deny,manual,,,TRUE,TRUE,output_pending/TGS-SUV-DIECAST-CAR/angle2.jpg,1,Land Cruiser SUV Diecast Model Car,FALSE,Land Cruiser SUV Diecast Model Car,Land Cruiser SUV diecast model car with opening doors and trunk. Made of diecast metal and plastic. For display and pretend play.,draft,backlog_low_stock,unknown,Below the stock-listing threshold (or explicitly discontinued) -- not priced for sale yet. Folder: backlog-products/LAND-CRUISER-SUV-DIECAST-MODEL-CAR
tgs-suv-diecast-car,,,,,,,,,,,,,,,,,,,,output_pending/TGS-SUV-DIECAST-CAR/angle3.jpg,2,Land Cruiser SUV Diecast Model Car,,,,,backlog_low_stock,,
tgs-suv-diecast-car,,,,,,,,,,,,,,,,,,,,output_pending/TGS-SUV-DIECAST-CAR/angle4.jpg,3,Land Cruiser SUV Diecast Model Car,,,,,backlog_low_stock,,
tgs-lbwk-diecast-car,LBWK Toyota Supra Diecast Model Car,"<p>This is a diecast model car of a Toyota Supra with &#x27;LBWK&#x27; branding. It is made of metal and plastic. The hood and doors open. It is for display or play.</p><ul><li>METAL BODY
PLASTIC PARTS</li><li>1:24 SCALE
MODEL</li><li>OPEN HOOD
OPEN DOORS</li><li>BLACK WHEELS
WHITE BODY</li><li>FOR DISPLAY
OR PLAY</li></ul><p><strong>What's included:</strong></p><ul><li>LBWK Toyota Supra Diecast Model Car</li></ul>",The Toy Gift Shop,,Cars & Vehicles,"diecast, toy car, supra, lbwk, toy vehicle, model car, toy, cars, childrens toys",FALSE,Title,Default Title,TGS-LBWK-DIECAST-CAR,,shopify,0,deny,manual,,,TRUE,TRUE,output_pending/TGS-LBWK-DIECAST-CAR/angle2.jpg,1,LBWK Toyota Supra Diecast Model Car,FALSE,LBWK Toyota Supra Diecast Model Car,"LBWK Toyota Supra diecast model car. Metal body, plastic parts, open hood and doors. For display or play. 1:24 scale.",draft,backlog_low_stock,unknown,Below the stock-listing threshold (or explicitly discontinued) -- not priced for sale yet. Folder: backlog-products/LBWK-TOYOTA-SUPRA-DIECAST-MODEL-CAR
tgs-lbwk-diecast-car,,,,,,,,,,,,,,,,,,,,output_pending/TGS-LBWK-DIECAST-CAR/angle3.jpg,2,LBWK Toyota Supra Diecast Model Car,,,,,backlog_low_stock,,
tgs-lbwk-diecast-car,,,,,,,,,,,,,,,,,,,,output_pending/TGS-LBWK-DIECAST-CAR/angle4.jpg,3,LBWK Toyota Supra Diecast Model Car,,,,,backlog_low_stock,,
tgs-light-up-sword,Light Up Sword with Battle Sounds and Lights,<p>This toy lightsaber has a blue hilt and a blue blade. It activates with a power button and makes battle sounds and lights. It is designed for children to play with. The packaging shows an illustration of a character holding it.</p><ul><li>Made of plastic and metal-like parts</li><li>Blade is blue and lights up</li><li>Includes power button and sound mechanism</li><li>Designed for children to hold and play with</li><li>Packaged with product instructions and safety warnings</li></ul><p><strong>What's included:</strong></p><ul><li>Light up sword with blue blade</li><li>Power activation button</li><li>Battle sound mechanism</li><li>Product instructions</li><li>Safety warnings</li></ul>,The Toy Gift Shop,,Novelty & Fun Toys,"light up sword, battle sounds, novelty toy, children's toy, lightsaber, toy sword, play toy, blue blade, power activation",FALSE,Title,Default Title,TGS-LIGHT-UP-SWORD,,shopify,0,deny,manual,2850.00,,TRUE,TRUE,output_pending/TGS-LIGHT-UP-SWORD/angle2.jpg,1,Light Up Sword with Battle Sounds and Lights,FALSE,Light Up Sword with Battle Sounds and Lights,Light Up Sword with battle sounds and lights. Toy lightsaber for children with blue blade and power activation button. Safe for play.,draft,backlog_low_stock,unknown,Below the stock-listing threshold (or explicitly discontinued) -- not priced for sale yet. Folder: backlog-products/LIGHT-UP-SWORD
tgs-light-up-sword,,,,,,,,,,,,,,,,,,,,output_pending/TGS-LIGHT-UP-SWORD/angle3.jpg,2,Light Up Sword with Battle Sounds and Lights,,,,,backlog_low_stock,,
tgs-light-up-sword,,,,,,,,,,,,,,,,,,,,output_pending/TGS-LIGHT-UP-SWORD/front.jpg,3,Light Up Sword with Battle Sounds and Lights,,,,,backlog_low_stock,,
tgs-baby-activity,Lion King Baby Activity Toy with Interactive Buttons and Gear,<p>A pink plastic baby activity toy shaped like a lion. It has colorful buttons and gears that can be pressed and turned. The toy has a handle that can be lowered. It is designed for babies to explore and recognize shapes and colors.</p><ul><li>Pink plastic main body</li><li>Colorful interactive buttons</li><li>Rotating gears with different textures</li><li>Adjustable handle for different sizes</li><li>Intended for early learning and sensory play</li></ul><p><strong>What's included:</strong></p><ul><li>Lion King Baby Activity Toy</li><li>Instructional Manual</li></ul>,The Toy Gift Shop,,Baby & Toddler Toys,"baby activity toy, lion king, interactive toy, sensory play, early learning, baby toys, toddler toys, plastic toy, adjustable handle",FALSE,Title,Default Title,TGS-BABY-ACTIVITY,,shopify,0,deny,manual,3250.00,,TRUE,TRUE,output_pending/TGS-BABY-ACTIVITY/angle2.jpg,1,Lion King Baby Activity Toy with Interactive Buttons and Gear,FALSE,Lion King Baby Activity Toy for Sensory Play,"Pink Lion King baby activity toy with interactive buttons, gears, and adjustable handle for early learning and sensory play.",draft,backlog_low_stock,unknown,Below the stock-listing threshold (or explicitly discontinued) -- not priced for sale yet. Folder: backlog-products/LION-KING-BABY-ACTIVITY-TOY
tgs-baby-activity,,,,,,,,,,,,,,,,,,,,output_pending/TGS-BABY-ACTIVITY/angle3.jpg,2,Lion King Baby Activity Toy with Interactive Buttons and Gear,,,,,backlog_low_stock,,
tgs-baby-activity,,,,,,,,,,,,,,,,,,,,output_pending/TGS-BABY-ACTIVITY/angle4.jpg,3,Lion King Baby Activity Toy with Interactive Buttons and Gear,,,,,backlog_low_stock,,
tgs-little-helper-cleaning,Little Helper Simulated Cleaning Kit,"<p>This toy cleaning set includes a bucket and mop. The bucket is yellow with a purple rim and white handle. The mop has a white handle, yellow grip, and a pink cloth head. It is designed for children to simulate cleaning activities.</p><ul><li>Plastic bucket with white handle</li><li>Mop with pink cloth head</li><li>Bucket has purple rim</li><li>Mop handle is white with yellow grip</li><li>Intended for children aged 3+</li></ul><p><strong>What's included:</strong></p><ul><li>Yellow bucket with purple rim and white handle</li><li>Mop with white handle, yellow grip, and pink cloth head</li></ul>",The Toy Gift Shop,,Pretend Play & Role Play,"pretend play, cleaning kit, toy mop, children's toys, age 3+, role play, simulated cleaning, toy bucket, playset",FALSE,Title,Default Title,TGS-LITTLE-HELPER-CLEANING,,shopify,0,deny,manual,4250.00,,TRUE,TRUE,output_pending/TGS-LITTLE-HELPER-CLEANING/angle2.jpg,1,Little Helper Simulated Cleaning Kit,FALSE,Little Helper Simulated Cleaning Kit for Kids,Little Helper Simulated Cleaning Kit for kids aged 3+. Includes yellow bucket and mop with pink cloth head for pretend play.,draft,backlog_low_stock,unknown,Below the stock-listing threshold (or explicitly discontinued) -- not priced for sale yet. Folder: backlog-products/LITTLE-HELPER-SIMULATED-CLEANING-KIT
tgs-little-helper-cleaning,,,,,,,,,,,,,,,,,,,,output_pending/TGS-LITTLE-HELPER-CLEANING/angle3.jpg,2,Little Helper Simulated Cleaning Kit,,,,,backlog_low_stock,,
tgs-little-helper-cleaning,,,,,,,,,,,,,,,,,,,,output_pending/TGS-LITTLE-HELPER-CLEANING/angle4.jpg,3,Little Helper Simulated Cleaning Kit,,,,,backlog_low_stock,,
tgs-magic-bubble-bat,Magic Bubble Bat Game with Bubble Solution and Bubble Wand,"<p>This toy set includes a red knitted bubble bat, a green bubble wand, a white bubble dish, and a small bottle of bubble solution. The bubble bat has blue plastic handles. The game involves blowing bubbles with the wand and using the bat to hit them. The box indicates it is for ages 3 and up.</p><ul><li>Red knitted bubble bat with blue plastic handles</li><li>Green plastic bubble wand with handle</li><li>White plastic bubble dish</li><li>Small bottle of bubble solution</li><li>Intended for children ages 3 and up</li></ul><p><strong>What's included:</strong></p><ul><li>Red knitted bubble bat with blue plastic handles</li><li>Green plastic bubble wand with handle</li><li>White plastic bubble dish</li><li>Small bottle of bubble solution</li><li>Product box</li></ul>",The Toy Gift Shop,,Outdoor Toys,"bubble, game, bat, toy, children, ages3, outdoor, fun, play",FALSE,Title,Default Title,TGS-MAGIC-BUBBLE-BAT,,shopify,0,deny,manual,,,TRUE,TRUE,output_pending/TGS-MAGIC-BUBBLE-BAT/angle2.jpg,1,Magic Bubble Bat Game with Bubble Solution and Bubble Wand,FALSE,Magic Bubble Bat Game with Bubble Solution and Wand,"Magic Bubble Bat Game with bubble solution, wand, and dish. Ages 3+. Fun bubble play for kids.",draft,backlog_low_stock,unknown,Below the stock-listing threshold (or explicitly discontinued) -- not priced for sale yet. Folder: backlog-products/MAGIC-BUBBLE-BAT-GAME
tgs-magic-bubble-bat,,,,,,,,,,,,,,,,,,,,output_pending/TGS-MAGIC-BUBBLE-BAT/angle3.jpg,2,Magic Bubble Bat Game with Bubble Solution and Bubble Wand,,,,,backlog_low_stock,,
tgs-magic-bubble-bat,,,,,,,,,,,,,,,,,,,,output_pending/TGS-MAGIC-BUBBLE-BAT/angle4.jpg,3,Magic Bubble Bat Game with Bubble Solution and Bubble Wand,,,,,backlog_low_stock,,
tgs-moto-diecast,Maisto Ducati Streetfighter S 1/12 Scale Diecast Motorcycle,"<p>This is a 1/12 scale diecast metal model of a Ducati Streetfighter S motorcycle. It has a red and black color scheme with detailed parts including wheels, handlebars, and a kickstand. The model is packaged in a box with a clear window. It is intended for children aged 3 and up.</p><ul><li>Diecast metal construction</li><li>1/12 scale model</li><li>Includes kickstand for display</li><li>Red and black color scheme</li><li>Intended for ages 3 and up</li></ul><p><strong>What's included:</strong></p><ul><li>Maisto Ducati Streetfighter S diecast motorcycle model</li><li>Original packaging box</li></ul>",The Toy Gift Shop,,Cars & Vehicles,"diecast, motorcycle, ducati, streetfighter, maisto, toy, children, scale, metal",FALSE,Title,Default Title,TGS-MOTO-DIECAST,,shopify,0,deny,manual,2750.00,,TRUE,TRUE,output_pending/TGS-MOTO-DIECAST/angle2.jpg,1,Maisto Ducati Streetfighter S 1/12 Scale Diecast Motorcycle,FALSE,Maisto Ducati Streetfighter S Diecast Motorcycle 1/12 Scale,"Maisto 1/12 scale diecast Ducati Streetfighter S motorcycle model. Metal construction, red and black, for ages 3+. Includes kickstand and original box.",draft,backlog_low_stock,unknown,Below the stock-listing threshold (or explicitly discontinued) -- not priced for sale yet. Folder: backlog-products/MAISTO-DUCATI-STREETFIGHTER-S-1-12-SCALE
tgs-moto-diecast,,,,,,,,,,,,,,,,,,,,output_pending/TGS-MOTO-DIECAST/angle3.jpg,2,Maisto Ducati Streetfighter S 1/12 Scale Diecast Motorcycle,,,,,backlog_low_stock,,
tgs-moto-diecast,,,,,,,,,,,,,,,,,,,,output_pending/TGS-MOTO-DIECAST/angle4.jpg,3,Maisto Ducati Streetfighter S 1/12 Scale Diecast Motorcycle,,,,,backlog_low_stock,,
tgs-gt-diecast-car,Mercedes AMG Vision GT Diecast Model Car,<p>This is a diecast model car of the Mercedes AMG Vision GT. It is made of metal with a silver finish. The car has opening doors and a detailed interior. It is designed for display and collection.</p><ul><li>METAL BODY WITH SILVER PAINT</li><li>SCALE MODEL SIZE</li><li>OPENING DOORS AND WINDOWS</li><li>INCLUDES CAR ONLY</li><li>FOR DISPLAY AND COLLECTION</li></ul><p><strong>What's included:</strong></p><ul><li>Mercedes AMG Vision GT Diecast Model Car</li></ul>,The Toy Gift Shop,,Cars & Vehicles,"mercedes, amg, vision, gt, diecast, model, car, collectible, toy, silver, open doors",FALSE,Title,Default Title,TGS-GT-DIECAST-CAR,,shopify,0,deny,manual,,,TRUE,TRUE,output_pending/TGS-GT-DIECAST-CAR/angle2.jpg,1,Mercedes AMG Vision GT Diecast Model Car,FALSE,Mercedes AMG Vision GT Diecast Model Car,"Mercedes AMG Vision GT diecast model car. Silver metal finish, opening doors, for display and collection. Scale 1:43. Age 8+.",draft,backlog_low_stock,unknown,Below the stock-listing threshold (or explicitly discontinued) -- not priced for sale yet. Folder: backlog-products/MERCEDES-AMG-VISION-GT-DIECAST-MODEL-CAR
tgs-gt-diecast-car,,,,,,,,,,,,,,,,,,,,output_pending/TGS-GT-DIECAST-CAR/angle3.jpg,2,Mercedes AMG Vision GT Diecast Model Car,,,,,backlog_low_stock,,
tgs-gt-diecast-car,,,,,,,,,,,,,,,,,,,,output_pending/TGS-GT-DIECAST-CAR/angle4.jpg,3,Mercedes AMG Vision GT Diecast Model Car,,,,,backlog_low_stock,,
tgs-appliance-fridge,Mini Appliances Toy Refrigerator with Play & Learn Simulation,"<p>This is a toy refrigerator designed for pretend play. It has a pink and white color scheme with digital displays showing temperature and time. The doors open to reveal shelves and compartments holding toy food items. It is intended for children to simulate household activities.</p><ul><li>Made of plastic</li><li>Approximately 10 inches tall</li><li>Doors open and close</li><li>Includes toy food items</li><li>For children aged 3+</li></ul><p><strong>What's included:</strong></p><ul><li>Mini refrigerator toy</li><li>Toy food items (bottles, ice cream, grapes)</li><li>Digital display components</li></ul>",The Toy Gift Shop,,Pretend Play & Role Play,"mini appliances, refrigerator, pretend play, children toys, play and learn, toy refrigerator, kids toys, simulation, 3+ age",FALSE,Title,Default Title,TGS-APPLIANCE-FRIDGE,,shopify,0,deny,manual,,,TRUE,TRUE,output_pending/TGS-APPLIANCE-FRIDGE/angle2.jpg,1,Mini Appliances Toy Refrigerator with Play & Learn Simulation,FALSE,Mini Refrigerator Toy for Pretend Play,"A pink and white mini refrigerator toy with open doors, digital displays, and toy food for children aged 3+ to simulate household life.",draft,backlog_low_stock,unknown,Below the stock-listing threshold (or explicitly discontinued) -- not priced for sale yet. Folder: backlog-products/MINI-APPLIANCES-TOY-REFRIGERATOR
tgs-appliance-fridge,,,,,,,,,,,,,,,,,,,,output_pending/TGS-APPLIANCE-FRIDGE/angle3.jpg,2,Mini Appliances Toy Refrigerator with Play & Learn Simulation,,,,,backlog_low_stock,,
tgs-appliance-fridge,,,,,,,,,,,,,,,,,,,,output_pending/TGS-APPLIANCE-FRIDGE/angle4.jpg,3,Mini Appliances Toy Refrigerator with Play & Learn Simulation,,,,,backlog_low_stock,,
tgs-hand-mixer,Mini Kitchen Appliance Toy Hand Mixer with Bowl and Beater,"<p>This toy hand mixer is battery-operated and designed for pretend play. It has a beige and dark gray head with a blue base and a clear mixing bowl. The mixer has a white beater attachment. It is intended for children aged 3 and up.</p><ul><li>Made of plastic with a beige, dark gray, and blue color scheme</li><li>Includes a clear mixing bowl and a white beater attachment</li><li>Battery-operated for pretend mixing</li><li>Intended for children aged 3 and up</li><li>Features a detachable mixing head with a rotating beater</li></ul><p><strong>What's included:</strong></p><ul><li>Mini hand mixer with head and base</li><li>Clear mixing bowl</li><li>White beater attachment</li></ul>",The Toy Gift Shop,,Pretend Play & Role Play,"toy, hand mixer, kitchen toy, pretend play, mini appliance, battery operated, children toys, age 3, play kitchen",FALSE,Title,Default Title,TGS-HAND-MIXER,,shopify,0,deny,manual,,,TRUE,TRUE,output_pending/TGS-HAND-MIXER/angle2.jpg,1,Mini Kitchen Appliance Toy Hand Mixer with Bowl and Beater,FALSE,Mini Kitchen Hand Mixer Toy for Kids Ages 3+,Battery-operated mini hand mixer toy with bowl and beater for pretend play. Ages 3+. Plastic construction. Ideal for kitchen role play.,draft,backlog_low_stock,unknown,Below the stock-listing threshold (or explicitly discontinued) -- not priced for sale yet. Folder: backlog-products/MINI-KITCHEN-APPLIANCE-TOY-HAND-MIXER
tgs-hand-mixer,,,,,,,,,,,,,,,,,,,,output_pending/TGS-HAND-MIXER/angle3.jpg,2,Mini Kitchen Appliance Toy Hand Mixer with Bowl and Beater,,,,,backlog_low_stock,,
tgs-hand-mixer,,,,,,,,,,,,,,,,,,,,output_pending/TGS-HAND-MIXER/angle4.jpg,3,Mini Kitchen Appliance Toy Hand Mixer with Bowl and Beater,,,,,backlog_low_stock,,
tgs-racing-car,Mini Racing Car Remote Control Vehicle with Controller,"<p>This is a remote-controlled racing car with a white body and red and blue stripes. It comes with a white controller and a USB charging cable. The car is designed for children aged 3 and up. It features a racing design with a spoiler and is shown on the box with a remote control.</p><ul><li>Plastic body with racing decals</li><li>White remote control with blue buttons</li><li>USB charging cable included</li><li>Intended for children aged 3+</li><li>Includes car, controller, and charging cable</li></ul><p><strong>What's included:</strong></p><ul><li>Mini racing car</li><li>Remote control</li><li>USB charging cable</li><li>Screwdriver tool</li></ul>",The Toy Gift Shop,,RC & Remote Control Toys,"remote control car, racing car, children toys, rc vehicle, toy car, kids toys, 3+ age, usb charging, controller included",FALSE,Title,Default Title,TGS-RACING-CAR,,shopify,0,deny,manual,,,TRUE,TRUE,output_pending/TGS-RACING-CAR/angle2.jpg,1,Mini Racing Car Remote Control Vehicle with Controller,FALSE,Mini Racing Car Remote Control Toy for Kids,Remote control racing car for ages 3+ with controller and USB cable. Multi-function modes. Plastic body. Great for indoor and outdoor play.,draft,backlog_low_stock,unknown,Below the stock-listing threshold (or explicitly discontinued) -- not priced for sale yet. Folder: backlog-products/MINI-RACING-CAR-REMOTE-CONTROL-VEHICLE
tgs-racing-car,,,,,,,,,,,,,,,,,,,,output_pending/TGS-RACING-CAR/angle3.jpg,2,Mini Racing Car Remote Control Vehicle with Controller,,,,,backlog_low_stock,,
tgs-racing-car,,,,,,,,,,,,,,,,,,,,output_pending/TGS-RACING-CAR/angle4.jpg,3,Mini Racing Car Remote Control Vehicle with Controller,,,,,backlog_low_stock,,
tgs-rc-forklift,Mini Rc Forklift 1:64 Scale Remote Control Toy with Phone App Control,"<p>This is a 1:64 scale remote control forklift toy. It is controlled via a phone app or a handheld remote. The toy is made of plastic and alloy parts. It includes a remote, decals, and a pallet accessory. It is designed for children aged 6 and up.</p><ul><li>1:64 scale model</li><li>Made of plastic and alloy</li><li>Controlled by phone app or handheld remote</li><li>Includes decals and pallet accessory</li><li>For children aged 6 and up</li></ul><p><strong>What's included:</strong></p><ul><li>Mini Rc Forklift vehicle</li><li>Handheld remote control</li><li>Decals sheet</li><li>Pallet accessory</li><li>Small metal parts</li></ul>",The Toy Gift Shop,,RC & Remote Control Toys,"rc forklift, remote control toy, phone app control, 1:64 scale, children toys, forklift toy, alloy parts, ages 6, decals included",FALSE,Title,Default Title,TGS-RC-FORKLIFT,,shopify,0,deny,manual,4250.00,,TRUE,TRUE,output_pending/TGS-RC-FORKLIFT/angle2.jpg,1,Mini Rc Forklift 1:64 Scale Remote Control Toy with Phone App Control,FALSE,Mini Rc Forklift 1:64 Scale Remote Control Toy,"1:64 scale remote control forklift toy with phone app control. Made of plastic and alloy. Includes remote, decals, and pallet. For ages 6+.",draft,backlog_low_stock,unknown,Below the stock-listing threshold (or explicitly discontinued) -- not priced for sale yet. Folder: backlog-products/MINI-RC-FORKLIFT-1-64-SCALE
tgs-rc-forklift,,,,,,,,,,,,,,,,,,,,output_pending/TGS-RC-FORKLIFT/angle3.jpg,2,Mini Rc Forklift 1:64 Scale Remote Control Toy with Phone App Control,,,,,backlog_low_stock,,
tgs-rc-forklift,,,,,,,,,,,,,,,,,,,,output_pending/TGS-RC-FORKLIFT/angle4.jpg,3,Mini Rc Forklift 1:64 Scale Remote Control Toy with Phone App Control,,,,,backlog_low_stock,,
tgs-multi-learn-shelf,Multifunction Learn Shelf with Abacus and Activity Panels,"<p>This multifunctional learning shelf is a colorful educational toy with multiple activity panels. It includes an abacus with beads, a drawing board, a sea maze, and a clock mode. The toy is made of plastic and is designed for children aged 3 and up. It helps with recognition of letters and words, and enhances cognitive skills through hands-on play.</p><ul><li>Plastic construction with colorful beads and panels</li><li>Five activity panels: abacus, drawing, sea maze, clock, and letter recognition</li><li>Abacus with movable beads for counting practice</li><li>Includes drawing board and sea maze game</li><li>Designed for children aged 3 years and older</li></ul><p><strong>What's included:</strong></p><ul><li>Multifunction Learn Shelf with abacus and activity panels</li><li>Drawing board</li><li>Sea maze</li><li>Clock mode</li><li>Color calculation beads</li><li>Letters and words recognition panels</li></ul>",The Toy Gift Shop,,Educational Toys,"educational toy, learning toy, abacus, drawing board, sea maze, clock, letters, words, ages 3+",FALSE,Title,Default Title,TGS-MULTI-LEARN-SHELF,,shopify,0,deny,manual,4500.00,,TRUE,TRUE,output_pending/TGS-MULTI-LEARN-SHELF/angle2.jpg,1,Multifunction Learn Shelf with Abacus and Activity Panels,FALSE,Multifunction Learn Shelf Educational Toy for Ages 3+,"Educational toy with abacus, drawing board, sea maze, and clock mode. Helps children learn letters, words, and counting. Ages 3+. Plastic construction.",draft,backlog_low_stock,unknown,Below the stock-listing threshold (or explicitly discontinued) -- not priced for sale yet. Folder: backlog-products/MULTIFUNCTION-LEARN-SHELF
tgs-multi-learn-shelf,,,,,,,,,,,,,,,,,,,,output_pending/TGS-MULTI-LEARN-SHELF/angle3.jpg,2,Multifunction Learn Shelf with Abacus and Activity Panels,,,,,backlog_low_stock,,
tgs-multi-learn-shelf,,,,,,,,,,,,,,,,,,,,output_pending/TGS-MULTI-LEARN-SHELF/angle4.jpg,3,Multifunction Learn Shelf with Abacus and Activity Panels,,,,,backlog_low_stock,,
tgs-fig-naruto,Naruto Shippuden Naruto Uzumaki Action Figure,"<p>This is a Naruto Uzumaki action figure from the Shippuden series. It is made of hard plastic and stands upright. The figure is shown in its original packaging, which includes artwork of other characters. It is intended for display or play.</p><ul><li>HARD PLASTIC
FIGURE</li><li>APPROX 6 INCHES
TALL</li><li>STANDS UPRIGHT
ON ITS OWN</li><li>INCLUDES FIGURE
ONLY</li><li>FOR DISPLAY
OR PLAY</li></ul><p><strong>What's included:</strong></p><ul><li>Naruto Uzumaki Action Figure</li></ul>",The Toy Gift Shop,,Action Figures & Characters,"naruto, action figure, naruto uzumaki, shippuden, the classic, display, play, hard plastic, 6 inch",FALSE,Title,Default Title,TGS-FIG-NARUTO,,shopify,0,deny,manual,1650.00,,TRUE,TRUE,output_pending/TGS-FIG-NARUTO/angle2.jpg,1,Naruto Shippuden Naruto Uzumaki Action Figure,FALSE,Naruto Shippuden Naruto Uzumaki Action Figure,"Naruto Shippuden Naruto Uzumaki Action Figure. Hard plastic, approx 6 inches tall, stands upright, for display or play. Includes figure only.",draft,backlog_low_stock,unknown,Below the stock-listing threshold (or explicitly discontinued) -- not priced for sale yet. Folder: backlog-products/NARUTO-SHIPPUDEN-NARUTO-UZUMAKI-ACTION-FIGURE
tgs-fig-naruto,,,,,,,,,,,,,,,,,,,,output_pending/TGS-FIG-NARUTO/angle3.jpg,2,Naruto Shippuden Naruto Uzumaki Action Figure,,,,,backlog_low_stock,,
tgs-fig-naruto,,,,,,,,,,,,,,,,,,,,output_pending/TGS-FIG-NARUTO/angle4.jpg,3,Naruto Shippuden Naruto Uzumaki Action Figure,,,,,backlog_low_stock,,
tgs-gt-r-diecast,Nissan GT-R Race Car Model,"<p>This is a detailed model of a Nissan GT-R race car. It is painted blue, white, and red with sponsor decals. The car has a black rear wing and black wheels. It is a static model and does not move. It is intended for display or collection.</p><ul><li>Made of hard plastic</li><li>Approximately 1:24 scale</li><li>Includes detailed body with decals</li><li>Features black rear wing and wheels</li><li>Intended for display or collection</li></ul><p><strong>What's included:</strong></p><ul><li>Nissan GT-R race car model</li></ul>",The Toy Gift Shop,,Cars & Vehicles,"race car, nissan, gt-r, model car, collectible, toy car, scale model, display, decals",FALSE,Title,Default Title,TGS-GT-R-DIECAST,,shopify,0,deny,manual,,,TRUE,TRUE,output_pending/TGS-GT-R-DIECAST/angle2.jpg,1,Nissan GT-R Race Car Model,FALSE,Nissan GT-R Race Car Model,"Nissan GT-R race car model with blue, white, and red paint. Static display collectible. Scale 1:24. Includes detailed decals and black wing.",draft,backlog_low_stock,unknown,Below the stock-listing threshold (or explicitly discontinued) -- not priced for sale yet. Folder: backlog-products/NISSAN-GT-R-MOTUL-DIECAST-MODEL-CAR
tgs-gt-r-diecast,,,,,,,,,,,,,,,,,,,,output_pending/TGS-GT-R-DIECAST/angle3.jpg,2,Nissan GT-R Race Car Model,,,,,backlog_low_stock,,
tgs-gt-r-diecast,,,,,,,,,,,,,,,,,,,,output_pending/TGS-GT-R-DIECAST/angle4.jpg,3,Nissan GT-R Race Car Model,,,,,backlog_low_stock,,
tgs-ocean-liner-water,Ocean Liner Water Gun Toy with Sound and Lighting,<p>This toy is a water gun shaped like a cruise ship. It has sound effects and lighting. The toy is made of plastic. It is designed to be used in water for play. It is for children aged 3 and up.</p><ul><li>Plastic construction</li><li>Water spray function</li><li>Sound effects and lighting</li><li>Includes one water gun</li><li>For ages 3+</li></ul><p><strong>What's included:</strong></p><ul><li>Ocean Liner Water Gun Toy</li><li>Instruction Manual</li></ul>,The Toy Gift Shop,,Water & Beach Toys,"water gun, cruise ship, water play, sound effects, lighting, plastic toy, ages 3, toy boat, beach toy",FALSE,Title,Default Title,TGS-OCEAN-LINER-WATER,,shopify,0,deny,manual,2450.00,,TRUE,TRUE,output_pending/TGS-OCEAN-LINER-WATER/angle2.jpg,1,Ocean Liner Water Gun Toy with Sound and Lighting,FALSE,Ocean Liner Water Gun Toy with Sound and Lighting,"Ocean Liner Water Gun Toy with sound effects, lighting, and water spray. Plastic cruise ship design for ages 3+. Includes instruction manual.",draft,backlog_low_stock,unknown,Below the stock-listing threshold (or explicitly discontinued) -- not priced for sale yet. Folder: backlog-products/OCEAN-LINER-WATER-GUN-TOY
tgs-ocean-liner-water,,,,,,,,,,,,,,,,,,,,output_pending/TGS-OCEAN-LINER-WATER/angle3.jpg,2,Ocean Liner Water Gun Toy with Sound and Lighting,,,,,backlog_low_stock,,
tgs-ocean-liner-water,,,,,,,,,,,,,,,,,,,,output_pending/TGS-OCEAN-LINER-WATER/angle4.jpg,3,Ocean Liner Water Gun Toy with Sound and Lighting,,,,,backlog_low_stock,,
tgs-arabic-sound-learning,Ozen Star Arabic Sound Learning Book for Children,<p>This is an educational toy book with a yellow plastic handle and a white marker. It features interactive pages with Arabic text and illustrations. The book is designed for children aged 3 and up to learn Arabic through sound and visual aids. It includes a marker for drawing and tracing activities.</p><ul><li>Yellow plastic handle with buttons</li><li>White marker with red cap</li><li>Interactive pages with Arabic text</li><li>Illustrations of children and mosques</li><li>Ages 3+ printed on the cover</li></ul><p><strong>What's included:</strong></p><ul><li>Educational toy book</li><li>White marker with red cap</li><li>Yellow plastic handle with buttons</li></ul>,The Toy Gift Shop,,Educational Toys,"arabic, learning, children, educational, toy, sound, interactive, mosque, mosque",FALSE,Title,Default Title,TGS-ARABIC-SOUND-LEARNING,,shopify,0,deny,manual,,,TRUE,TRUE,output_pending/TGS-ARABIC-SOUND-LEARNING/angle2.jpg,1,Ozen Star Arabic Sound Learning Book for Children,FALSE,Ozen Star Arabic Sound Learning Book for Children,"Ozen Star Arabic Sound Learning Book for Children. Educational toy with interactive pages, Arabic text, and illustrations. Ages 3+. Includes marker and handle.",draft,backlog_low_stock,unknown,Below the stock-listing threshold (or explicitly discontinued) -- not priced for sale yet. Folder: backlog-products/OZEN-STAR-ARABIC-SOUND-LEARNING-BOOK
tgs-arabic-sound-learning,,,,,,,,,,,,,,,,,,,,output_pending/TGS-ARABIC-SOUND-LEARNING/angle3.jpg,2,Ozen Star Arabic Sound Learning Book for Children,,,,,backlog_low_stock,,
tgs-arabic-sound-learning,,,,,,,,,,,,,,,,,,,,output_pending/TGS-ARABIC-SOUND-LEARNING/angle4.jpg,3,Ozen Star Arabic Sound Learning Book for Children,,,,,backlog_low_stock,,
tgs-pagani-diecast-car,Pagani Huayra Diecast Model Car,<p>This is a diecast model of the Pagani Huayra sports car. It has a blue body with orange wheels and a black roof. The model includes a working rear spoiler. It is designed for display and collection.</p><ul><li>Diecast metal body</li><li>Orange wheels with black accents</li><li>Working rear spoiler</li><li>Includes one car</li><li>For ages 3 and up</li></ul><p><strong>What's included:</strong></p><ul><li>Pagani Huayra Diecast Model Car</li></ul>,The Toy Gift Shop,,Cars & Vehicles,"diecast, pagani, huayra, model, car, collectible, toy, sports, orange, blue, spoiler",FALSE,Title,Default Title,TGS-PAGANI-DIECAST-CAR,,shopify,0,deny,manual,,,TRUE,TRUE,output_pending/TGS-PAGANI-DIECAST-CAR/angle2.jpg,1,Pagani Huayra Diecast Model Car,FALSE,Pagani Huayra Diecast Model Car,Diecast model of the Pagani Huayra sports car with orange wheels and working spoiler. Collectible model for ages 3 and up.,draft,backlog_low_stock,unknown,Below the stock-listing threshold (or explicitly discontinued) -- not priced for sale yet. Folder: backlog-products/PAGANI-HUAYRA-DIECAST-MODEL-CAR
tgs-pagani-diecast-car,,,,,,,,,,,,,,,,,,,,output_pending/TGS-PAGANI-DIECAST-CAR/angle3.jpg,2,Pagani Huayra Diecast Model Car,,,,,backlog_low_stock,,
tgs-pagani-diecast-car,,,,,,,,,,,,,,,,,,,,output_pending/TGS-PAGANI-DIECAST-CAR/angle4.jpg,3,Pagani Huayra Diecast Model Car,,,,,backlog_low_stock,,
tgs-penguin-trap,Penguin Trap Balance Ice Cubes Game,<p>A break-the-ice balance game with a penguin theme. Players tap out ice cube pieces from a hexagonal platform without making the penguin fall through. Includes a spinner wheel. For ages 3 and up.</p><ul><li>Hexagonal ice-cube platform with penguin figures</li><li>Includes spinner wheel and ice-pick tools</li><li>Break-the-ice balance gameplay</li><li>For ages 3 and up</li></ul><p><strong>What's included:</strong></p><ul><li>1 hexagonal ice platform</li><li>Ice cube pieces</li><li>Penguin figures</li><li>Ice-pick tools</li><li>Spinner wheel</li></ul>,The Toy Gift Shop,,Board Games,"board game, family game, balance game, penguin, kids game",FALSE,Title,Default Title,TGS-PENGUIN-TRAP,,shopify,0,deny,manual,,,TRUE,TRUE,output_pending/TGS-PENGUIN-TRAP/angle2.jpg,1,Penguin Trap Balance Ice Cubes Game,FALSE,Penguin Trap Balance Ice Cubes Game in Pakistan | Toy Gift Shop,Penguin Trap balance game - break the ice without dropping the penguin. Ages 3+.,draft,backlog_low_stock,unknown,Below the stock-listing threshold (or explicitly discontinued) -- not priced for sale yet. Folder: backlog-products/PENGUIN-TRAP-BALANCE-ICE-CUBES
tgs-penguin-trap,,,,,,,,,,,,,,,,,,,,output_pending/TGS-PENGUIN-TRAP/angle3.jpg,2,Penguin Trap Balance Ice Cubes Game,,,,,backlog_low_stock,,
tgs-penguin-trap,,,,,,,,,,,,,,,,,,,,output_pending/TGS-PENGUIN-TRAP/angle4.jpg,3,Penguin Trap Balance Ice Cubes Game,,,,,backlog_low_stock,,
tgs-pinball,Pinball Game Machine with Marbles and Digital Score Display,<p>A small red plastic pinball game machine with a digital score display. It includes marbles for play and a lever to launch them. The game has a digital score display and is designed for children. It is shown with its original packaging.</p><ul><li>Red plastic construction</li><li>Digital score display</li><li>Includes marbles and launch lever</li><li>Designed for children aged 3+</li><li>Game has 6 levels</li></ul><p><strong>What's included:</strong></p><ul><li>Pinball game machine</li><li>Marbles</li><li>Lever</li><li>Digital score display</li><li>Original packaging</li></ul>,The Toy Gift Shop,,Robots & Electronic Toys,"pinball, marble, game, kids, toys, electronic, arcade, children, 3+",FALSE,Title,Default Title,TGS-PINBALL,,shopify,0,deny,manual,6900.00,,TRUE,TRUE,output_pending/TGS-PINBALL/angle2.jpg,1,Pinball Game Machine with Marbles and Digital Score Display,FALSE,Pinball Game Machine with Marbles for Kids,"Red plastic pinball game machine with digital score, marbles, and lever for children aged 3+. Includes original packaging.",draft,backlog_low_stock,unknown,Below the stock-listing threshold (or explicitly discontinued) -- not priced for sale yet. Folder: backlog-products/PINBALL-GAME-MACHINE
tgs-pinball,,,,,,,,,,,,,,,,,,,,output_pending/TGS-PINBALL/angle3.jpg,2,Pinball Game Machine with Marbles and Digital Score Display,,,,,backlog_low_stock,,
tgs-pinball,,,,,,,,,,,,,,,,,,,,output_pending/TGS-PINBALL/angle4.jpg,3,Pinball Game Machine with Marbles and Digital Score Display,,,,,backlog_low_stock,,
tgs-power-punch-arcade,Power Punch Arcade Game with Punch Meter and Digital Display,<p>This arcade-style game features a tall red and black unit with a digital display and a vertical punch meter. It is designed for children to punch the target to see how hard they hit. The box indicates it is for ages 3 and up. The unit has a soft rubber base and a digital screen with buttons.</p><ul><li>Red and black plastic construction</li><li>Digital display with buttons</li><li>Vertical punch meter with colored lights</li><li>Soft rubber base for safety</li><li>For ages 3 and up</li></ul><p><strong>What's included:</strong></p><ul><li>Power Punch Arcade Game unit</li><li>Instruction manual (not visible in photos)</li></ul>,The Toy Gift Shop,,Robots & Electronic Toys,"power punch, arcade game, kids toy, punch game, digital display, soft rubber, ages 3+, real action, toy box",FALSE,Title,Default Title,TGS-POWER-PUNCH-ARCADE,,shopify,0,deny,manual,7600.00,,TRUE,TRUE,output_pending/TGS-POWER-PUNCH-ARCADE/angle2.jpg,1,Power Punch Arcade Game with Punch Meter and Digital Display,FALSE,Power Punch Arcade Game for Kids Ages 3+,Power Punch Arcade Game with punch meter and digital display. For ages 3+. Soft rubber base. Real action game for kids.,draft,backlog_low_stock,unknown,Below the stock-listing threshold (or explicitly discontinued) -- not priced for sale yet. Folder: backlog-products/POWER-PUNCH-ARCADE-GAME
tgs-power-punch-arcade,,,,,,,,,,,,,,,,,,,,output_pending/TGS-POWER-PUNCH-ARCADE/angle3.jpg,2,Power Punch Arcade Game with Punch Meter and Digital Display,,,,,backlog_low_stock,,
tgs-power-punch-arcade,,,,,,,,,,,,,,,,,,,,output_pending/TGS-POWER-PUNCH-ARCADE/angle4.jpg,3,Power Punch Arcade Game with Punch Meter and Digital Display,,,,,backlog_low_stock,,
tgs-bottle-squishy,Prime Bottle Squishy - 500ML Blue & Pink,"<p>A soft, squeezable squishy toy shaped like a 500ML bottle. It is made of flexible plastic. The toy has a textured surface with vertical ridges. It is designed for sensory play and fidgeting. The toy comes in two color options: blue and pink.</p><ul><li>Made of flexible plastic</li><li>500ML size cue</li><li>Textured surface with vertical ridges</li><li>Two color options: blue and pink</li><li>Intended for sensory play and fidgeting</li></ul><p><strong>What's included:</strong></p><ul><li>1 x Prime Bottle Squishy (500ML)</li><li>1 x Color variant (Blue or Pink)</li></ul>",The Toy Gift Shop,,Sensory & Fidget Toys,"squishy, fidget, toy, sensory, blue, pink, 500ml, plastic, stress relief",FALSE,Title,Default Title,TGS-BOTTLE-SQUISHY,,shopify,0,deny,manual,1850.00,,TRUE,TRUE,output_pending/TGS-BOTTLE-SQUISHY/angle2.jpg,1,Prime Bottle Squishy - 500ML Blue & Pink,FALSE,Prime Bottle Squishy - 500ML Blue & Pink Fidget Toy,"Squishy bottle fidget toy in 500ML size, blue or pink. Made of flexible plastic for sensory play. Textured surface with vertical ridges. Ideal for fidgeting and stress relief.",draft,backlog_low_stock,unknown,Below the stock-listing threshold (or explicitly discontinued) -- not priced for sale yet. Folder: backlog-products/PRIME-BOTTLE-SQUISHY-500ML-BLUE-AND-PINK
tgs-bottle-squishy,,,,,,,,,,,,,,,,,,,,output_pending/TGS-BOTTLE-SQUISHY/angle3.jpg,2,Prime Bottle Squishy - 500ML Blue & Pink,,,,,backlog_low_stock,,
tgs-bottle-squishy,,,,,,,,,,,,,,,,,,,,output_pending/TGS-BOTTLE-SQUISHY/angle4.jpg,3,Prime Bottle Squishy - 500ML Blue & Pink,,,,,backlog_low_stock,,
tgs-puzzle-busy-board,Puzzle Busy Board House Educational Toy for Toddlers,"<p>This toy is a house-shaped activity board with multiple interactive elements. It is made of plastic and features colorful, removable parts. The board includes a light, a tissue pull, a switch, a refrigerator, a dishwasher, a drum washing machine, and a microwave oven. It is designed for children aged 18 months and older to develop fine motor skills, hand-eye coordination, and thinking.</p><ul><li>Made of plastic</li><li>House-shaped design</li><li>Includes 8 interactive parts</li><li>Intended for children 18 months and older</li><li>Educational activity toy</li></ul><p><strong>What's included:</strong></p><ul><li>Puzzle Busy Board House</li><li>Instruction Manual</li></ul>",The Toy Gift Shop,,Baby & Toddler Toys,"baby toys, toddler toys, educational toys, puzzle busy board, interactive toys, fine motor skills, 18 months, house shaped, activity board",FALSE,Title,Default Title,TGS-PUZZLE-BUSY-BOARD,,shopify,0,deny,manual,4850.00,,TRUE,TRUE,output_pending/TGS-PUZZLE-BUSY-BOARD/angle2.jpg,1,Puzzle Busy Board House Educational Toy for Toddlers,FALSE,Puzzle Busy Board House Educational Toy for Toddlers,"Educational toy for toddlers 18 months and older. House-shaped puzzle busy board with interactive parts including light, tissue pull, switch, refrigerator, dishwasher, drum washing machine, and microwave oven.",draft,backlog_low_stock,unknown,Below the stock-listing threshold (or explicitly discontinued) -- not priced for sale yet. Folder: backlog-products/PUZZLE-BUSY-BOARD-HOUSE-EDUCATIONAL-TOY
tgs-puzzle-busy-board,,,,,,,,,,,,,,,,,,,,output_pending/TGS-PUZZLE-BUSY-BOARD/angle3.jpg,2,Puzzle Busy Board House Educational Toy for Toddlers,,,,,backlog_low_stock,,
tgs-puzzle-busy-board,,,,,,,,,,,,,,,,,,,,output_pending/TGS-PUZZLE-BUSY-BOARD/angle4.jpg,3,Puzzle Busy Board House Educational Toy for Toddlers,,,,,backlog_low_stock,,
tgs-range-diecast-car,Range Rover Diecast Model Car,<p>This is a diecast model car of a Range Rover. It is made of metal and plastic. The doors open and close. It is designed for children to play with and collect.</p><ul><li>METAL BODY WITH PLASTIC DETAILS</li><li>DOORS OPEN AND CLOSE</li><li>SCALE MODEL OF A RANGE ROVER</li><li>INCLUDES CAR ONLY</li><li>FOR CHILDREN TO PLAY WITH</li></ul><p><strong>What's included:</strong></p><ul><li>Range Rover Diecast Model Car</li></ul>,The Toy Gift Shop,,Cars & Vehicles,"diecast, range rover, model car, toy car, childrens toys, collectible, metal, opening doors, age 3",FALSE,Title,Default Title,TGS-RANGE-DIECAST-CAR,,shopify,0,deny,manual,,,TRUE,TRUE,output_pending/TGS-RANGE-DIECAST-CAR/angle2.jpg,1,Range Rover Diecast Model Car,FALSE,Range Rover Diecast Model Car Toy,"Diecast model car of a Range Rover. Metal body, opening doors, for children ages 3 and up. Collectible toy vehicle.",draft,backlog_low_stock,unknown,Below the stock-listing threshold (or explicitly discontinued) -- not priced for sale yet. Folder: backlog-products/RANGE-ROVER-DIECAST-MODEL-CAR
tgs-range-diecast-car,,,,,,,,,,,,,,,,,,,,output_pending/TGS-RANGE-DIECAST-CAR/angle3.jpg,2,Range Rover Diecast Model Car,,,,,backlog_low_stock,,
tgs-range-diecast-car,,,,,,,,,,,,,,,,,,,,output_pending/TGS-RANGE-DIECAST-CAR/angle4.jpg,3,Range Rover Diecast Model Car,,,,,backlog_low_stock,,
tgs-rc-maserati-mc20,RC Maserati MC20 Remote Control Car with Realistic Details,<p>This remote control car is a scaled model of the Maserati MC20. It features a white and black color scheme with detailed bodywork. It is operated using a handheld remote. The car has opening doors and a realistic interior. It is designed for indoor or outdoor play on smooth surfaces.</p><ul><li>Made of hard plastic with painted details</li><li>Approximate length: 12 inches (30 cm)</li><li>Opening doors and hood</li><li>Includes one remote control</li><li>Intended for ages 8 and up</li></ul><p><strong>What's included:</strong></p><ul><li>RC Maserati MC20 car</li><li>Remote control</li></ul>,The Toy Gift Shop,,RC & Remote Control Toys,"remote control, rc car, maserati mc20, sports car, toy car, kids toys, opening doors, indoor play, outdoor play",FALSE,Title,Default Title,TGS-RC-MASERATI-MC20,,shopify,0,deny,manual,,,TRUE,TRUE,output_pending/TGS-RC-MASERATI-MC20/angle2.jpg,1,RC Maserati MC20 Remote Control Car with Realistic Details,FALSE,RC Maserati MC20 Remote Control Car with Opening Doors,Remote control sports car model with opening doors and realistic details. Operated by handheld remote. For ages 8 and up. Indoor/outdoor play.,draft,backlog_low_stock,unknown,Below the stock-listing threshold (or explicitly discontinued) -- not priced for sale yet. Folder: backlog-products/RC-MASERATI-MC20-REMOTE-CONTROL-CAR
tgs-rc-maserati-mc20,,,,,,,,,,,,,,,,,,,,output_pending/TGS-RC-MASERATI-MC20/front.jpg,2,RC Maserati MC20 Remote Control Car with Realistic Details,,,,,backlog_low_stock,,
tgs-reassembl-screw-car,Reassembly Screw Car Wooden Toy,<p>This wooden toy car is designed for children to assemble and disassemble using colorful screws. It is made of painted wood and includes a small hammer and screwdriver. The toy encourages fine motor skills and imaginative play. It is suitable for children aged 3 and up.</p><ul><li>Made of painted wood</li><li>Includes small hammer and screwdriver</li><li>Features colorful screws for assembly</li><li>Intended for children aged 3 and up</li><li>Contains multiple small parts</li></ul><p><strong>What's included:</strong></p><ul><li>Wooden car body</li><li>Colorful screws</li><li>Small hammer</li><li>Screwdriver</li><li>Warning label</li></ul>,The Toy Gift Shop,,Pretend Play & Role Play,"wooden toy, screw car, assembly toy, fine motor skills, children's toys, 3+ age, pretend play, educational toy, screws",FALSE,Title,Default Title,TGS-REASSEMBL-SCREW-CAR,,shopify,0,deny,manual,3250.00,,TRUE,TRUE,output_pending/TGS-REASSEMBL-SCREW-CAR/angle2.jpg,1,Reassembly Screw Car Wooden Toy,FALSE,Reassembly Screw Car Wooden Toy for Ages 3+,Wooden screw car toy for children aged 3+ to assemble and disassemble with colorful screws and included tools.,draft,backlog_low_stock,unknown,Below the stock-listing threshold (or explicitly discontinued) -- not priced for sale yet. Folder: backlog-products/REASSEMBLY-SCREW-CAR-WOODEN-TOY
tgs-reassembl-screw-car,,,,,,,,,,,,,,,,,,,,output_pending/TGS-REASSEMBL-SCREW-CAR/angle3.jpg,2,Reassembly Screw Car Wooden Toy,,,,,backlog_low_stock,,
tgs-reassembl-screw-car,,,,,,,,,,,,,,,,,,,,output_pending/TGS-REASSEMBL-SCREW-CAR/angle4.jpg,3,Reassembly Screw Car Wooden Toy,,,,,backlog_low_stock,,
tgs-swim-crocodile,Remote Control Swim Crocodile Toy with Controller,<p>This remote control swim crocodile toy is designed to move through water. It is made of hard plastic and includes a 2.4GHz controller. The toy has a realistic crocodile design with an open mouth and textured skin. It is intended for children to play with in a pool or bathtub.</p><ul><li>Hard plastic body</li><li>Approximately 10 inches long</li><li>Remote control with directional buttons</li><li>Includes 2.4GHz controller</li><li>Intended for children aged 3 and up</li></ul><p><strong>What's included:</strong></p><ul><li>Remote control swim crocodile toy</li><li>2.4GHz controller</li><li>Instruction manual</li><li>Battery pack</li></ul>,The Toy Gift Shop,,RC & Remote Control Toys,"remote control, swim crocodile, toy, children, pool toy, bathtub toy, 2.4ghz, controller, hard plastic",FALSE,Title,Default Title,TGS-SWIM-CROCODILE,,shopify,0,deny,manual,7000.00,,TRUE,TRUE,output_pending/TGS-SWIM-CROCODILE/angle2.jpg,1,Remote Control Swim Crocodile Toy with Controller,FALSE,Remote Control Swim Crocodile Toy for Kids,Remote control swim crocodile toy with controller. Made of hard plastic. For children aged 3 and up. Includes instructions and battery pack.,draft,backlog_low_stock,unknown,Below the stock-listing threshold (or explicitly discontinued) -- not priced for sale yet. Folder: backlog-products/REMOTE-CONTROL-SWIM-CROCODILE-TOY
tgs-swim-crocodile,,,,,,,,,,,,,,,,,,,,output_pending/TGS-SWIM-CROCODILE/angle3.jpg,2,Remote Control Swim Crocodile Toy with Controller,,,,,backlog_low_stock,,
tgs-swim-crocodile,,,,,,,,,,,,,,,,,,,,output_pending/TGS-SWIM-CROCODILE/angle4.jpg,3,Remote Control Swim Crocodile Toy with Controller,,,,,backlog_low_stock,,
tgs-retro-arcade-duel,Retro Arcade Duel Mini Game with 23+ Games,"<p>This is a mini arcade game console designed for children. It has a blue plastic body with a red joystick, two blue buttons, and a small screen. The console plays 23+ retro-style games. It is intended for ages 6 and up.</p><ul><li>Blue plastic construction</li><li>Includes 23+ preloaded games</li><li>Features a red joystick and two blue buttons</li><li>Small screen for gameplay</li><li>Intended for ages 6 and up</li></ul><p><strong>What's included:</strong></p><ul><li>Mini arcade game console</li><li>23+ preloaded games</li><li>Red joystick</li><li>Two blue buttons</li><li>Small screen</li></ul>",The Toy Gift Shop,,Robots & Electronic Toys,"retro game, arcade duel, mini game, children toys, 6+ ages, blue plastic, joystick, buttons, games",FALSE,Title,Default Title,TGS-RETRO-ARCADE-DUEL,,shopify,0,deny,manual,1650.00,,TRUE,TRUE,output_pending/TGS-RETRO-ARCADE-DUEL/angle2.jpg,1,Retro Arcade Duel Mini Game with 23+ Games,FALSE,Retro Arcade Duel Mini Game with 23+ Games,Retro Arcade Duel Mini Game with 23+ games for ages 6+. Blue plastic console with joystick and buttons. Perfect for retro gaming fun.,draft,backlog_low_stock,unknown,Below the stock-listing threshold (or explicitly discontinued) -- not priced for sale yet. Folder: backlog-products/RETRO-ARCADE-DUEL-MINI-GAME
tgs-retro-arcade-duel,,,,,,,,,,,,,,,,,,,,output_pending/TGS-RETRO-ARCADE-DUEL/angle3.jpg,2,Retro Arcade Duel Mini Game with 23+ Games,,,,,backlog_low_stock,,
tgs-retro-arcade-duel,,,,,,,,,,,,,,,,,,,,output_pending/TGS-RETRO-ARCADE-DUEL/angle4.jpg,3,Retro Arcade Duel Mini Game with 23+ Games,,,,,backlog_low_stock,,
tgs-vintage-diecast-car,Rolls Royce Phantom Vintage Diecast Model Car,<p>This is a diecast model of a vintage Rolls Royce Phantom. It has a black body with red interior details. The model includes a removable soft top and a small trunk. It is designed for display and does not move or require batteries.</p><ul><li>Diecast metal body with painted details</li><li>Includes removable soft top and trunk</li><li>Red interior upholstery visible</li><li>Detailed chrome accents and headlights</li><li>For display on a shelf or table</li></ul><p><strong>What's included:</strong></p><ul><li>Rolls Royce Phantom model car</li><li>Removable soft top</li><li>Trunk accessory</li></ul>,The Toy Gift Shop,,Cars & Vehicles,"diecast, rolls royce, phantom, vintage car, model car, display, collectible, toy, childrens toys",FALSE,Title,Default Title,TGS-VINTAGE-DIECAST-CAR,,shopify,0,deny,manual,,,TRUE,TRUE,output_pending/TGS-VINTAGE-DIECAST-CAR/angle10.jpg,1,Rolls Royce Phantom Vintage Diecast Model Car,FALSE,Rolls Royce Phantom Vintage Diecast Model Car,Vintage Rolls Royce Phantom diecast model car with removable soft top and trunk. Detailed metal body for display. Scale 1:18.,draft,backlog_low_stock,unknown,Below the stock-listing threshold (or explicitly discontinued) -- not priced for sale yet. Folder: backlog-products/ROLLS-ROYCE-PHANTOM-VINTAGE-DIECAST-MODEL-CAR
tgs-vintage-diecast-car,,,,,,,,,,,,,,,,,,,,output_pending/TGS-VINTAGE-DIECAST-CAR/angle2.jpg,2,Rolls Royce Phantom Vintage Diecast Model Car,,,,,backlog_low_stock,,
tgs-vintage-diecast-car,,,,,,,,,,,,,,,,,,,,output_pending/TGS-VINTAGE-DIECAST-CAR/angle3.jpg,3,Rolls Royce Phantom Vintage Diecast Model Car,,,,,backlog_low_stock,,
tgs-rotating-orbit-ball,Rotating Orbit Ball Track with 20pcs Balls,<p>This toy is a multi-level track with curved ramps and platforms. It includes 20 balls that roll down the track. The track is made of plastic with a speckled finish. The balls are white and black with colored stripes. It is designed for children ages 3 and up.</p><ul><li>Plastic construction with speckled finish</li><li>Height: 11cm (as shown on box)</li><li>Includes 20 balls (white and black with colored stripes)</li><li>Designed for children ages 3 and up</li><li>Includes instructions and safety information</li></ul><p><strong>What's included:</strong></p><ul><li>Multi-level plastic track with curved ramps</li><li>20 balls (white and black with colored stripes)</li><li>Instruction sheet</li></ul>,The Toy Gift Shop,,Sports Toys,"rotating orbit ball, sports toys, childrens toys, plastic track, balls, age 3, safe materials, toy set, 20 pcs",FALSE,Title,Default Title,TGS-ROTATING-ORBIT-BALL,,shopify,0,deny,manual,1850.00,,TRUE,TRUE,output_pending/TGS-ROTATING-ORBIT-BALL/angle2.jpg,1,Rotating Orbit Ball Track with 20pcs Balls,FALSE,Rotating Orbit Ball Track with 20pcs Balls,"Rotating Orbit Ball Track with 20pcs Balls. Multi-level plastic track with curved ramps and 20 balls for ages 3+. Safe materials, cut with scissors.",draft,backlog_low_stock,unknown,Below the stock-listing threshold (or explicitly discontinued) -- not priced for sale yet. Folder: backlog-products/ROTATING-ORBIT-BALL-TRACK
tgs-rotating-orbit-ball,,,,,,,,,,,,,,,,,,,,output_pending/TGS-ROTATING-ORBIT-BALL/angle3.jpg,2,Rotating Orbit Ball Track with 20pcs Balls,,,,,backlog_low_stock,,
tgs-rotating-orbit-ball,,,,,,,,,,,,,,,,,,,,output_pending/TGS-ROTATING-ORBIT-BALL/angle4.jpg,3,Rotating Orbit Ball Track with 20pcs Balls,,,,,backlog_low_stock,,
tgs-shoot-elite-graffiti,Shooting Elite Water Gun with Accessories,"<p>This water gun has a colorful comic-book design with a clear water reservoir. It shoots water bullets using a USB rechargeable battery. The gun includes a water tank, USB cable, and other accessories. It is designed for children to play with during outdoor or indoor water games.</p><ul><li>Colorful comic-book patterned plastic body</li><li>USB rechargeable battery for operation</li><li>Clear water reservoir with fill cap</li><li>Includes USB cable and water tank</li><li>Designed for children&#x27;s water play</li></ul><p><strong>What's included:</strong></p><ul><li>Water gun with comic-book pattern</li><li>Clear water reservoir</li><li>USB charging cable</li><li>Water tank</li><li>Accessories in plastic bag</li></ul>",The Toy Gift Shop,,Water & Beach Toys,"water gun, toy gun, water bullet, usb rechargeable, children's toy, outdoor play, indoor play, comic book design, water gun accessories",FALSE,Title,Default Title,TGS-SHOOT-ELITE-GRAFFITI,,shopify,0,deny,manual,5400.00,,TRUE,TRUE,output_pending/TGS-SHOOT-ELITE-GRAFFITI/angle2.jpg,1,Shooting Elite Water Gun with Accessories,FALSE,Shooting Elite Water Gun with Accessories,"Shooting Elite Water Gun with USB rechargeable battery, clear water reservoir, and comic-book design. Includes accessories for children's water play.",draft,backlog_low_stock,unknown,Below the stock-listing threshold (or explicitly discontinued) -- not priced for sale yet. Folder: backlog-products/SHOOTING-ELITE-GRAFFITI-GEL-BLASTER
tgs-shoot-elite-graffiti,,,,,,,,,,,,,,,,,,,,output_pending/TGS-SHOOT-ELITE-GRAFFITI/angle3.jpg,2,Shooting Elite Water Gun with Accessories,,,,,backlog_low_stock,,
tgs-shoot-elite-graffiti,,,,,,,,,,,,,,,,,,,,output_pending/TGS-SHOOT-ELITE-GRAFFITI/front.jpg,3,Shooting Elite Water Gun with Accessories,,,,,backlog_low_stock,,
tgs-smart-robot,Smart Robot Interactive Toy with Remote Control,<p>This interactive robot toy is designed for children aged 3 and up. It features a white and orange plastic body with movable arms and legs. It comes with a remote control for operation and a USB charging cable. The robot can perform songs and dances as shown on the packaging.</p><ul><li>White and orange plastic construction</li><li>Remote control included for operation</li><li>USB charging cable included</li><li>Features songs and dance functions</li><li>Designed for children aged 3 and up</li></ul><p><strong>What's included:</strong></p><ul><li>Smart Robot toy</li><li>Remote control</li><li>USB charging cable</li></ul>,The Toy Gift Shop,,RC & Remote Control Toys,"robot, remote control, interactive, children, toys, dance, songs, 3+, plastic",FALSE,Title,Default Title,TGS-SMART-ROBOT,,shopify,0,deny,manual,8550.00,,TRUE,TRUE,output_pending/TGS-SMART-ROBOT/angle2.jpg,1,Smart Robot Interactive Toy with Remote Control,FALSE,Smart Robot Interactive Toy with Remote Control,"Interactive robot toy for ages 3+ with remote control, songs, and dance functions. Includes remote and USB cable. Plastic construction.",draft,backlog_low_stock,unknown,Below the stock-listing threshold (or explicitly discontinued) -- not priced for sale yet. Folder: backlog-products/SMART-ROBOT-INTERACTIVE-REMOTE-CONTROL-TOY
tgs-smart-robot,,,,,,,,,,,,,,,,,,,,output_pending/TGS-SMART-ROBOT/angle3.jpg,2,Smart Robot Interactive Toy with Remote Control,,,,,backlog_low_stock,,
tgs-smart-robot,,,,,,,,,,,,,,,,,,,,output_pending/TGS-SMART-ROBOT/angle4.jpg,3,Smart Robot Interactive Toy with Remote Control,,,,,backlog_low_stock,,
tgs-soft-blocks,Soft Building Blocks Toy Set with Carry Bag,<p>This is a soft building blocks toy set in a clear carry bag. The blocks are made of soft material and are shaped like bricks. They can be stacked and arranged to build structures. The set is for children aged 3 and up.</p><ul><li>Soft material blocks</li><li>Includes carry bag</li><li>Blocks have eyes and printed designs</li><li>Intended for ages 3+</li><li>Blocks come in multiple colors</li></ul><p><strong>What's included:</strong></p><ul><li>Soft building blocks</li><li>Carry bag with zipper</li><li>Instruction booklet</li></ul>,The Toy Gift Shop,,Building & Construction Toys,"building blocks, soft toys, construction toys, children toys, age 3, carry bag, instruction booklet, colorful blocks, creative play",FALSE,Title,Default Title,TGS-SOFT-BLOCKS,,shopify,0,deny,manual,,,TRUE,TRUE,output_pending/TGS-SOFT-BLOCKS/angle2.jpg,1,Soft Building Blocks Toy Set with Carry Bag,FALSE,Soft Building Blocks Toy Set for Ages 3+,"Soft building blocks toy set with carry bag for ages 3+. Includes colorful blocks, instruction booklet, and storage bag. Perfect for creative play.",draft,backlog_low_stock,unknown,Below the stock-listing threshold (or explicitly discontinued) -- not priced for sale yet. Folder: backlog-products/SOFT-BUILDING-BLOCKS-TOY-SET
tgs-soft-blocks,,,,,,,,,,,,,,,,,,,,output_pending/TGS-SOFT-BLOCKS/angle3.jpg,2,Soft Building Blocks Toy Set with Carry Bag,,,,,backlog_low_stock,,
tgs-soft-blocks,,,,,,,,,,,,,,,,,,,,output_pending/TGS-SOFT-BLOCKS/angle4.jpg,3,Soft Building Blocks Toy Set with Carry Bag,,,,,backlog_low_stock,,
tgs-dancing-elec,Sonic Dancing Electric Toy with Lights and Music,"<p>This electric toy is a blue hedgehog figure with red overalls. It dances, plays music, and lights up. The toy is made of plastic and is intended for children aged 3 and up. It moves to music and has a recording function.</p><ul><li>Plastic construction</li><li>Dances to music</li><li>Includes lights and music</li><li>Ages 3+ recommended</li><li>Has a recording function</li></ul><p><strong>What's included:</strong></p><ul><li>Sonic dancing electric toy</li><li>Instruction manual</li></ul>",The Toy Gift Shop,,Animal & Dinosaur Toys,"sonic, dancing, electric, toy, lights, music, children, ages 3+, plastic",FALSE,Title,Default Title,TGS-DANCING-ELEC,,shopify,0,deny,manual,,,TRUE,TRUE,output_pending/TGS-DANCING-ELEC/angle2.jpg,1,Sonic Dancing Electric Toy with Lights and Music,FALSE,Sonic Dancing Electric Toy with Lights and Music,"Electric Sonic dancing toy with lights and music. Ages 3+. Dances, plays music, and has a recording function. Plastic construction.",draft,backlog_low_stock,unknown,Below the stock-listing threshold (or explicitly discontinued) -- not priced for sale yet. Folder: backlog-products/SONIC-DANCING-ELECTRIC-TOY
tgs-dancing-elec,,,,,,,,,,,,,,,,,,,,output_pending/TGS-DANCING-ELEC/angle3.jpg,2,Sonic Dancing Electric Toy with Lights and Music,,,,,backlog_low_stock,,
tgs-dancing-elec,,,,,,,,,,,,,,,,,,,,output_pending/TGS-DANCING-ELEC/angle4.jpg,3,Sonic Dancing Electric Toy with Lights and Music,,,,,backlog_low_stock,,
tgs-space-journey-bubble,Space Journey Bubble Machine with Adjustable Speed,<p>This toy bubble machine is light blue with space-themed decals. It produces bubbles and has a third gear for adjustable speed. It requires six AA batteries to operate. The device has a bottle cap for bubble solution and a battery compartment cover.</p><ul><li>Light blue plastic body</li><li>Three speed settings (adjustable)</li><li>Includes bubble solution bottle cap</li><li>Requires 6 AA batteries</li><li>For children aged 3+</li></ul><p><strong>What's included:</strong></p><ul><li>Bubble machine</li><li>Bubble solution bottle cap</li><li>Battery compartment cover</li><li>Instructions</li></ul>,The Toy Gift Shop,,Outdoor Toys,"bubble machine, space journey, children toys, outdoor toys, bubble toys, adjustable speed, age 3, plastic toy, batteries required",FALSE,Title,Default Title,TGS-SPACE-JOURNEY-BUBBLE,,shopify,0,deny,manual,2850.00,,TRUE,TRUE,output_pending/TGS-SPACE-JOURNEY-BUBBLE/angle2.jpg,1,Space Journey Bubble Machine with Adjustable Speed,FALSE,Space Journey Bubble Machine - Adjustable Speed Toy,Space Journey Bubble Machine with adjustable speed settings. Requires 6 AA batteries. For ages 3+. Includes bubble solution cap and instructions.,draft,backlog_low_stock,unknown,Below the stock-listing threshold (or explicitly discontinued) -- not priced for sale yet. Folder: backlog-products/SPACE-JOURNEY-BUBBLE-MACHINE
tgs-space-journey-bubble,,,,,,,,,,,,,,,,,,,,output_pending/TGS-SPACE-JOURNEY-BUBBLE/angle3.jpg,2,Space Journey Bubble Machine with Adjustable Speed,,,,,backlog_low_stock,,
tgs-space-journey-bubble,,,,,,,,,,,,,,,,,,,,output_pending/TGS-SPACE-JOURNEY-BUBBLE/angle4.jpg,3,Space Journey Bubble Machine with Adjustable Speed,,,,,backlog_low_stock,,
tgs-rc-spider-wall,Spider Wall Rallyist Remote Control Toy with Infrared Control,"<p>A remote-controlled spider toy that can drive on walls, ceilings, and floors. It has glowing eyes and is controlled by an infrared remote. The toy is made of hard plastic and is intended for children aged 8 and up. It comes with a black remote control with two joysticks.</p><ul><li>Made of hard plastic</li><li>Glowing eyes feature</li><li>Drives on walls, ceilings, and floors</li><li>Includes infrared remote control</li><li>Intended for children 8 years and older</li></ul><p><strong>What's included:</strong></p><ul><li>Spider wall rallyist toy</li><li>Infrared remote control</li></ul>",The Toy Gift Shop,,RC & Remote Control Toys,"spider, remote control, wall, ceiling, floor, infrared, toy, children, 8+",FALSE,Title,Default Title,TGS-RC-SPIDER-WALL,,shopify,0,deny,manual,5800.00,,TRUE,TRUE,output_pending/TGS-RC-SPIDER-WALL/angle2.jpg,1,Spider Wall Rallyist Remote Control Toy with Infrared Control,FALSE,Spider Wall Rallyist Remote Control Toy,"Remote-controlled spider toy with infrared control that drives on walls, ceilings, and floors. Includes remote and is for ages 8+.",draft,backlog_low_stock,unknown,Below the stock-listing threshold (or explicitly discontinued) -- not priced for sale yet. Folder: backlog-products/SPIDER-WALL-RALLYIST-REMOTE-CONTROL-TOY
tgs-rc-spider-wall,,,,,,,,,,,,,,,,,,,,output_pending/TGS-RC-SPIDER-WALL/angle3.jpg,2,Spider Wall Rallyist Remote Control Toy with Infrared Control,,,,,backlog_low_stock,,
tgs-rc-spider-wall,,,,,,,,,,,,,,,,,,,,output_pending/TGS-RC-SPIDER-WALL/angle4.jpg,3,Spider Wall Rallyist Remote Control Toy with Infrared Control,,,,,backlog_low_stock,,
tgs-stem-chem-expermnt,STEM Chemistry Experiment Set with 14 Experiments,"<p>This STEM Chemistry Experiment Set includes 14 different experiments using colorful liquid, test tubes, and a black volcano mold. The kit contains small bottles of pigment, baking soda, and other materials for safe, hands-on science activities. It is designed for children aged 8 and up to explore basic chemical reactions.</p><ul><li>Includes 4 clear test tubes with a green plastic holder</li><li>Contains 3 small bottles of colored pigment (blue, red, yellow)</li><li>Includes a black plastic volcano mold and a white plastic spoon</li><li>Features a white plastic measuring cup and clear plastic containers</li><li>Designed for children aged 8 and up</li></ul><p><strong>What's included:</strong></p><ul><li>4 test tubes with a green plastic holder</li><li>3 small pigment bottles (blue, red, yellow)</li><li>1 black plastic volcano mold</li><li>1 white plastic spoon</li><li>1 white plastic measuring cup</li><li>Clear plastic containers</li><li>Baking soda (in a bag)</li><li>Instruction booklet (not visible)</li></ul>",The Toy Gift Shop,,STEM & Science Toys,"STEM, Chemistry, Science, Experiments, Kids, Educational, Hands-On, Volcano, Test Tubes",FALSE,Title,Default Title,TGS-STEM-CHEM-EXPERMNT,,shopify,0,deny,manual,3250.00,,TRUE,TRUE,output_pending/TGS-STEM-CHEM-EXPERMNT/angle2.jpg,1,STEM Chemistry Experiment Set with 14 Experiments,FALSE,STEM Chemistry Experiment Set with 14 Experiments for Kids,"STEM Chemistry Experiment Set with 14 experiments. Includes test tubes, pigment, volcano mold, and baking soda for safe, hands-on science fun for ages 8+.",draft,backlog_low_stock,unknown,Below the stock-listing threshold (or explicitly discontinued) -- not priced for sale yet. Folder: backlog-products/STEM-CHEMISTRY-EXPERIMENT-SET
tgs-stem-chem-expermnt,,,,,,,,,,,,,,,,,,,,output_pending/TGS-STEM-CHEM-EXPERMNT/angle3.jpg,2,STEM Chemistry Experiment Set with 14 Experiments,,,,,backlog_low_stock,,
tgs-stem-chem-expermnt,,,,,,,,,,,,,,,,,,,,output_pending/TGS-STEM-CHEM-EXPERMNT/front.jpg,3,STEM Chemistry Experiment Set with 14 Experiments,,,,,backlog_low_stock,,
tgs-telescopi-lightsabe,Telescopic Lightsaber Toy with Color-Changing Blade,<p>This toy lightsaber has a telescopic blade that extends and retracts. The blade changes color. It is made of plastic. It is designed for children to play with and pretend to fight with. The box shows it is for ages 3 and up.</p><ul><li>Plastic construction</li><li>Telescopic blade extends and retracts</li><li>Color-changing blade (blue shown in box)</li><li>Includes one lightsaber</li><li>Intended for children aged 3 and up</li></ul><p><strong>What's included:</strong></p><ul><li>1 telescopic lightsaber toy</li></ul>,The Toy Gift Shop,,Novelty & Fun Toys,"lightsaber, toy, telescopic, color changing, pretend play, children, age 3, plastic, novelty",FALSE,Title,Default Title,TGS-TELESCOPI-LIGHTSABE,,shopify,0,deny,manual,2450.00,,TRUE,TRUE,output_pending/TGS-TELESCOPI-LIGHTSABE/angle2.jpg,1,Telescopic Lightsaber Toy with Color-Changing Blade,FALSE,Telescopic Lightsaber Toy with Color-Changing Blade,Telescopic Lightsaber Toy with color-changing blade. Extend and retract the blade. Made of plastic. For ages 3 and up. Great for pretend play.,draft,backlog_low_stock,unknown,Below the stock-listing threshold (or explicitly discontinued) -- not priced for sale yet. Folder: backlog-products/TELESCOPIC-LIGHTSABER-TOY
tgs-telescopi-lightsabe,,,,,,,,,,,,,,,,,,,,output_pending/TGS-TELESCOPI-LIGHTSABE/angle3.jpg,2,Telescopic Lightsaber Toy with Color-Changing Blade,,,,,backlog_low_stock,,
tgs-telescopi-lightsabe,,,,,,,,,,,,,,,,,,,,output_pending/TGS-TELESCOPI-LIGHTSABE/front.jpg,3,Telescopic Lightsaber Toy with Color-Changing Blade,,,,,backlog_low_stock,,
tgs-tiger-bubble,Tiger Bubble Machine with 10-Hole Bubble Blower,"<p>This toy is a tiger-shaped bubble machine designed for outdoor play. It has a yellow and black striped body with a bubble blower on its head. To use, press the switch on its back to launch bubbles. It comes with a small bottle of bubble solution. The toy is made of plastic and is intended for children.</p><ul><li>Plastic body with tiger design</li><li>10-hole bubble blower on head</li><li>Press switch to launch bubbles</li><li>Includes small bubble solution bottle</li><li>For children&#x27;s outdoor play</li></ul><p><strong>What's included:</strong></p><ul><li>Tiger bubble machine</li><li>Small bottle of bubble solution</li></ul>",The Toy Gift Shop,,Outdoor Toys,"bubble machine, tiger toy, outdoor toy, children's toy, bubble blower, plastic toy, kids play, bubble solution, toy gift",FALSE,Title,Default Title,TGS-TIGER-BUBBLE,,shopify,0,deny,manual,1950.00,,TRUE,TRUE,output_pending/TGS-TIGER-BUBBLE/angle2.jpg,1,Tiger Bubble Machine with 10-Hole Bubble Blower,FALSE,Tiger Bubble Machine for Kids Outdoor Play,Tiger Bubble Machine with 10-hole bubble blower for outdoor play. Includes bubble solution. Made of plastic for children's fun.,draft,backlog_low_stock,unknown,Below the stock-listing threshold (or explicitly discontinued) -- not priced for sale yet. Folder: backlog-products/TIGER-BUBBLE-MACHINE
tgs-tiger-bubble,,,,,,,,,,,,,,,,,,,,output_pending/TGS-TIGER-BUBBLE/angle3.jpg,2,Tiger Bubble Machine with 10-Hole Bubble Blower,,,,,backlog_low_stock,,
tgs-tiger-bubble,,,,,,,,,,,,,,,,,,,,output_pending/TGS-TIGER-BUBBLE/angle4.jpg,3,Tiger Bubble Machine with 10-Hole Bubble Blower,,,,,backlog_low_stock,,
tgs-circular-saw,Simulation Modeling Circular Saw Cutting Edge Tool,"<p>This is a toy circular saw with a plastic body, orange handle, and gray blade. It is designed for pretend play and role play. The toy is intended for children aged 3 and up. It is not a real power tool and does not operate with batteries or electricity.</p><ul><li>Made of plastic with orange and gray coloring</li><li>Includes a circular saw blade and base</li><li>Has a movable handle and trigger mechanism</li><li>Intended for pretend play and role play</li><li>Recommended for children aged 3 and up</li></ul><p><strong>What's included:</strong></p><ul><li>Toy circular saw with blade</li><li>Instruction manual (not visible in photos)</li><li>Box packaging</li></ul>",The Toy Gift Shop,,Pretend Play & Role Play,"toy, circular saw, pretend play, role play, children, ages 3, plastic, cutting tool, simulation modeling",FALSE,Title,Default Title,TGS-CIRCULAR-SAW,,shopify,0,deny,manual,2650.00,,TRUE,TRUE,output_pending/TGS-CIRCULAR-SAW/angle2.jpg,1,Simulation Modeling Circular Saw Cutting Edge Tool,FALSE,Toy Circular Saw for Pretend Play,Simulation Modeling Circular Saw Cutting Edge Tool for pretend play. Plastic toy saw for children ages 3+. Includes blade and base. Great for role play and imaginative play.,draft,backlog_low_stock,unknown,Below the stock-listing threshold (or explicitly discontinued) -- not priced for sale yet. Folder: backlog-products/TOY-CIRCULAR-SAW-CUTTING-EDGE-TOOL
tgs-circular-saw,,,,,,,,,,,,,,,,,,,,output_pending/TGS-CIRCULAR-SAW/angle3.jpg,2,Simulation Modeling Circular Saw Cutting Edge Tool,,,,,backlog_low_stock,,
tgs-circular-saw,,,,,,,,,,,,,,,,,,,,output_pending/TGS-CIRCULAR-SAW/angle4.jpg,3,Simulation Modeling Circular Saw Cutting Edge Tool,,,,,backlog_low_stock,,
tgs-elec-kettle,Toy Electric Kettle with Lights and Sounds,"<p>This toy electric kettle is designed for pretend play. It has a colorful plastic body with a handle, spout, and a transparent water level window. The toy includes a start button, a light show, and sound effects. It is intended for children to simulate boiling water and making tea or coffee.</p><ul><li>Plastic construction</li><li>Two-color flashing light</li><li>Sound effects</li><li>Open lid to add water</li><li>For pretend play</li></ul><p><strong>What's included:</strong></p><ul><li>Toy electric kettle (orange or blue)</li><li>Instructional packaging</li></ul>",The Toy Gift Shop,,Pretend Play & Role Play,"toy, kettle, pretend, play, lights, sounds, children, mini, appliance",FALSE,Title,Default Title,TGS-ELEC-KETTLE,,shopify,0,deny,manual,2200.00,,TRUE,TRUE,output_pending/TGS-ELEC-KETTLE/angle2.jpg,1,Toy Electric Kettle with Lights and Sounds,FALSE,Toy Electric Kettle with Lights and Sounds for Pretend Play,A colorful toy electric kettle with flashing lights and sound effects for pretend play. Ages 3+. Includes orange and blue color options.,draft,backlog_low_stock,unknown,Below the stock-listing threshold (or explicitly discontinued) -- not priced for sale yet. Folder: backlog-products/TOY-ELECTRIC-KETTLE
tgs-elec-kettle,,,,,,,,,,,,,,,,,,,,output_pending/TGS-ELEC-KETTLE/angle3.jpg,2,Toy Electric Kettle with Lights and Sounds,,,,,backlog_low_stock,,
tgs-elec-kettle,,,,,,,,,,,,,,,,,,,,output_pending/TGS-ELEC-KETTLE/angle4.jpg,3,Toy Electric Kettle with Lights and Sounds,,,,,backlog_low_stock,,
tgs-gear-vehicle-clear,Transparent Gear Vehicle Excavator & Bulldozer Set,<p>This toy set includes a transparent excavator and a transparent bulldozer. Both vehicles have large wheels and visible internal gears. The vehicles are made of plastic and are designed to be pushed and moved. They are for children aged 3 and up.</p><ul><li>Plastic construction</li><li>Large wheels for movement</li><li>Visible internal gears</li><li>Includes excavator and bulldozer</li><li>Intended for children 3+</li></ul><p><strong>What's included:</strong></p><ul><li>Transparent excavator vehicle</li><li>Transparent bulldozer vehicle</li><li>Instruction manual</li></ul>,The Toy Gift Shop,,Cars & Vehicles,"toy, excavator, bulldozer, transparent, gear, vehicle, children, ages 3+, plastic",FALSE,Title,Default Title,TGS-GEAR-VEHICLE-CLEAR,,shopify,0,deny,manual,2500.00,,TRUE,TRUE,output_pending/TGS-GEAR-VEHICLE-CLEAR/angle2.jpg,1,Transparent Gear Vehicle Excavator & Bulldozer Set,FALSE,Transparent Gear Vehicle Excavator & Bulldozer Set for Ages 3+,Transparent gear vehicle excavator and bulldozer set for ages 3+. Includes 2 vehicles with visible internal gears and large wheels for pushing and moving. Made of plastic.,draft,backlog_low_stock,unknown,Below the stock-listing threshold (or explicitly discontinued) -- not priced for sale yet. Folder: backlog-products/TRANSPARENT-GEAR-VEHICLE-EXCAVATOR-SET
tgs-gear-vehicle-clear,,,,,,,,,,,,,,,,,,,,output_pending/TGS-GEAR-VEHICLE-CLEAR/angle3.jpg,2,Transparent Gear Vehicle Excavator & Bulldozer Set,,,,,backlog_low_stock,,
tgs-gear-vehicle-clear,,,,,,,,,,,,,,,,,,,,output_pending/TGS-GEAR-VEHICLE-CLEAR/angle4.jpg,3,Transparent Gear Vehicle Excavator & Bulldozer Set,,,,,backlog_low_stock,,
tgs-two-head-dragon,Two-Headed Dragon Figure,"<p>A soft vinyl two-headed dragon in orange and red, with spread wings, a ridged tail and both mouths open mid-roar. Stands on its own for display or play.</p><ul><li>Two-headed dragon in orange and red</li><li>Spread wings and a ridged tail</li><li>Soft vinyl, stands on its own</li><li>For display or play</li></ul><p><strong>What's included:</strong></p><ul><li>1 two-headed dragon figure</li></ul>",The Toy Gift Shop,,Animal & Dinosaur Toys,"dragon, fantasy figure, animal figure, dinosaur toy",FALSE,Title,Default Title,TGS-TWO-HEAD-DRAGON,,shopify,0,deny,manual,2950.00,,TRUE,TRUE,output_pending/TGS-TWO-HEAD-DRAGON/angle2.jpg,1,Two-Headed Dragon Figure,FALSE,Two-Headed Dragon Figure,"Soft vinyl two-headed dragon figure with spread wings, in orange and red.",draft,backlog_low_stock,unknown,Below the stock-listing threshold (or explicitly discontinued) -- not priced for sale yet. Folder: backlog-products/TWO-HEADED-DRAGON-FIGURE
tgs-two-head-dragon,,,,,,,,,,,,,,,,,,,,output_pending/TGS-TWO-HEAD-DRAGON/angle3.jpg,2,Two-Headed Dragon Figure,,,,,backlog_low_stock,,
tgs-two-head-dragon,,,,,,,,,,,,,,,,,,,,output_pending/TGS-TWO-HEAD-DRAGON/angle4.jpg,3,Two-Headed Dragon Figure,,,,,backlog_low_stock,,
tgs-voice-broadcast-rc,Voice Broadcast RC Police Car with Remote Control,<p>This is a remote-controlled police car with voice transmission capability. It features a red and black checkered design with &#x27;SUPER POLICE INTERCEPTOR&#x27; text. The car is made of plastic and comes with a red remote control. It is designed for children aged 3 and up.</p><ul><li>Plastic body with red and black checkered paint</li><li>Includes a red remote control with buttons</li><li>Voice transmission feature for communication</li><li>Designed for ages 3 and up</li><li>Features moving wheels and a detailed police car design</li></ul><p><strong>What's included:</strong></p><ul><li>RC Police Car</li><li>Remote Control</li></ul>,The Toy Gift Shop,,RC & Remote Control Toys,"rc police car, voice transmission, remote control, children toys, police car, rc vehicle, toys for kids, age 3+, voice broadcast",FALSE,Title,Default Title,TGS-VOICE-BROADCAST-RC,,shopify,0,deny,manual,,,TRUE,TRUE,output_pending/TGS-VOICE-BROADCAST-RC/angle2.jpg,1,Voice Broadcast RC Police Car with Remote Control,FALSE,Voice Broadcast RC Police Car with Remote Control,"Voice Broadcast RC Police Car with remote control, voice transmission, red and black checkered design, for ages 3+. Includes remote and toy car.",draft,backlog_low_stock,unknown,Below the stock-listing threshold (or explicitly discontinued) -- not priced for sale yet. Folder: backlog-products/VOICE-BROADCAST-RC-POLICE-CAR
tgs-voice-broadcast-rc,,,,,,,,,,,,,,,,,,,,output_pending/TGS-VOICE-BROADCAST-RC/angle3.jpg,2,Voice Broadcast RC Police Car with Remote Control,,,,,backlog_low_stock,,
tgs-voice-broadcast-rc,,,,,,,,,,,,,,,,,,,,output_pending/TGS-VOICE-BROADCAST-RC/front.jpg,3,Voice Broadcast RC Police Car with Remote Control,,,,,backlog_low_stock,,
tgs-glow-learn-bilingual,Winfun Glow & Learn Bilingual Pad with Keyboard and LCD Screen,"<p>This toy is a bilingual learning pad with a keyboard, LCD screen, and colorful buttons. It is designed for children to learn letters, numbers, and music. The pad has a plastic body and is intended for ages 2 and up. It includes a parent control system and is not a real electronic device.</p><ul><li>Plastic keyboard with colorful buttons</li><li>Small size suitable for young children</li><li>Includes LCD screen for visual feedback</li><li>Features bilingual learning modes</li><li>Comes with parent control system</li></ul><p><strong>What's included:</strong></p><ul><li>Glow &amp; Learn Bilingual Pad</li><li>Parent Control System</li><li>Instruction Manual</li></ul>",The Toy Gift Shop,,Musical Toys,"bilingual, musical toy, learning pad, keyboard toy, children's toy, ages 2+, winfun, educational toy, musical instruments",FALSE,Title,Default Title,TGS-GLOW-LEARN-BILINGUAL,,shopify,0,deny,manual,,,TRUE,TRUE,output_pending/TGS-GLOW-LEARN-BILINGUAL/angle2.jpg,1,Winfun Glow & Learn Bilingual Pad with Keyboard and LCD Screen,FALSE,Winfun Glow & Learn Bilingual Pad Musical Toy for Ages 2+,"Winfun Glow & Learn Bilingual Pad musical toy for ages 2+. Teaches letters, numbers, and music with a colorful keyboard and LCD screen. Includes parent control system.",draft,backlog_low_stock,unknown,Below the stock-listing threshold (or explicitly discontinued) -- not priced for sale yet. Folder: backlog-products/WINFUN-GLOW-AND-LEARN-BILINGUAL-PAD
tgs-glow-learn-bilingual,,,,,,,,,,,,,,,,,,,,output_pending/TGS-GLOW-LEARN-BILINGUAL/angle3.jpg,2,Winfun Glow & Learn Bilingual Pad with Keyboard and LCD Screen,,,,,backlog_low_stock,,
tgs-glow-learn-bilingual,,,,,,,,,,,,,,,,,,,,output_pending/TGS-GLOW-LEARN-BILINGUAL/angle4.jpg,3,Winfun Glow & Learn Bilingual Pad with Keyboard and LCD Screen,,,,,backlog_low_stock,,
tgs-wd-clock-learning,Wooden Clock Learning Toy with Removable Hands and Number Discs,<p>This wooden clock learning toy features a circular base with numbered discs that can be removed and repositioned. It has two blue hands that can be moved to show different times. The toy is made of wood and is designed for children to learn about time and spatial relationships. It includes a warning label for choking hazard.</p><ul><li>Made of wood</li><li>Includes removable number discs</li><li>Two blue hands for time setting</li><li>Intended for children aged 36+ months</li><li>Comes with instruction manual</li></ul><p><strong>What's included:</strong></p><ul><li>Wooden clock base</li><li>Removable number discs</li><li>Two blue hands</li><li>Instruction manual</li></ul>,The Toy Gift Shop,,Educational Toys,"wooden clock, learning toy, educational toys, time learning, wooden toys, children toys, 36+ months, removable discs, hand-eye coordination",FALSE,Title,Default Title,TGS-WD-CLOCK-LEARNING,,shopify,0,deny,manual,1850.00,,TRUE,TRUE,output_pending/TGS-WD-CLOCK-LEARNING/angle2.jpg,1,Wooden Clock Learning Toy with Removable Hands and Number Discs,FALSE,Wooden Clock Learning Toy for Kids,Educational wooden clock toy with removable hands and number discs for learning time and spatial skills. Ages 36+ months. Made of wood.,draft,backlog_low_stock,unknown,Below the stock-listing threshold (or explicitly discontinued) -- not priced for sale yet. Folder: backlog-products/WOODEN-CLOCK-LEARNING-TOY
tgs-wd-clock-learning,,,,,,,,,,,,,,,,,,,,output_pending/TGS-WD-CLOCK-LEARNING/angle3.jpg,2,Wooden Clock Learning Toy with Removable Hands and Number Discs,,,,,backlog_low_stock,,
tgs-wd-clock-learning,,,,,,,,,,,,,,,,,,,,output_pending/TGS-WD-CLOCK-LEARNING/angle4.jpg,3,Wooden Clock Learning Toy with Removable Hands and Number Discs,,,,,backlog_low_stock,,
tgs-xinlejia-fishing-game,Electric Fishing Game with 30+ Fish Figures and Fishing Rod,"<p>This electric fishing game features a circular board with 30+ fish figures that can be caught using a fishing rod. The game includes a fishing rod, a base with a fish-catching mechanism, and a power source. It is designed for children aged 3 and up. The board is made of plastic and has colorful fish figures.</p><ul><li>Plastic board with 30+ fish figures</li><li>Includes fishing rod and power source</li><li>Fish figures are removable and colorful</li><li>Designed for children aged 3 and up</li><li>Electric mechanism to catch fish</li></ul><p><strong>What's included:</strong></p><ul><li>Circular plastic game board with 30+ fish figures</li><li>Fishing rod</li><li>Power source</li><li>Instruction manual</li></ul>",The Toy Gift Shop,,Robots & Electronic Toys,"fishing game, electric toy, kids toy, underwater game, plastic toy, 3+ age, fishing rod, fish figures, electric mechanism",FALSE,Title,Default Title,TGS-XINLEJIA-FISHING-GAME,,shopify,0,deny,manual,4950.00,,TRUE,TRUE,output_pending/TGS-XINLEJIA-FISHING-GAME/angle2.jpg,1,Electric Fishing Game with 30+ Fish Figures and Fishing Rod,FALSE,Electric Fishing Game for Kids 3+ with 30+ Fish Figures,"Electric fishing game for children 3+ with 30+ fish figures, fishing rod, and power source. Plastic construction, electric mechanism, and fun underwater adventure.",draft,backlog_low_stock,unknown,Below the stock-listing threshold (or explicitly discontinued) -- not priced for sale yet. Folder: backlog-products/XINLEJIA-FISHING-GAME
tgs-xinlejia-fishing-game,,,,,,,,,,,,,,,,,,,,output_pending/TGS-XINLEJIA-FISHING-GAME/angle3.jpg,2,Electric Fishing Game with 30+ Fish Figures and Fishing Rod,,,,,backlog_low_stock,,
tgs-xinlejia-fishing-game,,,,,,,,,,,,,,,,,,,,output_pending/TGS-XINLEJIA-FISHING-GAME/angle4.jpg,3,Electric Fishing Game with 30+ Fish Figures and Fishing Rod,,,,,backlog_low_stock,,
tgs-tricycle,Yellow and Green Ride-On Tricycle Toy with Big Wheels,"<p>This ride-on tricycle toy is designed for toddlers. It has a yellow steering head with two handles, a green seat, and a white body. The wheels are red with blue stripes. It is intended for children to push and ride.</p><ul><li>Made of plastic</li><li>Has four wheels</li><li>Includes one green seat</li><li>Designed for toddlers</li><li>Features a yellow steering head</li></ul><p><strong>What's included:</strong></p><ul><li>1 ride-on tricycle toy</li></ul>",The Toy Gift Shop,,"Scooters, Bikes & Tricycles","tricycle, ride-on, toddler, toy, wheels, yellow, green, plastic, children",FALSE,Title,Default Title,TGS-TRICYCLE,,shopify,0,deny,manual,,,TRUE,TRUE,output_pending/TGS-TRICYCLE/angle2.jpg,1,Yellow and Green Ride-On Tricycle Toy with Big Wheels,FALSE,Yellow Green Ride-On Tricycle Toy for Toddlers,"A yellow and green ride-on tricycle toy with big red wheels for toddlers. Sturdy plastic build, designed for pushing and riding.",draft,backlog_low_stock,unknown,Below the stock-listing threshold (or explicitly discontinued) -- not priced for sale yet. Folder: backlog-products/YELLOW-AND-GREEN-RIDE-ON-TRICYCLE-TOY
tgs-tricycle,,,,,,,,,,,,,,,,,,,,output_pending/TGS-TRICYCLE/angle3.jpg,2,Yellow and Green Ride-On Tricycle Toy with Big Wheels,,,,,backlog_low_stock,,
tgs-tricycle,,,,,,,,,,,,,,,,,,,,output_pending/TGS-TRICYCLE/angle4.jpg,3,Yellow and Green Ride-On Tricycle Toy with Big Wheels,,,,,backlog_low_stock,,
tgs-judy-hopps,Zootopia Judy Hopps Talking Toy,<p>This is a Judy Hopps toy from Zootopia. It is made of hard plastic and has a talking feature. It responds to touch on various parts of its body. It is designed for children to play with and interact with.</p><ul><li>Made of hard plastic</li><li>Approximately 6 inches tall</li><li>Has touch-sensitive areas</li><li>Includes one toy figure</li><li>Intended for children aged 3 and up</li></ul><p><strong>What's included:</strong></p><ul><li>One Judy Hopps toy figure</li></ul>,The Toy Gift Shop,,Novelty & Fun Toys,"zootopia, judy hopps, talking toy, novelty toy, childrens toy, touch sensitive, plastic toy, age 3, interactive toy",FALSE,Title,Default Title,TGS-JUDY-HOPPS,,shopify,0,deny,manual,3150.00,,TRUE,TRUE,output_pending/TGS-JUDY-HOPPS/angle2.jpg,1,Zootopia Judy Hopps Talking Toy,FALSE,Zootopia Judy Hopps Talking Toy for Kids,"Zootopia Judy Hopps talking toy with touch-sensitive features. Made of hard plastic, stands alone, and is for ages 3 and up. Perfect for imaginative play.",draft,backlog_low_stock,unknown,Below the stock-listing threshold (or explicitly discontinued) -- not priced for sale yet. Folder: backlog-products/ZOOTOPIA-JUDY-HOPPS-TALKING-TOY
tgs-judy-hopps,,,,,,,,,,,,,,,,,,,,output_pending/TGS-JUDY-HOPPS/angle3.jpg,2,Zootopia Judy Hopps Talking Toy,,,,,backlog_low_stock,,
tgs-judy-hopps,,,,,,,,,,,,,,,,,,,,output_pending/TGS-JUDY-HOPPS/front.jpg,3,Zootopia Judy Hopps Talking Toy,,,,,backlog_low_stock,,
