Handle,Title,Body (HTML),Vendor,Product Category,Type,Tags,Published,Option1 Name,Option1 Value,Variant SKU,Variant Barcode,Variant Inventory Tracker,Variant Inventory Qty,Variant Inventory Policy,Variant Fulfillment Service,Variant Price,Variant Compare At Price,Variant Requires Shipping,Variant Taxable,Image Src,Image Position,Image Alt Text,Gift Card,SEO Title,SEO Description,Status
3-in-1-walking-elephant-toy,3-in-1 Walking Elephant Toy with Sound and Light,"<p>This toy elephant is battery-operated and walks on its own. It has sound and light features. It is made of hard plastic. It is designed for children ages 3 and up. The toy is part of an animal toy series.</p><ul><li>HARD PLASTIC
BODY</li><li>BATTERY-OPERATED
WALKING</li><li>SOUND AND LIGHT
FEATURES</li><li>FOR AGES 3+
RECOMMENDED</li><li>3X AA BATTERIES
INCLUDED</li></ul><p><strong>What's included:</strong></p><ul><li>1 x Walking Elephant Toy</li><li>3 x AA Batteries (included)</li><li>Battery Cover Tool (included)</li></ul>",The Toy Gift Shop,,Animal & Dinosaur Toys,"age:3-5, feature:new, occasion:birthday, occasion:eid, play:pretend, sub:Animal Figures",FALSE,Title,Default Title,TGS-ELEPHANT-FIGURE,,shopify,1,deny,manual,1200.00,,TRUE,TRUE,output_pending/TGS-ELEPHANT-FIGURE/1-front.jpg,1,"A gray plastic walking elephant toy with sound and light features, shown next to its packaging.",FALSE,Elephant Figure Set in Pakistan | Toy Gift Shop,Battery-operated walking elephant toy with sound and light features. Ages 3+. Includes 3 AA batteries.,draft
3-in-1-walking-elephant-toy,,,,,,,,,,,,,,,,,,,,output_pending/TGS-ELEPHANT-FIGURE/2-angle2.jpg,2,"A gray plastic walking elephant toy with sound and light features, shown next to its packaging.",,,,
3-in-1-walking-elephant-toy,,,,,,,,,,,,,,,,,,,,output_pending/TGS-ELEPHANT-FIGURE/3-angle3.jpg,3,"A gray plastic walking elephant toy with sound and light features, shown next to its packaging.",,,,
air-combat-fighter-jet-toy,Air Combat Fighter Jet Toy with Sound and Flashing Lights,<p>This is a toy jet fighter with a blue and white color scheme. It has flashing lights on top and makes sounds when activated. The toy moves forward when pushed. It is designed for children aged 3 and up. The packaging shows it is made of plastic.</p><ul><li>Made of plastic</li><li>Has flashing top lights</li><li>Makes sound when activated</li><li>Moves forward when pushed</li><li>Intended for children aged 3 and up</li></ul><p><strong>What's included:</strong></p><ul><li>Air Combat Fighter Jet Toy</li><li>Product packaging</li></ul>,The Toy Gift Shop,,Cars & Vehicles,"age:3-5, feature:new, occasion:birthday, occasion:eid, play:vehicles, sub:Die-Cast Cars",FALSE,Title,Default Title,TGS-AIR-COMBAT-FIGHTER,,shopify,1,deny,manual,1400.00,,TRUE,TRUE,output_pending/TGS-AIR-COMBAT-FIGHTER/1-front.jpg,1,"A blue and white plastic Air Combat Fighter jet toy with flashing lights and sound, shown next to its packaging.",FALSE,Air Combat Fighter Jet Toy in Pakistan | Toy Gift Shop,"Air Combat Fighter Jet Toy with sound, flashing lights, and bump & go movement. Perfect for children aged 3 and up. Plastic construction.",draft
air-combat-fighter-jet-toy,,,,,,,,,,,,,,,,,,,,output_pending/TGS-AIR-COMBAT-FIGHTER/2-angle2.jpg,2,"A blue and white plastic Air Combat Fighter jet toy with flashing lights and sound, shown next to its packaging.",,,,
air-combat-fighter-jet-toy,,,,,,,,,,,,,,,,,,,,output_pending/TGS-AIR-COMBAT-FIGHTER/3-angle3.jpg,3,"A blue and white plastic Air Combat Fighter jet toy with flashing lights and sound, shown next to its packaging.",,,,
air-falcon-drone-air-racer-2-in-1-flying-car,Air Falcon Drone Air Racer 2-in-1 Flying Car,<p>This is a 2-in-1 toy that can drive on the ground and fly in the air. It has a blue car body with a metal frame and black wheels. It comes with a white remote control. The toy is for children aged 8 and up.</p><ul><li>BLUE CAR BODY WITH METAL FRAME</li><li>WHITE REMOTE CONTROL</li><li>BLACK WHEELS</li><li>2-IN-1 MODE: DRIVE AND FLY</li><li>FOR CHILDREN AGED 8 AND UP</li></ul><p><strong>What's included:</strong></p><ul><li>Air Falcon Drone Air Racer (blue car)</li><li>White remote control</li><li>Instruction manual</li></ul>,The Toy Gift Shop,,RC & Remote Control Toys,"age:8+, feature:new, occasion:birthday, occasion:eid, play:outdoor, play:vehicles, sub:Drones",FALSE,Title,Default Title,TGS-AIR-FALCON-DRONE,,shopify,1,deny,manual,7850.00,,TRUE,TRUE,output_pending/TGS-AIR-FALCON-DRONE/1-front.jpg,1,Blue Air Falcon Drone Air Racer toy with white remote control on white surface.,FALSE,Air Falcon Drone Air Racer in Pakistan | Toy Gift Shop,2-in-1 flying car toy that drives and flies. Includes remote control. For ages 8+. Metal frame and durable design.,draft
air-falcon-drone-air-racer-2-in-1-flying-car,,,,,,,,,,,,,,,,,,,,output_pending/TGS-AIR-FALCON-DRONE/2-angle2.jpg,2,Blue Air Falcon Drone Air Racer toy with white remote control on white surface.,,,,
air-falcon-drone-air-racer-2-in-1-flying-car,,,,,,,,,,,,,,,,,,,,output_pending/TGS-AIR-FALCON-DRONE/3-angle3.jpg,3,Blue Air Falcon Drone Air Racer toy with white remote control on white surface.,,,,
aks-74u-electric-water-bomb-shooter,Aks-74U Electric Continuous Water Bomb Shooter Toy,<p>This is an electric water bomb shooter toy shaped like an AKS-74U rifle. It shoots water using a water bottle attached to the top. It requires batteries to operate and has a recoil linkage mechanism. It is designed for water play and is intended for ages 14 and up.</p><ul><li>Made of hard plastic</li><li>Includes a water bottle and USB charger</li><li>Has a recoil linkage mechanism</li><li>Requires batteries to operate</li><li>Intended for water play</li></ul><p><strong>What's included:</strong></p><ul><li>Water bomb shooter toy</li><li>Water bottle</li><li>USB charger</li><li>Battery</li></ul>,The Toy Gift Shop,,Water & Beach Toys,"age:3-5, feature:new, occasion:birthday, occasion:eid, play:outdoor, sub:Water Play",FALSE,Title,Default Title,TGS-AKS-74U-WATER,,shopify,1,deny,manual,4400.00,,TRUE,TRUE,output_pending/TGS-AKS-74U-WATER/1-front.jpg,1,Aks-74U electric water bomb shooter toy with water bottle and USB charger on a white surface.,FALSE,Aks-74U Water Bomb Shooter in Pakistan | Toy Gift Shop,"Electric continuous water bomb shooter toy shaped like AKS-74U rifle. Includes water bottle, USB charger, and battery. For ages 14+.",draft
aks-74u-electric-water-bomb-shooter,,,,,,,,,,,,,,,,,,,,output_pending/TGS-AKS-74U-WATER/2-angle2.jpg,2,Aks-74U electric water bomb shooter toy with water bottle and USB charger on a white surface.,,,,
aks-74u-electric-water-bomb-shooter,,,,,,,,,,,,,,,,,,,,output_pending/TGS-AKS-74U-WATER/3-angle3.jpg,3,Aks-74U electric water bomb shooter toy with water bottle and USB charger on a white surface.,,,,
animal-piano-keyboard,Animal Piano Keyboard with Animal Sound Buttons and Recording Function,"<p>This toy piano has a white plastic body with a keyboard, colorful animal buttons, and sound effect controls. It includes recording and replay functions. The toy is designed for children 18 months and older. It plays melodies and animal sounds.</p><ul><li>White plastic body with black and white keys</li><li>Animal-shaped buttons for sound effects</li><li>Recording and replay function buttons</li><li>Volume and tempo control buttons</li><li>Designed for children 18 months and older</li></ul><p><strong>What's included:</strong></p><ul><li>Animal Piano Keyboard</li><li>Instruction Manual (not visible, but implied by packaging)</li><li>Battery (not visible, but implied by packaging)</li></ul>",The Toy Gift Shop,,Musical Toys,"age:3-5, feature:new, occasion:birthday, occasion:eid, play:music, sub:Musical Instruments",FALSE,Title,Default Title,TGS-ANIMAL-PIANO-KEYS,,shopify,3,deny,manual,7500.00,,TRUE,TRUE,output_pending/TGS-ANIMAL-PIANO-KEYS/1-front.jpg,1,Animal Piano Keyboard with colorful animal buttons and keyboard for children 18 months and older.,FALSE,Animal Piano Keyboard in Pakistan | Toy Gift Shop,"Animal Piano Keyboard with animal sound buttons, recording function, and volume/tempo controls. Designed for children 18 months and older.",draft
avengers-hulk-hero-hands,Avengers Hulk Hero Hands – Soft Plastic,"<p>A pair of big green Hulk hands to wear, from the Soft Futura Avengers Endgame Hero Hand range. Made of soft plastic; the box says simple operation that makes children happy.</p><ul><li>Pair of wearable Hulk hands</li><li>Soft plastic</li><li>Avengers Endgame Hero Hand, no. 839-8</li></ul><p><strong>What's included:</strong></p><ul><li>2 Hulk hands</li></ul>",The Toy Gift Shop,,Dress-Up & Costumes,"age:3-5, feature:new, occasion:birthday, occasion:eid, play:pretend, sub:Dress-Up",FALSE,Title,Default Title,TGS-HULK-HANDS,,shopify,1,deny,manual,2200.00,,TRUE,TRUE,output_pending/TGS-HULK-HANDS/1-front.jpg,1,Pair of green Hulk hero hands in the window box.,FALSE,Avengers Hulk Hero Hands in Pakistan | Toy Gift Shop,"A pair of big green Hulk hands to wear, from the Soft Futura Avengers Endgame Hero Hand range.",draft
avengers-hulk-hero-hands,,,,,,,,,,,,,,,,,,,,output_pending/TGS-HULK-HANDS/2-angle2.jpg,2,Pair of green Hulk hero hands in the window box.,,,,
baby-book-electronic-learning,Baby Book Electronic Learning Toy with Sound,"<p>An electronic learning book with a carry handle and sound buttons. Pages cover numbers, letters, animals and more with interactive audio. For ages 3 and up.</p><ul><li>Electronic book with sound buttons</li><li>Carry handle for portability</li><li>Covers numbers, letters and animals</li><li>Interactive audio learning</li><li>For ages 3 and up</li></ul><p><strong>What's included:</strong></p><ul><li>1 electronic baby book</li></ul>",The Toy Gift Shop,,Educational Toys,"age:3-5, feature:new, occasion:birthday, occasion:eid, play:learning, sub:Learning Toys",FALSE,Title,Default Title,TGS-BABY-BOOK,,shopify,3,deny,manual,2250.00,,TRUE,TRUE,output_pending/TGS-BABY-BOOK/1-front.jpg,1,"Yellow electronic Baby Book with carry handle, open to show interactive pages.",FALSE,Baby Book Electronic Learning Toy in Pakistan | Toy Gift Shop,Baby Book electronic learning toy with sound buttons and carry handle. Ages 3+.,draft
baby-book-electronic-learning,,,,,,,,,,,,,,,,,,,,output_pending/TGS-BABY-BOOK/2-angle2.jpg,2,"Yellow electronic Baby Book with carry handle, open to show interactive pages.",,,,
baby-book-electronic-learning,,,,,,,,,,,,,,,,,,,,output_pending/TGS-BABY-BOOK/3-angle3.jpg,3,"Yellow electronic Baby Book with carry handle, open to show interactive pages.",,,,
ball-catching-claw-game,Ball Catching Claw Game with Digital Timer and Steering Wheel,<p>This is a ball-catching arcade game with a digital timer and a steering wheel. It is made of plastic with colorful balls. The game has a digital display showing a score. It is for children aged 3 and up. The game is designed for parent-child interaction and includes a light feature.</p><ul><li>Plastic construction with colorful balls</li><li>Digital timer display</li><li>Steering wheel for controlling the claw</li><li>Includes 30 colorful balls and 2 batteries</li><li>For children aged 3 and up</li></ul><p><strong>What's included:</strong></p><ul><li>Ball Catching Claw Game</li><li>30 colorful balls</li><li>2 batteries</li><li>Battery connector wires</li></ul>,The Toy Gift Shop,,Robots & Electronic Toys,"age:5-8, feature:new, occasion:birthday, occasion:eid, play:games, sub:Arcade Games",FALSE,Title,Default Title,TGS-BALL-CATCHING-CLAW,,shopify,1,deny,manual,8500.00,,TRUE,TRUE,output_pending/TGS-BALL-CATCHING-CLAW/1-front.jpg,1,"Ball Catching Claw Game with digital timer and steering wheel, colorful balls, and batteries included.",FALSE,Ball Catching Claw Game in Pakistan | Toy Gift Shop,"Ball Catching Claw Game with digital timer, steering wheel, and 30 colorful balls for ages 3+. Perfect for parent-child interaction.",draft
ball-catching-claw-game,,,,,,,,,,,,,,,,,,,,output_pending/TGS-BALL-CATCHING-CLAW/2-angle2.jpg,2,"Ball Catching Claw Game with digital timer and steering wheel, colorful balls, and batteries included.",,,,
ball-catching-claw-game,,,,,,,,,,,,,,,,,,,,output_pending/TGS-BALL-CATCHING-CLAW/3-angle3.jpg,3,"Ball Catching Claw Game with digital timer and steering wheel, colorful balls, and batteries included.",,,,
barraca-poney-unicorn-pop-up-tent,"Pony Pop-Up Play Tent with Unicorn Print, 70 x 70 x 90 cm","<p>A purple pop-up play tent printed with a unicorn and rainbow, labelled Barraca Poney. The bag gives the size as 70 x 70 x 90 cm (item no. 3071), and it folds flat into its own purple carry bag with handles.</p><ul><li>Pop-up play tent, unicorn and rainbow print</li><li>70 x 70 x 90 cm, item no. 3071</li><li>Folds flat into a carry bag with handles</li><li>Ages 3+</li></ul><p><strong>What's included:</strong></p><ul><li>1 pop-up play tent</li><li>Carry bag</li></ul>",The Toy Gift Shop,,Outdoor Toys,"age:3-5, feature:new, gender:girls, occasion:birthday, occasion:eid, play:outdoor, play:pretend, sub:Play Tents",FALSE,Title,Default Title,TGS-PONY-POPUP-TENT,,shopify,1,deny,manual,2900.00,,TRUE,TRUE,output_pending/TGS-PONY-POPUP-TENT/1-front.jpg,1,Purple pony pop-up play tent with unicorn print in its carry bag.,FALSE,Pony Pop-Up Play Tent in Pakistan | Toy Gift Shop,"A purple pop-up play tent printed with a unicorn and rainbow, labelled Barraca Poney.",draft
barraca-poney-unicorn-pop-up-tent,,,,,,,,,,,,,,,,,,,,output_pending/TGS-PONY-POPUP-TENT/2-angle2.jpg,2,Purple pony pop-up play tent with unicorn print in its carry bag.,,,,
basketball-shooting-machine,Basketball Shooting Machine with Dinosaur Character,<p>This toy basketball shooting machine features a green dinosaur character on top. It has a small basketball hoop and a digital display. The machine is operated by pressing a button to launch a basketball. It is designed for children aged 3 and up.</p><ul><li>Plastic construction with a dinosaur character</li><li>Small size suitable for children&#x27;s play</li><li>Includes basketball and launcher mechanism</li><li>Contains multiple basketballs and a black plastic tray</li><li>Intended for children aged 3 and older</li></ul><p><strong>What's included:</strong></p><ul><li>Basketball shooting machine</li><li>Basketball</li><li>Launcher button</li><li>Digital display</li><li>Multiple basketballs</li><li>Black plastic tray</li></ul>,The Toy Gift Shop,,Robots & Electronic Toys,"age:5-8, feature:new, occasion:birthday, occasion:eid, play:games, sub:Arcade Games",FALSE,Title,Default Title,TGS-BBALL-SHOOTING,,shopify,2,deny,manual,6250.00,,TRUE,TRUE,output_pending/TGS-BBALL-SHOOTING/1-front.jpg,1,A green dinosaur-themed basketball shooting machine toy with a digital display and included basketballs.,FALSE,Basketball Shooting Machine in Pakistan | Toy Gift Shop,A basketball shooting machine toy with a dinosaur character for children aged 3+. Includes basketballs and a launcher mechanism for fun play.,draft
basketball-shooting-machine,,,,,,,,,,,,,,,,,,,,output_pending/TGS-BBALL-SHOOTING/2-angle2.jpg,2,A green dinosaur-themed basketball shooting machine toy with a digital display and included basketballs.,,,,
basketball-shooting-machine,,,,,,,,,,,,,,,,,,,,output_pending/TGS-BBALL-SHOOTING/3-angle3.jpg,3,A green dinosaur-themed basketball shooting machine toy with a digital display and included basketballs.,,,,
blast-of-flames-led-light-sword-toy,Blast Of Flames LED Light Sword Toy,<p>This toy is a sword-shaped light-up item with blue LED lights. It is made of plastic and has a black and blue color scheme. It stands upright on a black base. It is designed for children aged 8 and up. The lights are activated by a button on the hilt.</p><ul><li>Made of plastic</li><li>Blue LED lights</li><li>Stands on a base</li><li>Includes 10 round-headed bullets</li><li>For ages 8 and up</li></ul><p><strong>What's included:</strong></p><ul><li>LED light sword</li><li>Base</li><li>10 round-headed bullets</li><li>Instruction manual</li></ul>,The Toy Gift Shop,,Novelty & Fun Toys,"age:3-5, feature:new, occasion:birthday, occasion:eid, play:pretend, sub:Novelty Toys",FALSE,Title,Default Title,TGS-BLAST-FLAMES,,shopify,1,deny,manual,3650.00,,TRUE,TRUE,output_pending/TGS-BLAST-FLAMES/1-front.jpg,1,"Blast Of Flames LED light sword toy with blue lights, standing on a black base, next to its packaging.",FALSE,Blast Of Flames in Pakistan | Toy Gift Shop,"Blast Of Flames LED light sword toy for kids aged 8+. Features blue lights, plastic construction, and includes 10 round-headed bullets. Great for imaginative play.",draft
blast-of-flames-led-light-sword-toy,,,,,,,,,,,,,,,,,,,,output_pending/TGS-BLAST-FLAMES/2-angle2.jpg,2,"Blast Of Flames LED light sword toy with blue lights, standing on a black base, next to its packaging.",,,,
blast-of-flames-led-light-sword-toy,,,,,,,,,,,,,,,,,,,,output_pending/TGS-BLAST-FLAMES/3-angle3.jpg,3,"Blast Of Flames LED light sword toy with blue lights, standing on a black base, next to its packaging.",,,,
brilliant-talking-telephone-toy,Brilliant Talking Telephone Toy for Babies,<p>A blue plastic toy telephone with a red handset and wheels. It has colorful buttons that light up and make sounds. It is designed to be pulled along by a child. Intended for babies 12 months and older.</p><ul><li>Blue plastic main body with red handset and wheels</li><li>Colorful buttons that light up and make sounds</li><li>Red wheels for pulling along</li><li>Includes toy telephone with handset</li><li>Intended for children 12 months and older</li></ul><p><strong>What's included:</strong></p><ul><li>Brilliant Talking Telephone toy</li></ul>,The Toy Gift Shop,,Musical Toys,"age:3-5, feature:new, occasion:birthday, occasion:eid, play:music, play:pretend, sub:Musical Instruments",FALSE,Title,Default Title,TGS-BRILLIANT-TALKING-PHONE,,shopify,2,deny,manual,2250.00,,TRUE,TRUE,output_pending/TGS-BRILLIANT-TALKING-PHONE/1-front.jpg,1,"Blue plastic talking telephone toy with red handset and wheels, designed for babies 12 months and older.",FALSE,Brilliant Talking Telephone in Pakistan | Toy Gift Shop,"Blue plastic toy telephone with lights, sounds, and wheels. Pull-along design for babies 12 months and older. Develops imagination and motor skills.",draft
cars-3-alloy-car-carrier-with-4-cars,Cars 3 Alloy Car Carrier Truck with 4 Cars,"<p>A Cars 3 alloy model car carrier: a red truck with a two-level trailer and four race cars. The box (no. 1314) shows the trailer in two states, as a carrier and with its ramp lowered.</p><ul><li>Alloy model car carrier, no. 1314</li><li>Two-level trailer with a ramp</li><li>4 race cars</li><li>Not for children under 3 (small parts)</li></ul><p><strong>What's included:</strong></p><ul><li>1 car carrier truck with trailer</li><li>4 race cars</li></ul>",The Toy Gift Shop,,Cars & Vehicles,"age:3-5, feature:new, occasion:birthday, occasion:eid, play:vehicles, sub:Die-Cast Cars",FALSE,Title,Default Title,TGS-CARS3-CARRIER-4CARS,,shopify,5,deny,manual,3550.00,,TRUE,TRUE,output_pending/TGS-CARS3-CARRIER-4CARS/1-front.jpg,1,Cars 3 car carrier truck with four race cars and the box.,FALSE,Cars 3 Car Carrier & 4 Cars in Pakistan | Toy Gift Shop,A Cars 3 alloy model car carrier: a red truck with a two-level trailer and four race cars.,draft
cars-3-alloy-car-carrier-with-4-cars,,,,,,,,,,,,,,,,,,,,output_pending/TGS-CARS3-CARRIER-4CARS/2-angle2.jpg,2,Cars 3 car carrier truck with four race cars and the box.,,,,
cars-3-alloy-car-carrier-with-4-cars,,,,,,,,,,,,,,,,,,,,output_pending/TGS-CARS3-CARRIER-4CARS/3-angle3.jpg,3,Cars 3 car carrier truck with four race cars and the box.,,,,
cars-3-alloy-truck-with-2-cars,Cars 3 Alloy Car Set – Truck with 2 Cars,"<p>A Cars 3 alloy model car set: a red transporter truck with a printed trailer and two race cars, a red no. 95 and a black racer, in a window box marked suitable for collection.</p><ul><li>Alloy model cars</li><li>Red transporter truck with trailer</li><li>2 race cars</li><li>Ages 3+</li></ul><p><strong>What's included:</strong></p><ul><li>1 transporter truck with trailer</li><li>2 race cars</li></ul>",The Toy Gift Shop,,Cars & Vehicles,"age:3-5, feature:new, occasion:birthday, occasion:eid, play:vehicles, sub:Die-Cast Cars",FALSE,Title,Default Title,TGS-CARS3-TRUCK-2CARS,,shopify,5,deny,manual,2850.00,,TRUE,TRUE,output_pending/TGS-CARS3-TRUCK-2CARS/1-front.jpg,1,Cars 3 alloy truck and two race cars with the box.,FALSE,Cars 3 Alloy Truck & 2 Cars in Pakistan | Toy Gift Shop,"A Cars 3 alloy model car set: a red transporter truck with a printed trailer and two race cars, a red no.",draft
cars-3-alloy-truck-with-2-cars,,,,,,,,,,,,,,,,,,,,output_pending/TGS-CARS3-TRUCK-2CARS/2-angle2.jpg,2,Cars 3 alloy truck and two race cars with the box.,,,,
cars-3-alloy-truck-with-2-cars,,,,,,,,,,,,,,,,,,,,output_pending/TGS-CARS3-TRUCK-2CARS/3-angle3.jpg,3,Cars 3 alloy truck and two race cars with the box.,,,,
cars-lightning-mcqueen-steering-wheel,Disney Cars Steering Wheel with Sounds,"<p>A Disney Cars steering wheel in Lightning McQueen red, with a suction base and sound buttons across the middle. Ages 3+ as printed on the box.</p><ul><li>Lightning McQueen design</li><li>Sound buttons</li><li>Suction base</li><li>Ages 3+</li></ul><p><strong>What's included:</strong></p><ul><li>Cars steering wheel</li></ul>",The Toy Gift Shop,,Pretend Play & Role Play,"age:3-5, feature:new, occasion:birthday, occasion:eid, play:pretend, play:vehicles, sub:Role Play Sets",FALSE,Title,Default Title,TGS-CARS-STEER-WHEEL,,shopify,1,deny,manual,1450.00,,TRUE,TRUE,output_pending/TGS-CARS-STEER-WHEEL/1-front.jpg,1,Red Disney Cars Lightning McQueen steering wheel toy with its box.,FALSE,Cars Steering Wheel in Pakistan | Toy Gift Shop,Disney Cars steering wheel with sounds and a suction base. Ages 3+.,draft
cars-lightning-mcqueen-steering-wheel,,,,,,,,,,,,,,,,,,,,output_pending/TGS-CARS-STEER-WHEEL/2-angle2.jpg,2,Red Disney Cars Lightning McQueen steering wheel toy with its box.,,,,
cars-lightning-mcqueen-steering-wheel,,,,,,,,,,,,,,,,,,,,output_pending/TGS-CARS-STEER-WHEEL/3-angle3.jpg,3,Red Disney Cars Lightning McQueen steering wheel toy with its box.,,,,
catan-board-game,"Catan - Trade, Build, Settle Board Game","<p>Catan, the classic strategy board game of trading, building and settling the island of Catan. Collect resources, trade with opponents, and build roads and settlements to win. For ages 10 and up.</p><ul><li>Classic resource-trading strategy game</li><li>Build roads and settlements</li><li>For 3 to 4 players (extendable)</li><li>For ages 10 and up</li></ul><p><strong>What's included:</strong></p><ul><li>Game board hexagon tiles</li><li>Resource cards</li><li>Development cards</li><li>Roads and settlement pieces</li><li>Instructions</li></ul>",Catan,,Board Games,"age:5-8, feature:new, occasion:birthday, occasion:eid, occasion:ramadan, play:games, sub:Family Board Games",FALSE,Title,Default Title,TGS-CATAN,,shopify,3,deny,manual,5800.00,,TRUE,TRUE,output_pending/TGS-CATAN/1-front.jpg,1,"Catan board game box, Trade Build Settle edition.",FALSE,Catan Board Game in Pakistan | Toy Gift Shop,"Catan -- trade, build, settle. The classic strategy board game. Ages 10+.",draft
catan-board-game,,,,,,,,,,,,,,,,,,,,output_pending/TGS-CATAN/2-angle2.jpg,2,"Catan board game box, Trade Build Settle edition.",,,,
catan-board-game,,,,,,,,,,,,,,,,,,,,output_pending/TGS-CATAN/3-angle3.jpg,3,"Catan board game box, Trade Build Settle edition.",,,,
catapult-deformation-truck-car-carrier,Catapult Eformation Truck 2-in-1 Car Carrier Toy,"<p>This toy truck carries multiple small cars on a two-level rack. It can be transformed from a car carrier into a flatbed truck. The toy is made of plastic and includes small cars. It is designed for children aged 3 and up.</p><ul><li>Plastic construction with painted details</li><li>Carries 5 small toy cars</li><li>Includes a transformation feature</li><li>Intended for children aged 3 and up</li><li>Features a red cab and multi-level rack</li></ul><p><strong>What's included:</strong></p><ul><li>1 x Catapult Eformation Truck</li><li>5 x Small toy cars (green, yellow, red, blue, white)</li><li>1 x Instruction manual</li></ul>",The Toy Gift Shop,,Cars & Vehicles,"age:3-5, feature:new, occasion:birthday, occasion:eid, play:vehicles, sub:Die-Cast Cars",FALSE,Title,Default Title,TGS-CATAPULT-EFORMATIO-TRUCK,,shopify,1,deny,manual,4250.00,,TRUE,TRUE,output_pending/TGS-CATAPULT-EFORMATIO-TRUCK/1-front.jpg,1,A red plastic toy truck with a two-level rack carrying five small toy cars.,FALSE,Catapult Eformation Truck in Pakistan | Toy Gift Shop,2-in-1 toy truck that transforms from a car carrier to a flatbed. Carries 5 small cars. Ages 3+. Plastic construction. Great for imaginative play.,draft
catapult-deformation-truck-car-carrier,,,,,,,,,,,,,,,,,,,,output_pending/TGS-CATAPULT-EFORMATIO-TRUCK/2-angle2.jpg,2,A red plastic toy truck with a two-level rack carrying five small toy cars.,,,,
catapult-deformation-truck-car-carrier,,,,,,,,,,,,,,,,,,,,output_pending/TGS-CATAPULT-EFORMATIO-TRUCK/3-angle3.jpg,3,A red plastic toy truck with a two-level rack carrying five small toy cars.,,,,
chess-checkers-magnetic-set,Chess / Checkers 2-in-1 Magnetic Travel Set with Foldable Board,"<p>A 2-in-1 magnetic chess and checkers set with a foldable travel board. Includes black and white chess pieces and black and white checkers pieces, all magnetic for travel play.</p><ul><li>2-in-1 chess and checkers set</li><li>Magnetic pieces for travel play</li><li>Foldable board</li><li>Black and white piece sets included</li></ul><p><strong>What's included:</strong></p><ul><li>1 foldable magnetic board</li><li>Chess pieces (black and white)</li><li>Checkers pieces (black and white)</li></ul>",The Toy Gift Shop,,Board Games,"age:5-8, feature:new, occasion:birthday, occasion:eid, occasion:ramadan, play:games, play:learning, sub:Family Board Games",FALSE,Title,Default Title,TGS-CHESS-CHECKERS,,shopify,2,deny,manual,5850.00,,TRUE,TRUE,output_pending/TGS-CHESS-CHECKERS/1-front.jpg,1,Chess and Checkers 2-in-1 magnetic set with foldable board and pieces.,FALSE,Chess Checkers 2-in-1 Magnetic Set in Pakistan | Toy Gift Shop,Chess / Checkers 2-in-1 magnetic travel set with a foldable board.,draft
chess-checkers-magnetic-set,,,,,,,,,,,,,,,,,,,,output_pending/TGS-CHESS-CHECKERS/2-angle2.jpg,2,Chess and Checkers 2-in-1 magnetic set with foldable board and pieces.,,,,
chess-checkers-magnetic-set,,,,,,,,,,,,,,,,,,,,output_pending/TGS-CHESS-CHECKERS/3-angle3.jpg,3,Chess and Checkers 2-in-1 magnetic set with foldable board and pieces.,,,,
chicks-icebreaker-adventure,Chicks Icebreaker Adventure - Break the Ice Balance Game,<p>A break-the-ice balance game with a chick theme. Players take turns tapping out ice blocks from a hexagonal platform without letting the chick figures fall. Includes a spinner and windmill-style ice pick tools. For ages 3 and up.</p><ul><li>Hexagonal ice-block platform with chick figures</li><li>Includes spinner wheel and ice-pick tools</li><li>Break-the-ice balance gameplay</li><li>For 2 or more players</li><li>For ages 3 and up</li></ul><p><strong>What's included:</strong></p><ul><li>1 hexagonal ice platform</li><li>Ice block pieces</li><li>2 chick figures</li><li>Ice-pick tools</li><li>Spinner wheel</li></ul>,The Toy Gift Shop,,Board Games,"age:5-8, feature:new, occasion:birthday, occasion:eid, occasion:ramadan, play:games, sub:Family Board Games",FALSE,Title,Default Title,TGS-CHICKS-ICEBREAKER,,shopify,1,deny,manual,1400.00,,TRUE,TRUE,output_pending/TGS-CHICKS-ICEBREAKER/1-front.jpg,1,"Chicks Icebreaker Adventure game with yellow ice platform, chick figures and spinner.",FALSE,Chicks Icebreaker Adventure Game in Pakistan | Toy Gift Shop,Chicks Icebreaker Adventure balance game - break the ice without dropping the chicks. Ages 3+.,draft
chicks-icebreaker-adventure,,,,,,,,,,,,,,,,,,,,output_pending/TGS-CHICKS-ICEBREAKER/2-angle2.jpg,2,"Chicks Icebreaker Adventure game with yellow ice platform, chick figures and spinner.",,,,
chicks-icebreaker-adventure,,,,,,,,,,,,,,,,,,,,output_pending/TGS-CHICKS-ICEBREAKER/3-angle3.jpg,3,"Chicks Icebreaker Adventure game with yellow ice platform, chick figures and spinner.",,,,
children-tent-play-house,Children Play House Tent with Frame,"<p>A house-shaped children&#x27;s play tent with a check fabric cover that fits over a pole frame. The label shows the assembled house tent with a door and window, and a frame guide with the pole lengths and connectors is included.</p><ul><li>House-shaped play tent</li><li>Check fabric cover over a pole frame</li><li>Door and window openings</li><li>Frame assembly guide included</li></ul><p><strong>What's included:</strong></p><ul><li>Tent fabric cover</li><li>Frame poles and connectors</li><li>Assembly guide</li></ul>",The Toy Gift Shop,,Outdoor Toys,"age:3-5, feature:new, occasion:birthday, occasion:eid, play:outdoor, play:pretend, sub:Play Tents",FALSE,Title,Default Title,TGS-CHILDREN-HOUSE-TENT,,shopify,3,deny,manual,5250.00,,TRUE,TRUE,output_pending/TGS-CHILDREN-HOUSE-TENT/1-front.jpg,1,Children play house tent label with the check fabric cover and frame guide.,FALSE,Children Play House Tent in Pakistan | Toy Gift Shop,A house-shaped children's play tent with a check fabric cover that fits over a pole frame.,draft
children-tent-play-house,,,,,,,,,,,,,,,,,,,,output_pending/TGS-CHILDREN-HOUSE-TENT/2-angle2.jpg,2,Children play house tent label with the check fabric cover and frame guide.,,,,
children-tent-play-house,,,,,,,,,,,,,,,,,,,,output_pending/TGS-CHILDREN-HOUSE-TENT/3-angle3.jpg,3,Children play house tent label with the check fabric cover and frame guide.,,,,
childrens-puzzle-game-card-machine,Children's Puzzle Game Card Machine,<p>This is a children&#x27;s puzzle game machine with a pink and blue toy-like design. It has a screen and buttons. It comes with a separate box of puzzle cards. The box indicates it is for ages 3+.</p><ul><li>Made of plastic</li><li>Pink and blue color scheme</li><li>Includes a screen and buttons</li><li>Includes a box of puzzle cards</li><li>Intended for children ages 3+</li></ul><p><strong>What's included:</strong></p><ul><li>Card Machine toy</li><li>Box of puzzle cards</li></ul>,The Toy Gift Shop,,Board Games,"age:5-8, feature:new, occasion:birthday, occasion:eid, occasion:ramadan, play:games, play:learning, sub:Family Board Games",FALSE,Title,Default Title,TGS-CARD-PUZZLE,,shopify,1,deny,manual,2250.00,,TRUE,TRUE,output_pending/TGS-CARD-PUZZLE/1-front.jpg,1,A pink and blue children's puzzle game card machine with a box of puzzle cards on a white surface.,FALSE,Children Card Machine Puzzle Game in Pakistan | Toy Gift Shop,A children's puzzle game card machine with puzzle cards for ages 3+. Plastic toy with screen and buttons. Great for learning and play.,draft
childrens-puzzle-game-card-machine,,,,,,,,,,,,,,,,,,,,output_pending/TGS-CARD-PUZZLE/2-angle2.jpg,2,A pink and blue children's puzzle game card machine with a box of puzzle cards on a white surface.,,,,
childrens-puzzle-game-card-machine,,,,,,,,,,,,,,,,,,,,output_pending/TGS-CARD-PUZZLE/3-angle3.jpg,3,A pink and blue children's puzzle game card machine with a box of puzzle cards on a white surface.,,,,
classic-camper-van-model,Classic Camper Van Model with Opening Door – Orange & Blue,"<p>A classic split-screen camper van model in orange and light blue racing colours, with the number 5 on the side and an opening side door.</p><ul><li>Classic camper van model</li><li>Orange and light blue livery, no. 5</li><li>Opening side door</li></ul><p><strong>What's included:</strong></p><ul><li>1 camper van model</li></ul>",The Toy Gift Shop,,Cars & Vehicles,"age:3-5, feature:new, occasion:birthday, occasion:eid, play:vehicles, sub:Toy Cars",FALSE,Title,Default Title,TGS-CAMPER-VAN,,shopify,9,deny,manual,1250.00,,TRUE,TRUE,output_pending/TGS-CAMPER-VAN/1-front.jpg,1,Classic orange and blue camper van model with the number 5.,FALSE,Classic Camper Van Model in Pakistan | Toy Gift Shop,"A classic split-screen camper van model in orange and light blue racing colours, with the number 5 on the side and an opening side door.",draft
classic-camper-van-model,,,,,,,,,,,,,,,,,,,,output_pending/TGS-CAMPER-VAN/2-angle2.jpg,2,Classic orange and blue camper van model with the number 5.,,,,
classic-camper-van-model,,,,,,,,,,,,,,,,,,,,output_pending/TGS-CAMPER-VAN/3-angle3.jpg,3,Classic orange and blue camper van model with the number 5.,,,,
classic-express-remote-control-train-set,Classic Express Remote Control Train Set with Smoke System and Circular Track,"<p>This remote control train set includes a black and red locomotive with a smoke system, two cargo cars, a circular track, and a blue remote control. The train runs on a black plastic track and is designed for children aged 3 and up. The set is assembled on a white foam surface.</p><ul><li>Black plastic track forms a circular loop</li><li>Includes one locomotive and two cargo cars</li><li>Remote control unit is blue with directional buttons</li><li>Smoke system is activated by pressing and holding a button</li><li>Intended for children aged 3 and up</li></ul><p><strong>What's included:</strong></p><ul><li>1 locomotive</li><li>2 cargo cars</li><li>1 circular track</li><li>1 remote control</li><li>1 smoke system activation button</li></ul>",The Toy Gift Shop,,RC & Remote Control Toys,"age:5-8, feature:new, occasion:birthday, occasion:eid, play:vehicles, sub:RC Vehicles",FALSE,Title,Default Title,TGS-RC-CONTROL-TRAIN,,shopify,1,deny,manual,5850.00,,TRUE,TRUE,output_pending/TGS-RC-CONTROL-TRAIN/1-front.jpg,1,"Remote control train set with smoke system on circular track, blue remote control, and two cargo cars on white foam surface.",FALSE,Remote Control Train Set in Pakistan | Toy Gift Shop,"Classic Express remote control train set with smoke system, circular track, and remote control for ages 3+. Includes locomotive, cargo cars, and track pieces.",draft
classic-express-remote-control-train-set,,,,,,,,,,,,,,,,,,,,output_pending/TGS-RC-CONTROL-TRAIN/2-angle2.jpg,2,"Remote control train set with smoke system on circular track, blue remote control, and two cargo cars on white foam surface.",,,,
classic-express-remote-control-train-set,,,,,,,,,,,,,,,,,,,,output_pending/TGS-RC-CONTROL-TRAIN/3-angle3.jpg,3,"Remote control train set with smoke system on circular track, blue remote control, and two cargo cars on white foam surface.",,,,
cnuno-card-game,CNUNO Family Card Game,"<p>CNUNO is a UNO-style matching and action-card family card game. Match colours and numbers, play action cards, and be first to empty your hand. For ages 7 and up.</p><ul><li>UNO-style matching card game</li><li>Colour and number matching gameplay</li><li>Action cards for twists</li><li>For 2 to 10 players</li><li>For ages 7 and up</li></ul><p><strong>What's included:</strong></p><ul><li>1 deck of CNUNO cards</li><li>Instructions</li></ul>",The Toy Gift Shop,,Board Games,"age:5-8, feature:new, occasion:birthday, occasion:eid, occasion:ramadan, occasion:return-gift, play:games, sub:Family Board Games",FALSE,Title,Default Title,TGS-CNUNO,,shopify,3,deny,manual,480.00,,TRUE,TRUE,output_pending/TGS-CNUNO/1-front.jpg,1,CNUNO card game box and deck of cards.,FALSE,CNUNO Family Card Game in Pakistan | Toy Gift Shop,CNUNO family card game -- colour and number matching with action cards. Ages 7+.,draft
cnuno-card-game,,,,,,,,,,,,,,,,,,,,output_pending/TGS-CNUNO/2-angle2.jpg,2,CNUNO card game box and deck of cards.,,,,
cnuno-card-game,,,,,,,,,,,,,,,,,,,,output_pending/TGS-CNUNO/3-angle3.jpg,3,CNUNO card game box and deck of cards.,,,,
cute-cow-sing-and-dancing-toy,Cute Cow Sing and Dancing Toy,<p>A toy cow with a pink belly and black-and-white spots that sings and dances. It has gold-colored horns and a bell. The toy is made of plastic and stands on black feet. It is intended for children.</p><ul><li>Plastic construction</li><li>Standing toy with black feet</li><li>Sings and dances</li><li>Includes one cow toy</li><li>Intended for children</li></ul><p><strong>What's included:</strong></p><ul><li>1 x Cute Cow Sing and Dancing Toy</li></ul>,The Toy Gift Shop,,Animal & Dinosaur Toys,"age:3-5, feature:new, occasion:birthday, occasion:eid, play:pretend, sub:Animal Figures",FALSE,Title,Default Title,TGS-CUTE-COW-SINGING,,shopify,1,deny,manual,2000.00,,TRUE,TRUE,output_pending/TGS-CUTE-COW-SINGING/1-front.jpg,1,"A plastic toy cow with black and white spots, pink belly, and gold horns that sings and dances.",FALSE,Cute Cow Singing Dancing Toy in Pakistan | Toy Gift Shop,"Cute Cow Sing and Dancing Toy - a plastic toy cow that sings, dances, and has gold horns. Perfect for children ages 3+.",draft
cute-cow-sing-and-dancing-toy,,,,,,,,,,,,,,,,,,,,output_pending/TGS-CUTE-COW-SINGING/2-angle2.jpg,2,"A plastic toy cow with black and white spots, pink belly, and gold horns that sings and dances.",,,,
cute-cow-sing-and-dancing-toy,,,,,,,,,,,,,,,,,,,,output_pending/TGS-CUTE-COW-SINGING/3-angle3.jpg,3,"A plastic toy cow with black and white spots, pink belly, and gold horns that sings and dances.",,,,
deadpool-action-figure,Deadpool Action Figure with Swords,"<p>A Deadpool action figure in his red and black suit, packed in a moulded tray with his twin swords and spare hands.</p><ul><li>Deadpool figure in his red and black suit</li><li>Twin swords included</li><li>Spare hands</li><li>Comes in a display box</li></ul><p><strong>What's included:</strong></p><ul><li>1 Deadpool figure</li><li>2 swords</li><li>Spare hands</li></ul>",The Toy Gift Shop,,Action Figures & Characters,"age:3-5, feature:new, gender:boys, occasion:birthday, occasion:eid, play:pretend, sub:Action Figures",FALSE,Title,Default Title,TGS-DEADPOOL-FIGURE,,shopify,1,deny,manual,10800.00,,TRUE,TRUE,output_pending/TGS-DEADPOOL-FIGURE/1-front.jpg,1,Deadpool action figure in its tray beside the box.,FALSE,Deadpool Action Figure in Pakistan | Toy Gift Shop,"A poseable Deadpool action figure in his red and black suit, packed in a moulded tray with his twin swords and spare hands.",draft
deadpool-action-figure,,,,,,,,,,,,,,,,,,,,output_pending/TGS-DEADPOOL-FIGURE/2-angle2.jpg,2,Deadpool action figure in its tray beside the box.,,,,
deadpool-action-figure,,,,,,,,,,,,,,,,,,,,output_pending/TGS-DEADPOOL-FIGURE/3-angle3.jpg,3,Deadpool action figure in its tray beside the box.,,,,
deluxe-hair-styling-set,Deluxe Hair Styling Set for Girls,"<p>This toy hair styling set includes a blow dryer, brush, and comb. It has realistic lights and sounds and blows air. It is battery operated and designed for pretend play. The set is for children aged 3 years and up.</p><ul><li>Plastic construction with pink and black colors</li><li>Includes hair dryer, round brush, and comb</li><li>Realistic lights and sound function</li><li>Battery operated with USB charging cable</li><li>Intended for pretend hair styling play</li></ul><p><strong>What's included:</strong></p><ul><li>Hair dryer</li><li>Round brush</li><li>Comb</li><li>USB charging cable</li><li>Battery</li></ul>",The Toy Gift Shop,,Pretend Play & Role Play,"age:3-5, feature:new, occasion:birthday, occasion:eid, play:pretend, sub:Hair Styling Sets",FALSE,Title,Default Title,TGS-DELUXE-HAIR-STYLING,,shopify,1,deny,manual,3160.00,,TRUE,TRUE,output_pending/TGS-DELUXE-HAIR-STYLING/1-front.jpg,1,"Deluxe Hair Styling Set for girls with blow dryer, brush, and comb.",FALSE,Deluxe Hair Styling Set in Pakistan | Toy Gift Shop,"Deluxe Hair Styling Set for girls, includes blow dryer, brush, comb, realistic lights & sounds, battery operated, ages 3+.",draft
deluxe-hair-styling-set,,,,,,,,,,,,,,,,,,,,output_pending/TGS-DELUXE-HAIR-STYLING/2-angle2.jpg,2,"Deluxe Hair Styling Set for girls with blow dryer, brush, and comb.",,,,
deluxe-hair-styling-set,,,,,,,,,,,,,,,,,,,,output_pending/TGS-DELUXE-HAIR-STYLING/3-angle3.jpg,3,"Deluxe Hair Styling Set for girls with blow dryer, brush, and comb.",,,,
dino-running-dinosaur-world-electric-series,Dino Running Dinosaur World Electric Series Toy,"<p>This is a large, white and brown striped dinosaur toy with a clear plastic spine. It is designed to move and walk upright. The toy is made of hard plastic and is intended for children aged 3 and up. It comes in a cardboard box with a brick wall display.</p><ul><li>Made of hard plastic</li><li>Large size with striped pattern</li><li>Walking upright mechanism</li><li>Includes cardboard display</li><li>For children aged 3 and up</li></ul><p><strong>What's included:</strong></p><ul><li>One large white and brown striped dinosaur toy</li><li>One cardboard display with brick wall design</li><li>One warning label</li><li>One product box with multiple dinosaur images</li></ul>",The Toy Gift Shop,,Animal & Dinosaur Toys,"age:3-5, feature:new, occasion:birthday, occasion:eid, play:pretend, sub:Dinosaur Toys",FALSE,Title,Default Title,TGS-DINO-RUNNING-DINO,,shopify,1,deny,manual,2750.00,,TRUE,TRUE,output_pending/TGS-DINO-RUNNING-DINO/1-front.jpg,1,"A large white and brown striped dinosaur toy with a clear plastic spine, displayed in a cardboard box with a brick wall design.",FALSE,Dino Running Dinosaur World in Pakistan | Toy Gift Shop,"Dino Running Dinosaur World Electric Series Toy. Large, walking upright dinosaur made of hard plastic. Ages 3+. Includes display box.",draft
dino-running-dinosaur-world-electric-series,,,,,,,,,,,,,,,,,,,,output_pending/TGS-DINO-RUNNING-DINO/2-angle2.jpg,2,"A large white and brown striped dinosaur toy with a clear plastic spine, displayed in a cardboard box with a brick wall design.",,,,
dino-running-dinosaur-world-electric-series,,,,,,,,,,,,,,,,,,,,output_pending/TGS-DINO-RUNNING-DINO/3-angle3.jpg,3,"A large white and brown striped dinosaur toy with a clear plastic spine, displayed in a cardboard box with a brick wall design.",,,,
disney-winnie-the-pooh-pop-up-tent,Disney Winnie the Pooh Pop-Up Play Tent,"<p>A Disney Winnie the Pooh pop-up play tent (Tenda Pooh), printed with Pooh, that folds flat into a round carry bag. The bag marks it for ages 24 months and up and has the pop-up folding instructions on the back.</p><ul><li>Disney Winnie the Pooh pop-up tent</li><li>Folds flat into a round carry bag</li><li>Folding instructions printed on the bag</li><li>From 24 months</li></ul><p><strong>What's included:</strong></p><ul><li>1 pop-up play tent</li><li>Round carry bag</li></ul>",The Toy Gift Shop,,Outdoor Toys,"age:1-3, feature:new, occasion:birthday, occasion:eid, play:outdoor, play:pretend, sub:Play Tents",FALSE,Title,Default Title,TGS-POOH-POPUP-TENT,,shopify,1,deny,manual,7650.00,,TRUE,TRUE,output_pending/TGS-POOH-POPUP-TENT/1-front.jpg,1,Disney Winnie the Pooh pop-up play tent in its round carry bag.,FALSE,Winnie the Pooh Pop-Up Tent in Pakistan | Toy Gift Shop,"A Disney Winnie the Pooh pop-up play tent (Tenda Pooh), printed with Pooh, that folds flat into a round carry bag.",draft
disney-winnie-the-pooh-pop-up-tent,,,,,,,,,,,,,,,,,,,,output_pending/TGS-POOH-POPUP-TENT/2-angle2.jpg,2,Disney Winnie the Pooh pop-up play tent in its round carry bag.,,,,
diy-magnetic-levitation-train-track,DIY Magnetic Levitation Train Track with 55 Pieces for Ages 3+,"<p>This DIY magnetic train track set includes 55 pieces that can be assembled to create a levitating train route. The train runs on magnetic rails and can be charged via a Type C cable. It is designed for children aged 3 and up. The set includes various track pieces, trees, and stop signs.</p><ul><li>Made of plastic</li><li>55 pieces included</li><li>Train runs on magnetic rails</li><li>Includes stop signs and trees</li><li>For ages 3 and up</li></ul><p><strong>What's included:</strong></p><ul><li>Train</li><li>Track pieces</li><li>Trees</li><li>Stop signs</li><li>Charging cable</li><li>Instructions</li></ul>",The Toy Gift Shop,,Novelty & Fun Toys,"age:3-5, feature:new, occasion:birthday, occasion:eid, play:build, play:vehicles, sub:Novelty Toys",FALSE,Title,Default Title,TGS-DIY-MAG-LEVITATIO,,shopify,1,deny,manual,4850.00,,TRUE,TRUE,output_pending/TGS-DIY-MAG-LEVITATIO/1-front.jpg,1,Box of DIY Magnetic Levitation Train Track with 55 pieces for ages 3+.,FALSE,Diy Magnetic Levitation Train Track in Pakistan | Toy Gift Shop,"DIY Magnetic Levitation Train Track with 55 pieces. Assemble your own magnetic train route. Ages 3+. Includes train, track, trees, and stop signs.",draft
diy-magnetic-levitation-train-track,,,,,,,,,,,,,,,,,,,,output_pending/TGS-DIY-MAG-LEVITATIO/2-angle2.jpg,2,Box of DIY Magnetic Levitation Train Track with 55 pieces for ages 3+.,,,,
diy-magnetic-levitation-train-track,,,,,,,,,,,,,,,,,,,,output_pending/TGS-DIY-MAG-LEVITATIO/3-angle3.jpg,3,Box of DIY Magnetic Levitation Train Track with 55 pieces for ages 3+.,,,,
diy-railcar-magnetic-force,"DIY Railcar Magnetic Force Track Set, 55 Pieces","<p>A DIY magnetic railcar track set with 55 pieces, including loop track sections, a bridge, road signs and traffic lights. The railcar uses magnetic adsorption to travel upside-down and across loops. For ages 3 and up.</p><ul><li>55-piece DIY magnetic track set</li><li>Magnetic adsorption for anti-gravity walking</li><li>Includes bridge, traffic lights and road signs</li><li>Build your own loop track layout</li><li>For ages 3 and up</li></ul><p><strong>What's included:</strong></p><ul><li>Railcar</li><li>Track pieces (orange, blue, green)</li><li>Bridge sections</li><li>Road signs and traffic lights</li><li>Connector pieces</li></ul>",The Toy Gift Shop,,Novelty & Fun Toys,"age:3-5, feature:new, occasion:birthday, occasion:eid, play:build, play:vehicles, sub:Novelty Toys",FALSE,Title,Default Title,TGS-DIY-RAILCAR-FORCE,,shopify,3,deny,manual,8300.00,,TRUE,TRUE,output_pending/TGS-DIY-RAILCAR-FORCE/1-front.jpg,1,"DIY Railcar Magnetic Force track set with orange, blue and green track pieces and a bridge.",FALSE,DIY Railcar Magnetic Force Track Set in Pakistan | Toy Gift Shop,"DIY Railcar Magnetic Force track set with 55 pieces, bridge and road signs. Magnetic anti-gravity walking. Ages 3+.",draft
diy-railcar-magnetic-force,,,,,,,,,,,,,,,,,,,,output_pending/TGS-DIY-RAILCAR-FORCE/2-angle2.jpg,2,"DIY Railcar Magnetic Force track set with orange, blue and green track pieces and a bridge.",,,,
diy-railcar-magnetic-force,,,,,,,,,,,,,,,,,,,,output_pending/TGS-DIY-RAILCAR-FORCE/3-angle3.jpg,3,"DIY Railcar Magnetic Force track set with orange, blue and green track pieces and a bridge.",,,,
doctor-play-set-family-doctor,Family Doctor Play Set with Carry Case,"<p>A doctor role-play set in a carry case shaped like a medical bag. Includes glasses, a stethoscope, a thermometer, a toy syringe, scissors and a doctor toy medicine box. Available in pink and blue. For ages 3 and up.</p><ul><li>Carry case shaped like a doctor&#x27;s bag</li><li>Includes stethoscope, glasses and thermometer</li><li>Includes toy syringe and scissors</li><li>Doctor toy medicine box included</li><li>For ages 3 and up</li></ul><p><strong>What's included:</strong></p><ul><li>Carry case</li><li>Toy glasses</li><li>Toy stethoscope</li><li>Toy thermometer</li><li>Toy syringe</li><li>Toy scissors</li><li>Doctor toy medicine box</li></ul>",The Toy Gift Shop,,Pretend Play & Role Play,"age:3-5, feature:new, occasion:birthday, occasion:eid, play:pretend, sub:Doctor & Medical Sets",FALSE,Style,Pink,TGS-DOCTOR-PLAY-SET-PNK,,shopify,1,deny,manual,1950.00,,TRUE,TRUE,output_pending/TGS-DOCTOR-PLAY-SET/1-front.jpg,1,"Family Doctor play set in a carry case, pink and blue, open to show toy medical tools.",FALSE,Family Doctor Play Set in Pakistan | Toy Gift Shop,"Family Doctor play set with carry case, stethoscope, glasses and more. Pink or blue. Ages 3+.",draft
doctor-play-set-family-doctor,,,,,,,,Style,Blue,TGS-DOCTOR-PLAY-SET-BLU,,shopify,1,deny,manual,1950.00,,TRUE,TRUE,,,,,,,
doctor-play-set-family-doctor,,,,,,,,,,,,,,,,,,,,output_pending/TGS-DOCTOR-PLAY-SET/2-angle2.jpg,2,"Family Doctor play set in a carry case, pink and blue, open to show toy medical tools.",,,,
doctor-play-set-family-doctor,,,,,,,,,,,,,,,,,,,,output_pending/TGS-DOCTOR-PLAY-SET/3-angle3.jpg,3,"Family Doctor play set in a carry case, pink and blue, open to show toy medical tools.",,,,
domino-colored-toppling-set,Colored Domino Toppling Block Set,<p>A set of colourful rectangular domino blocks for building and toppling chain reactions. Arrange the blocks in a line or pattern and watch them fall. For ages 3 and up.</p><ul><li>Colourful plastic domino blocks</li><li>Build and topple chain-reaction games</li><li>Encourages fine motor skills</li><li>For ages 3 and up</li></ul><p><strong>What's included:</strong></p><ul><li>Colored domino blocks</li></ul>,The Toy Gift Shop,,Board Games,"age:5-8, feature:new, occasion:birthday, occasion:eid, occasion:ramadan, occasion:return-gift, play:build, play:games, sub:Family Board Games",FALSE,Title,Default Title,TGS-DOMINO-COLORED,,shopify,9,deny,manual,850.00,,TRUE,TRUE,output_pending/TGS-DOMINO-COLORED/1-front.jpg,1,Stack of colourful plastic domino blocks next to their box.,FALSE,Colored Domino Toppling Block Set in Pakistan | Toy Gift Shop,Colored Domino toppling block set for building and knocking down chain reactions. Ages 3+.,draft
domino-colored-toppling-set,,,,,,,,,,,,,,,,,,,,output_pending/TGS-DOMINO-COLORED/2-angle2.jpg,2,Stack of colourful plastic domino blocks next to their box.,,,,
domino-colored-toppling-set,,,,,,,,,,,,,,,,,,,,output_pending/TGS-DOMINO-COLORED/3-angle3.jpg,3,Stack of colourful plastic domino blocks next to their box.,,,,
double-six-color-dot-dominoes,"Double Six Color Dot Dominoes, 28 Tiles","<p>A classic set of 28 double-six dominoes with colour-coded dots for easier counting, in a metal storage tin. For ages 5 and up.</p><ul><li>28 double-six domino tiles</li><li>Colour-coded dots for easy counting</li><li>Metal storage tin included</li><li>For ages 5 and up</li></ul><p><strong>What's included:</strong></p><ul><li>28 domino tiles</li><li>1 metal storage tin</li></ul>",The Toy Gift Shop,,Board Games,"age:5-8, feature:new, occasion:birthday, occasion:eid, occasion:ramadan, play:games, sub:Family Board Games",FALSE,Title,Default Title,TGS-DOMINOES-COLOR-DOT,,shopify,1,deny,manual,2150.00,,TRUE,TRUE,output_pending/TGS-DOMINOES-COLOR-DOT/1-front.jpg,1,Double Six Color Dot Dominoes tin and tiles.,FALSE,Double Six Color Dot Dominoes in Pakistan | Toy Gift Shop,"Double Six Color Dot Dominoes, 28 tiles in a metal tin. Ages 5+.",draft
double-six-color-dot-dominoes,,,,,,,,,,,,,,,,,,,,output_pending/TGS-DOMINOES-COLOR-DOT/2-angle2.jpg,2,Double Six Color Dot Dominoes tin and tiles.,,,,
double-six-color-dot-dominoes,,,,,,,,,,,,,,,,,,,,output_pending/TGS-DOMINOES-COLOR-DOT/3-angle3.jpg,3,Double Six Color Dot Dominoes tin and tiles.,,,,
dragon-ball-z-super-saiyan-figure-window-box,"Dragon Ball Z Super Saiyan Figure – Red Outfit, Window Box","<p>A Dragon Ball Z Super Saiyan figure in a red and blue outfit, in a window display box printed Super Saiyan Goku.</p><ul><li>Dragon Ball Z Super Saiyan figure</li><li>Red and blue outfit</li><li>Window display box</li><li>Not for children under 3 (small parts)</li></ul><p><strong>What's included:</strong></p><ul><li>1 figure</li></ul>",The Toy Gift Shop,,Action Figures & Characters,"age:3-5, feature:new, gender:boys, occasion:birthday, occasion:eid, play:pretend, sub:Action Figures",FALSE,Title,Default Title,TGS-DBZ-SAIYAN-WINDOW-BOX,,shopify,3,deny,manual,5500.00,,TRUE,TRUE,output_pending/TGS-DBZ-SAIYAN-WINDOW-BOX/1-front.jpg,1,Dragon Ball Z Super Saiyan figure in a red outfit in its window box.,FALSE,Dragon Ball Z Super Saiyan Figure in Pakistan | Toy Gift Shop,"A Dragon Ball Z Super Saiyan figure in a red and blue outfit, in a window display box printed Super Saiyan Goku.",draft
dragon-ball-z-super-saiyan-figure-window-box,,,,,,,,,,,,,,,,,,,,output_pending/TGS-DBZ-SAIYAN-WINDOW-BOX/2-angle2.jpg,2,Dragon Ball Z Super Saiyan figure in a red outfit in its window box.,,,,
dragon-ball-z-super-saiyan-figure-window-box,,,,,,,,,,,,,,,,,,,,output_pending/TGS-DBZ-SAIYAN-WINDOW-BOX/3-angle3.jpg,3,Dragon Ball Z Super Saiyan figure in a red outfit in its window box.,,,,
dragon-ball-z-super-saiyan-goku-figure,"Dragon Ball Z Super Saiyan Goku Figure – Orange Outfit, Display Box","<p>A large Dragon Ball Z Super Saiyan Goku figure in his orange and blue outfit, standing in an open-front display box.</p><ul><li>Dragon Ball Z Super Saiyan Goku</li><li>Orange and blue outfit</li><li>Open-front display box</li></ul><p><strong>What's included:</strong></p><ul><li>1 Goku figure</li></ul>",The Toy Gift Shop,,Action Figures & Characters,"age:3-5, feature:new, gender:boys, occasion:birthday, occasion:eid, play:pretend, sub:Action Figures",FALSE,Title,Default Title,TGS-DBZ-GOKU-FIGURE,,shopify,1,deny,manual,5850.00,,TRUE,TRUE,output_pending/TGS-DBZ-GOKU-FIGURE/1-front.jpg,1,Dragon Ball Z Goku figure in an orange outfit in its display box.,FALSE,Dragon Ball Z Goku Figure in Pakistan | Toy Gift Shop,"A large Dragon Ball Z Super Saiyan Goku figure in his orange and blue outfit, standing in an open-front display box.",draft
dragon-ball-z-super-saiyan-goku-figure,,,,,,,,,,,,,,,,,,,,output_pending/TGS-DBZ-GOKU-FIGURE/2-angle2.jpg,2,Dragon Ball Z Goku figure in an orange outfit in its display box.,,,,
dragon-ball-z-super-saiyan-goku-figure,,,,,,,,,,,,,,,,,,,,output_pending/TGS-DBZ-GOKU-FIGURE/3-angle3.jpg,3,Dragon Ball Z Goku figure in an orange outfit in its display box.,,,,
drawing-robot-jqr-02,Drawing Robot JQR-02 for Children's Painting Enlightenment Teaching,"<p>A blue, cartoon-style robot with a pen-like arm designed to draw based on cards. It is made of plastic and includes a card with an animal illustration. The robot is intended for children&#x27;s art education and is shown with a card labeled &#x27;hippo&#x27;.</p><ul><li>Made of plastic</li><li>Includes one drawing card</li><li>Has a pen-like drawing arm</li><li>Designed for children&#x27;s art activities</li><li>Features a cartoon animal face</li></ul><p><strong>What's included:</strong></p><ul><li>Drawing Robot JQR-02</li><li>One animal drawing card (hippo)</li></ul>",The Toy Gift Shop,,"Arts, Crafts & Creative Toys","age:3-5, feature:new, occasion:birthday, occasion:eid, play:arts_crafts, sub:Art Sets",FALSE,Title,Default Title,TGS-DRAWING-ROBOT-JQR,,shopify,1,deny,manual,15600.00,,TRUE,TRUE,output_pending/TGS-DRAWING-ROBOT-JQR/1-front.jpg,1,Blue cartoon drawing robot JQR-02 with a hippo drawing card.,FALSE,Drawing Robot JQR-02 in Pakistan | Toy Gift Shop,Blue cartoon drawing robot JQR-02 for children's painting enlightenment teaching. Includes one animal drawing card. Plastic construction for safe art activities.,draft
drawing-robot-jqr-02,,,,,,,,,,,,,,,,,,,,output_pending/TGS-DRAWING-ROBOT-JQR/2-angle2.jpg,2,Blue cartoon drawing robot JQR-02 with a hippo drawing card.,,,,
drawing-robot-jqr-02,,,,,,,,,,,,,,,,,,,,output_pending/TGS-DRAWING-ROBOT-JQR/3-angle3.jpg,3,Blue cartoon drawing robot JQR-02 with a hippo drawing card.,,,,
e99-pro-max-remote-control-drone,E99 Pro Max Remote Control Drone with Controller,<p>This remote control drone is designed for ages 14 and up. It features a foldable design with transparent arms and a camera. The drone is controlled by a handheld remote with two antennas. It comes with a carrying case and is intended for indoor and outdoor flying.</p><ul><li>Foldable plastic and transparent arms</li><li>Black remote with two antennas</li><li>Includes carrying case</li><li>Designed for ages 14+</li><li>Features a camera</li></ul><p><strong>What's included:</strong></p><ul><li>E99 Pro Max Drone</li><li>Remote Controller</li><li>Carrying Case</li><li>Accessories (as shown in packaging)</li></ul>,The Toy Gift Shop,,RC & Remote Control Toys,"age:8+, feature:new, occasion:birthday, occasion:eid, play:outdoor, play:vehicles, sub:Drones",FALSE,Title,Default Title,TGS-E99-PRO-MAX,,shopify,1,deny,manual,8500.00,,TRUE,TRUE,output_pending/TGS-E99-PRO-MAX/1-front.jpg,1,"E99 Pro Max Remote Control Drone with controller and carrying case, shown on a white surface.",FALSE,E99 Pro Max Drone in Pakistan | Toy Gift Shop,"E99 Pro Max Remote Control Drone with controller, camera, and carrying case. Designed for ages 14+. Foldable design for indoor and outdoor flying.",draft
e99-pro-max-remote-control-drone,,,,,,,,,,,,,,,,,,,,output_pending/TGS-E99-PRO-MAX/2-angle2.jpg,2,"E99 Pro Max Remote Control Drone with controller and carrying case, shown on a white surface.",,,,
e99-pro-max-remote-control-drone,,,,,,,,,,,,,,,,,,,,output_pending/TGS-E99-PRO-MAX/3-angle3.jpg,3,"E99 Pro Max Remote Control Drone with controller and carrying case, shown on a white surface.",,,,
early-education-kids-drawing-tablet,Card Early Education Device with Rechargeable Battery and Puzzle Cards,"<p>A pink, bear-shaped early education device for children. It has a black LCD writing screen, buttons, and a speaker, and reads included flashcards aloud. Comes with a USB charging cable and puzzle/flash cards. For ages 3 and up.</p><ul><li>Pink plastic body with bear face design</li><li>Black drawing screen with visible writing</li><li>Includes USB recharge cable</li><li>Includes puzzle cards with animal images</li><li>Intended for children ages 3 and up</li></ul><p><strong>What's included:</strong></p><ul><li>Pink drawing tablet</li><li>USB charging cable</li><li>Puzzle cards</li><li>Instruction sheet</li></ul>",The Toy Gift Shop,,Educational Toys,"age:3-5, feature:new, occasion:birthday, occasion:eid, play:learning, sub:Learning Toys",FALSE,Title,Default Title,TGS-TABLET-DRAWING,,shopify,1,deny,manual,1650.00,,TRUE,TRUE,output_pending/TGS-TABLET-DRAWING/1-front.jpg,1,Pink bear-shaped drawing tablet with black screen and buttons on a white surface.,FALSE,Early Education Kids Drawing Tablet in Pakistan | Toy Gift Shop,"Pink bear-shaped drawing tablet for ages 3+ with rechargeable battery, puzzle cards, and educational features for early learning.",draft
early-education-kids-drawing-tablet,,,,,,,,,,,,,,,,,,,,output_pending/TGS-TABLET-DRAWING/2-angle2.jpg,2,Pink bear-shaped drawing tablet with black screen and buttons on a white surface.,,,,
early-education-kids-drawing-tablet,,,,,,,,,,,,,,,,,,,,output_pending/TGS-TABLET-DRAWING/3-angle3.jpg,3,Pink bear-shaped drawing tablet with black screen and buttons on a white surface.,,,,
electric-cartoon-dinosaur-toy,Electric Cartoon Dinosaur Toy with Sound and Movement,<p>This toy is a yellow cartoon dinosaur with brown mane and green accents. It has a lid on its back that opens to reveal small eggs inside. The toy moves and makes sounds when activated. It is made of hard plastic and is intended for children aged 3 and up.</p><ul><li>Made of hard plastic</li><li>Approximate size: 7 inches tall</li><li>Has a movable lid for eggs</li><li>Includes 2 small eggs in plastic bag</li><li>Designed for children 3 years and older</li></ul><p><strong>What's included:</strong></p><ul><li>Electric Cartoon Dinosaur Toy</li><li>2 small eggs in plastic bag</li></ul>,The Toy Gift Shop,,Animal & Dinosaur Toys,"age:3-5, feature:new, occasion:birthday, occasion:eid, play:pretend, sub:Dinosaur Toys",FALSE,Title,Default Title,TGS-ELEC-CARTOON-DINO,,shopify,1,deny,manual,2400.00,,TRUE,TRUE,output_pending/TGS-ELEC-CARTOON-DINO/1-front.jpg,1,"Electric cartoon dinosaur toy with open lid showing eggs inside, on a white surface.",FALSE,Electric Cartoon Dinosaur Toy in Pakistan | Toy Gift Shop,Electric cartoon dinosaur toy with sound and movement. Includes 2 eggs. For ages 3+. Hard plastic build.,draft
electric-cartoon-dinosaur-toy,,,,,,,,,,,,,,,,,,,,output_pending/TGS-ELEC-CARTOON-DINO/2-angle2.jpg,2,"Electric cartoon dinosaur toy with open lid showing eggs inside, on a white surface.",,,,
electric-cartoon-dinosaur-toy,,,,,,,,,,,,,,,,,,,,output_pending/TGS-ELEC-CARTOON-DINO/3-angle3.jpg,3,"Electric cartoon dinosaur toy with open lid showing eggs inside, on a white surface.",,,,
energizer-alkaline-battery,Energizer Alkaline Power Battery – AA or AAA (Single),"<p>A single Energizer Alkaline Power battery, AA or AAA, for toys and remotes. Long lasting power, sold one cell at a time.</p><ul><li>Energizer Alkaline Power</li><li>Choose AA or AAA</li><li>Sold as a single battery</li></ul><p><strong>What's included:</strong></p><ul><li>1 battery</li></ul>",The Toy Gift Shop,,Add-on,sub:Batteries,FALSE,Style,AA,TGS-ENERGIZER-BATTERY-AA,,shopify,7,deny,manual,150.00,,TRUE,TRUE,output_pending/TGS-ENERGIZER-BATTERY/1-front.jpg,1,Energizer Alkaline Power AA and AAA battery cards.,FALSE,Energizer Alkaline Battery in Pakistan | Toy Gift Shop,"A single Energizer Alkaline Power battery, AA or AAA, for toys and remotes.",draft
energizer-alkaline-battery,,,,,,,,Style,AAA,TGS-ENERGIZER-BATTERY-AAA,,shopify,7,deny,manual,150.00,,TRUE,TRUE,,,,,,,
eveready-heavy-duty-battery-4-pack,"Eveready Heavy Duty Batteries – Pack of 4, AA or AAA","<p>A pack of four Eveready Heavy Duty batteries, AA or AAA, for toys, clocks and remotes. The box says ready for up to 3 years.</p><ul><li>Eveready Heavy Duty</li><li>Pack of 4</li><li>Choose AA or AAA</li><li>Ready for up to 3 years, per the box</li></ul><p><strong>What's included:</strong></p><ul><li>4 batteries</li></ul>",The Toy Gift Shop,,Add-on,sub:Batteries,FALSE,Style,AA,TGS-EVEREADY-4PACK-AA,,shopify,23,deny,manual,220.00,,TRUE,TRUE,output_pending/TGS-EVEREADY-4PACK/1-front.jpg,1,Eveready Heavy Duty AA and AAA battery packs.,FALSE,"Eveready Heavy Duty Batteries, Pack of 4 in Pakistan | Toy Gift Shop","A pack of four Eveready Heavy Duty batteries, AA or AAA, for toys, clocks and remotes.",draft
eveready-heavy-duty-battery-4-pack,,,,,,,,Style,AAA,TGS-EVEREADY-4PACK-AAA,,shopify,23,deny,manual,220.00,,TRUE,TRUE,,,,,,,
eveready-heavy-duty-battery-4-pack,,,,,,,,,,,,,,,,,,,,output_pending/TGS-EVEREADY-4PACK/2-angle2.jpg,2,Eveready Heavy Duty AA and AAA battery packs.,,,,
eveready-heavy-duty-battery-4-pack,,,,,,,,,,,,,,,,,,,,output_pending/TGS-EVEREADY-4PACK/3-angle3.jpg,3,Eveready Heavy Duty AA and AAA battery packs.,,,,
frozen-beautiful-girls-makeup-set,Frozen Beautiful Girl's Series Make-Up Set,"<p>A flower-shaped toy makeup compact featuring Frozen artwork (Anna, Elsa and Olaf). Opens to reveal a mirror and a toy makeup palette. For ages 3 and up.</p><ul><li>Flower-shaped compact with mirror</li><li>Frozen Anna, Elsa and Olaf artwork</li><li>Toy makeup palette included</li><li>For ages 3 and up</li></ul><p><strong>What's included:</strong></p><ul><li>1 flower-shaped makeup compact</li><li>Mirror</li><li>Toy makeup palette</li></ul>",The Toy Gift Shop,,Pretend Play & Role Play,"age:3-5, feature:new, gender:girls, occasion:birthday, occasion:eid, occasion:return-gift, play:pretend, sub:Makeup Sets",FALSE,Title,Default Title,TGS-FROZEN-MAKEUP,,shopify,4,deny,manual,850.00,,TRUE,TRUE,output_pending/TGS-FROZEN-MAKEUP/1-front.jpg,1,Frozen flower-shaped toy makeup compact with mirror and makeup palette.,FALSE,Frozen Beautiful Girl's Series Make-Up Set in Pakistan | Toy Gift Shop,Frozen Beautiful Girl's Series flower-shaped make-up set with mirror and toy makeup. Ages 3+.,draft
frozen-beautiful-girls-makeup-set,,,,,,,,,,,,,,,,,,,,output_pending/TGS-FROZEN-MAKEUP/2-angle2.jpg,2,Frozen flower-shaped toy makeup compact with mirror and makeup palette.,,,,
frozen-ii-beauty-makeup-set,Frozen II My Beauty World Make-Up Set,<p>A crown-shaped toy makeup compact featuring Frozen II artwork (Anna and Elsa). Opens to reveal a mirror and a toy eyeshadow palette. For ages 3 and up.</p><ul><li>Crown-shaped compact with mirror</li><li>Frozen II Anna and Elsa artwork</li><li>Toy eyeshadow palette included</li><li>For ages 3 and up</li></ul><p><strong>What's included:</strong></p><ul><li>1 crown-shaped makeup compact</li><li>Mirror</li><li>Toy eyeshadow palette</li></ul>,The Toy Gift Shop,,Pretend Play & Role Play,"age:3-5, feature:new, gender:girls, occasion:birthday, occasion:eid, occasion:return-gift, play:pretend, sub:Makeup Sets",FALSE,Title,Default Title,TGS-FROZEN-II-MAKEUP,,shopify,4,deny,manual,750.00,,TRUE,TRUE,output_pending/TGS-FROZEN-II-MAKEUP/1-front.jpg,1,Frozen II crown-shaped toy makeup compact with mirror and eyeshadow palette.,FALSE,Frozen II Beauty Make-Up Set in Pakistan | Toy Gift Shop,Frozen II My Beauty World crown-shaped make-up set with mirror and toy eyeshadow. Ages 3+.,draft
frozen-ii-beauty-makeup-set,,,,,,,,,,,,,,,,,,,,output_pending/TGS-FROZEN-II-MAKEUP/2-angle2.jpg,2,Frozen II crown-shaped toy makeup compact with mirror and eyeshadow palette.,,,,
gear-dinosaur-toy,Gear Dinosaur Toy with Musical and Light Effects,<p>A green plastic dinosaur toy with visible internal gears. It plays music and lights up when activated. The toy is designed for children aged 3 and up. It has a long neck and a smiling face with a yellow crest on its head. The toy is shown in its packaging and out of the box.</p><ul><li>Made of green plastic</li><li>Approximately 10 inches tall</li><li>Internal gears visible through clear plastic</li><li>Includes musical and light effects</li><li>Intended for children aged 3 and up</li></ul><p><strong>What's included:</strong></p><ul><li>Gear Dinosaur Toy</li><li>Instruction Manual</li></ul>,The Toy Gift Shop,,Animal & Dinosaur Toys,"age:3-5, feature:new, occasion:birthday, occasion:eid, play:pretend, sub:Dinosaur Toys",FALSE,Title,Default Title,TGS-GEAR-DINO,,shopify,1,deny,manual,2000.00,,TRUE,TRUE,output_pending/TGS-GEAR-DINO/1-front.jpg,1,"Green plastic gear dinosaur toy with visible internal gears, shown with its packaging.",FALSE,Gear Dinosaur Toy in Pakistan | Toy Gift Shop,Gear Dinosaur Toy with musical and light effects. Green plastic dinosaur with visible gears. Ages 3+. Includes instruction manual.,draft
gear-dinosaur-toy,,,,,,,,,,,,,,,,,,,,output_pending/TGS-GEAR-DINO/2-angle2.jpg,2,"Green plastic gear dinosaur toy with visible internal gears, shown with its packaging.",,,,
gear-dinosaur-toy,,,,,,,,,,,,,,,,,,,,output_pending/TGS-GEAR-DINO/3-angle3.jpg,3,"Green plastic gear dinosaur toy with visible internal gears, shown with its packaging.",,,,
grass-frog-light-sound-toy,Grass Frog Light/Sound Toy with Mechanical Drive,"<p>This green frog toy has a transparent body showing internal gears. It moves by a mechanical drive that turns the gears against each other. It produces light and sound effects. The toy is for children aged 3 and up. It is made of plastic and has a small red button on the head.</p><ul><li>Made of green plastic with a transparent body</li><li>Small size, approximately 4 inches long</li><li>Internal mechanical gears that turn against each other</li><li>Includes one green frog toy</li><li>Intended for children aged 3 and up</li></ul><p><strong>What's included:</strong></p><ul><li>1 x Green Grass Frog Toy</li></ul>",The Toy Gift Shop,,Novelty & Fun Toys,"age:3-5, feature:new, occasion:birthday, occasion:eid, play:pretend, sub:Novelty Toys",FALSE,Title,Default Title,TGS-GRASS-FROG,,shopify,1,deny,manual,1750.00,,TRUE,TRUE,output_pending/TGS-GRASS-FROG/1-front.jpg,1,"A green plastic Grass Frog toy with a transparent body showing internal gears, sitting on a white surface.",FALSE,Grass Frog in Pakistan | Toy Gift Shop,Green Grass Frog toy with light and sound effects. Moves by mechanical gears. For ages 3+. Made of plastic. Includes one toy.,draft
grass-frog-light-sound-toy,,,,,,,,,,,,,,,,,,,,output_pending/TGS-GRASS-FROG/2-angle2.jpg,2,"A green plastic Grass Frog toy with a transparent body showing internal gears, sitting on a white surface.",,,,
grass-frog-light-sound-toy,,,,,,,,,,,,,,,,,,,,output_pending/TGS-GRASS-FROG/3-angle3.jpg,3,"A green plastic Grass Frog toy with a transparent body showing internal gears, sitting on a white surface.",,,,
green-truck-remote-control-toy,Green Truck Toy with Remote Control and Sound,<p>This is a green toy truck with a remote control and sound features. It is made of plastic and has a container-style cargo bed. The truck can move forward and backward and has a door that opens. It is designed for children aged 3 and up.</p><ul><li>Plastic construction</li><li>1:16 scale model</li><li>Remote control included</li><li>Sound and light features</li><li>Openable door on cab</li></ul><p><strong>What's included:</strong></p><ul><li>Green toy truck</li><li>Remote control</li><li>Battery pack (in plastic bag)</li></ul>,The Toy Gift Shop,,RC & Remote Control Toys,"age:5-8, feature:new, gender:boys, occasion:birthday, occasion:eid, play:vehicles, sub:RC Vehicles",FALSE,Title,Default Title,TGS-GREEN-TRUCK,,shopify,1,deny,manual,5100.00,,TRUE,TRUE,output_pending/TGS-GREEN-TRUCK/1-front.jpg,1,Green remote control truck toy with openable door and sound feature.,FALSE,Green Truck Toy in Pakistan | Toy Gift Shop,Green remote control truck toy with sound and openable door. Ages 3+. Includes remote and batteries. Plastic construction.,draft
green-truck-remote-control-toy,,,,,,,,,,,,,,,,,,,,output_pending/TGS-GREEN-TRUCK/2-angle2.jpg,2,Green remote control truck toy with openable door and sound feature.,,,,
green-truck-remote-control-toy,,,,,,,,,,,,,,,,,,,,output_pending/TGS-GREEN-TRUCK/3-angle3.jpg,3,Green remote control truck toy with openable door and sound feature.,,,,
hedgehog-piano-baby-toy,Hedgehog Piano Baby Toy with Keys and Buttons,"<p>This toy is shaped like a hedgehog with a piano keyboard. It has colorful buttons, a hand drum, and a spinning wheel. The toy plays music and sound effects. It is designed for babies to practice hand-eye coordination.</p><ul><li>Soft material plastic body</li><li>5 musical modes including piano and animal sounds</li><li>Includes a hand drum and spinning wheel</li><li>Features a mode switch button and MIDI button</li><li>Intended for babies aged 18 months and up</li></ul><p><strong>What's included:</strong></p><ul><li>Hedgehog Piano Toy</li><li>Instruction Manual</li></ul>",The Toy Gift Shop,,Musical Toys,"age:3-5, feature:new, occasion:birthday, occasion:eid, play:music, sub:Musical Instruments",FALSE,Title,Default Title,TGS-PIANO-HEDGEHOG,,shopify,1,deny,manual,1850.00,,TRUE,TRUE,output_pending/TGS-PIANO-HEDGEHOG/1-front.jpg,1,"A green hedgehog-shaped piano toy with keys, buttons, and a spinning wheel.",FALSE,Hedgehog Piano Baby Toy in Pakistan | Toy Gift Shop,"Hedgehog Piano Baby Toy with Keys and Buttons. Soft material, 5 modes, hand drum, spinning wheel. For babies 18+ months. Musical toy for hand-eye coordination.",draft
hedgehog-piano-baby-toy,,,,,,,,,,,,,,,,,,,,output_pending/TGS-PIANO-HEDGEHOG/2-angle2.jpg,2,"A green hedgehog-shaped piano toy with keys, buttons, and a spinning wheel.",,,,
hedgehog-piano-baby-toy,,,,,,,,,,,,,,,,,,,,output_pending/TGS-PIANO-HEDGEHOG/3-angle3.jpg,3,"A green hedgehog-shaped piano toy with keys, buttons, and a spinning wheel.",,,,
hug-happy-touch-and-teach-words-book,Hug Happy Touch and Teach Words Book Early Education Baby Toy,"<p>This is a colorful, interactive toy book with a handle and a page-turning slot. It has a touch screen with buttons for learning words, numbers, and animals. It includes a music key, a volume switch, and a speaker. It is designed for early education and is suitable for babies and toddlers.</p><ul><li>Made of plastic with colorful buttons and a handle.</li><li>Includes a page-turning slot for turning pages.</li><li>Has a touch screen with buttons for learning.</li><li>Includes a music key and a volume switch.</li><li>Designed for early education and suitable for babies and toddlers.</li></ul><p><strong>What's included:</strong></p><ul><li>Touch and Teach Words Book</li><li>Page turning slot</li><li>Handle with light flashes</li><li>Music key</li><li>Volume switch</li><li>Touch control sound pages</li><li>Loudspeaker</li></ul>",The Toy Gift Shop,,Educational Toys,"age:3-5, feature:new, occasion:birthday, occasion:eid, play:learning, sub:Learning Toys",FALSE,Title,Default Title,TGS-TOUCH-TEACH-WORDS,,shopify,1,deny,manual,5850.00,,TRUE,TRUE,output_pending/TGS-TOUCH-TEACH-WORDS/1-front.jpg,1,Hug Happy Touch and Teach Words Book early education baby toy with colorful buttons and a handle.,FALSE,Touch and Teach Words Book in Pakistan | Toy Gift Shop,"Hug Happy Touch and Teach Words Book. Interactive early education toy for babies and toddlers. Learn words, numbers, and animals with touch screen, music, and speaker.",draft
hug-happy-touch-and-teach-words-book,,,,,,,,,,,,,,,,,,,,output_pending/TGS-TOUCH-TEACH-WORDS/2-angle2.jpg,2,Hug Happy Touch and Teach Words Book early education baby toy with colorful buttons and a handle.,,,,
hug-happy-touch-and-teach-words-book,,,,,,,,,,,,,,,,,,,,output_pending/TGS-TOUCH-TEACH-WORDS/3-angle3.jpg,3,Hug Happy Touch and Teach Words Book early education baby toy with colorful buttons and a handle.,,,,
inflatable-lounger-sofa-single-size,Inflatable Lounger Sofa - Single Size,"<p>This is an inflatable lounger sofa designed for single use. It inflates to provide a soft, cushioned seating area. It is intended for outdoor use on grass or other flat surfaces. The product is shown in multiple colors on the packaging.</p><ul><li>Made of inflatable material</li><li>Single size for one person</li><li>Inflates to form a seated area</li><li>Includes one inflatable lounger</li><li>Intended for outdoor use</li></ul><p><strong>What's included:</strong></p><ul><li>1 inflatable lounger sofa</li></ul>",The Toy Gift Shop,,Novelty & Fun Toys,"age:3-5, feature:new, occasion:birthday, occasion:eid, play:outdoor, sub:Novelty Toys",FALSE,Title,Default Title,TGS-INFLATABL-SOFA-LOUNGER,,shopify,1,deny,manual,7650.00,,TRUE,TRUE,output_pending/TGS-INFLATABL-SOFA-LOUNGER/1-front.jpg,1,"Inflatable lounger sofa in blue color, shown inflated on grass with a person sitting on it.",FALSE,Inflatable Lounger Sofa in Pakistan | Toy Gift Shop,Inflatable lounger sofa for single use. Perfect for outdoor fun on grass. Inflates easily for comfortable seating. Ideal for kids and teens.,draft
inflatable-lounger-sofa-single-size,,,,,,,,,,,,,,,,,,,,output_pending/TGS-INFLATABL-SOFA-LOUNGER/2-angle2.jpg,2,"Inflatable lounger sofa in blue color, shown inflated on grass with a person sitting on it.",,,,
inflatable-lounger-sofa-single-size,,,,,,,,,,,,,,,,,,,,output_pending/TGS-INFLATABL-SOFA-LOUNGER/3-angle3.jpg,3,"Inflatable lounger sofa in blue color, shown inflated on grass with a person sitting on it.",,,,
inflatable-round-sofa-chair-single-size,Inflatable Round Sofa Chair - Single Size,"<p>This is an inflatable round sofa chair designed for single use. It inflates using a pump and deflates for storage. The chair is made of a soft, flexible material. It is intended for casual seating in indoor or outdoor settings.</p><ul><li>Made of soft, flexible material</li><li>Single size: 85cm x 70cm</li><li>Includes pump for inflation</li><li>Designed for indoor and outdoor use</li><li>Inflatable for comfortable seating</li></ul><p><strong>What's included:</strong></p><ul><li>Inflatable round sofa chair</li><li>Inflation pump</li></ul>",The Toy Gift Shop,,Novelty & Fun Toys,"age:3-5, feature:new, occasion:birthday, occasion:eid, play:outdoor, sub:Novelty Toys",FALSE,Title,Default Title,TGS-INFLATABL-SOFA-ROUND,,shopify,1,deny,manual,5500.00,,TRUE,TRUE,output_pending/TGS-INFLATABL-SOFA-ROUND/1-front.jpg,1,"Inflatable round sofa chair in single size, packaged with pump for inflation.",FALSE,Inflatable Round Sofa Chair in Pakistan | Toy Gift Shop,"Inflatable round sofa chair for single use. Soft, flexible material. Includes pump. For indoor and outdoor casual seating.",draft
inflatable-round-sofa-chair-single-size,,,,,,,,,,,,,,,,,,,,output_pending/TGS-INFLATABL-SOFA-ROUND/2-angle2.jpg,2,"Inflatable round sofa chair in single size, packaged with pump for inflation.",,,,
inflatable-round-sofa-chair-single-size,,,,,,,,,,,,,,,,,,,,output_pending/TGS-INFLATABL-SOFA-ROUND/3-angle3.jpg,3,"Inflatable round sofa chair in single size, packaged with pump for inflation.",,,,
jellyfish-bump-and-go-dancing-toy,Jellyfish Bump and Go Dancing Toy,"<p>This is a jellyfish-shaped toy with a twist mechanism. It has a soft plastic body, large eyes, and headphones. When twisted, it moves and dances. It is designed for children to play with by bumping it.</p><ul><li>Soft plastic body</li><li>Includes 1 jellyfish toy</li><li>Has a twist mechanism</li><li>Features headphones and eyes</li><li>Intended for children to play with</li></ul><p><strong>What's included:</strong></p><ul><li>1 jellyfish toy</li></ul>",The Toy Gift Shop,,Animal & Dinosaur Toys,"age:3-5, feature:new, occasion:birthday, occasion:eid, play:pretend, sub:Animal Figures",FALSE,Title,Default Title,TGS-JELLYFISH-BUMP-GO,,shopify,1,deny,manual,1850.00,,TRUE,TRUE,output_pending/TGS-JELLYFISH-BUMP-GO/1-front.jpg,1,"A jellyfish-shaped toy with headphones and large eyes, designed to dance when twisted.",FALSE,Jellyfish Bump and Go Dancing Toy in Pakistan | Toy Gift Shop,Jellyfish Bump and Go Dancing Toy. Twist to make it dance. Soft plastic jellyfish with headphones. For children to play with.,draft
jellyfish-bump-and-go-dancing-toy,,,,,,,,,,,,,,,,,,,,output_pending/TGS-JELLYFISH-BUMP-GO/2-angle2.jpg,2,"A jellyfish-shaped toy with headphones and large eyes, designed to dance when twisted.",,,,
jellyfish-bump-and-go-dancing-toy,,,,,,,,,,,,,,,,,,,,output_pending/TGS-JELLYFISH-BUMP-GO/3-angle3.jpg,3,"A jellyfish-shaped toy with headphones and large eyes, designed to dance when twisted.",,,,
jenga-classic-game,Jenga Classic Wooden Block Stacking Game,"<p>The classic Jenga wooden block stacking game by Hasbro. Pull a block, stack it on top, and see how far the tower can go before it crashes. For ages 6 and up.</p><ul><li>54 genuine wooden blocks</li><li>Pull, stack and crash gameplay</li><li>For 1 or more players</li><li>For ages 6 and up</li></ul><p><strong>What's included:</strong></p><ul><li>54 wooden Jenga blocks</li><li>Instructions</li></ul>",Jenga,,Board Games,"age:5-8, feature:new, occasion:birthday, occasion:eid, occasion:ramadan, play:build, play:games, sub:Family Board Games",FALSE,Title,Default Title,TGS-JENGA,,shopify,2,deny,manual,2900.00,,TRUE,TRUE,output_pending/TGS-JENGA/1-front.jpg,1,Jenga wooden block tower next to its box.,FALSE,Jenga Classic Wooden Block Game in Pakistan | Toy Gift Shop,Jenga classic wooden block stacking game by Hasbro. 54 genuine wood blocks. Ages 6+.,draft
jenga-classic-game,,,,,,,,,,,,,,,,,,,,output_pending/TGS-JENGA/2-angle2.jpg,2,Jenga wooden block tower next to its box.,,,,
jenga-classic-game,,,,,,,,,,,,,,,,,,,,output_pending/TGS-JENGA/3-angle3.jpg,3,Jenga wooden block tower next to its box.,,,,
jumbo-sequence-game,Jumbo Sequence Game with Jumbo Size Playing Mat,"<p>Jumbo Sequence, a large-format version of the classic Sequence strategy game with a jumbo playing mat (32 x 27 inch). Place a card, place a chip on the matching space, and be first to complete a row of five. For ages 7 and up.</p><ul><li>Jumbo-size playing mat, 32 x 27 inch</li><li>Classic Sequence strategy gameplay</li><li>For 2 to 12 players</li><li>For ages 7 and up</li></ul><p><strong>What's included:</strong></p><ul><li>1 jumbo playing mat</li><li>Playing chips</li><li>Deck of cards</li><li>Instructions</li></ul>",The Toy Gift Shop,,Board Games,"age:5-8, feature:new, occasion:birthday, occasion:eid, occasion:ramadan, play:games, sub:Family Board Games",FALSE,Title,Default Title,TGS-JUMBO-SEQUENCE,,shopify,3,deny,manual,2850.00,,TRUE,TRUE,output_pending/TGS-JUMBO-SEQUENCE/1-front.jpg,1,Jumbo Sequence board game box.,FALSE,Jumbo Sequence Game in Pakistan | Toy Gift Shop,Jumbo Sequence strategy game with a jumbo-size playing mat. Ages 7+.,draft
jumbo-sequence-game,,,,,,,,,,,,,,,,,,,,output_pending/TGS-JUMBO-SEQUENCE/2-angle2.jpg,2,Jumbo Sequence board game box.,,,,
jumbo-sequence-game,,,,,,,,,,,,,,,,,,,,output_pending/TGS-JUMBO-SEQUENCE/3-angle3.jpg,3,Jumbo Sequence board game box.,,,,
junior-pictionary-game,Junior Pictionary - The Game of Quick Draw for Kids,"<p>Junior Pictionary, the game of quick draw for kids. Draw clues from cards and get your team to guess before time runs out. For ages 7 and up.</p><ul><li>Quick-draw guessing game for kids</li><li>Team-based gameplay</li><li>Includes drawing pad and clue cards</li><li>For ages 7 and up</li></ul><p><strong>What's included:</strong></p><ul><li>Drawing pad</li><li>Clue cards</li><li>Game board</li><li>Instructions</li></ul>",The Toy Gift Shop,,Board Games,"age:5-8, feature:new, occasion:birthday, occasion:eid, occasion:ramadan, play:games, sub:Family Board Games",FALSE,Title,Default Title,TGS-JR-PICTIONARY,,shopify,1,deny,manual,2850.00,,TRUE,TRUE,output_pending/TGS-JR-PICTIONARY/1-front.jpg,1,Junior Pictionary board game box.,FALSE,Junior Pictionary Game in Pakistan | Toy Gift Shop,"Junior Pictionary, the game of quick draw for kids. Ages 7+.",draft
junior-pictionary-game,,,,,,,,,,,,,,,,,,,,output_pending/TGS-JR-PICTIONARY/2-angle2.jpg,2,Junior Pictionary board game box.,,,,
kids-kitchen-toy-dishwasher,Kids Kitchen Toy Dishwasher with Sound and Lights,"<p>This toy dishwasher is a pretend play appliance for children. It has a digital display, buttons, and a transparent door showing a rack inside. It makes sounds and lights up during play. The toy is designed for children to simulate washing dishes and learn about kitchen appliances.</p><ul><li>Made of plastic with a teal and white color scheme</li><li>Digital display with buttons for different wash modes</li><li>Transparent door with visible rack inside</li><li>Includes toy dishware (not shown in photos)</li><li>Intended for children 3 years and older</li></ul><p><strong>What's included:</strong></p><ul><li>Toy dishwasher unit</li><li>Toy dishware (not visible in photos)</li><li>Instruction manual (not visible in photos)</li></ul>",The Toy Gift Shop,,Pretend Play & Role Play,"age:3-5, feature:new, occasion:birthday, occasion:eid, play:pretend, sub:Mini Appliances",FALSE,Title,Default Title,TGS-DISHWASHE,,shopify,1,deny,manual,5500.00,,TRUE,TRUE,output_pending/TGS-DISHWASHE/1-front.jpg,1,"A teal and white toy dishwasher with a digital display and transparent door, shown next to its packaging.",FALSE,Toy Dishwasher Play Set in Pakistan | Toy Gift Shop,A pretend play dishwasher for children 3+ with sound and lights. Simulates washing dishes and teaches about kitchen appliances through play.,draft
kids-kitchen-toy-dishwasher,,,,,,,,,,,,,,,,,,,,output_pending/TGS-DISHWASHE/2-angle2.jpg,2,"A teal and white toy dishwasher with a digital display and transparent door, shown next to its packaging.",,,,
kids-kitchen-toy-dishwasher,,,,,,,,,,,,,,,,,,,,output_pending/TGS-DISHWASHE/3-angle3.jpg,3,"A teal and white toy dishwasher with a digital display and transparent door, shown next to its packaging.",,,,
kids-tent-my-castle,"Kid's Tent My Castle – Blue, 105 x 105 x 135 cm","<p>A castle-shaped kids&#x27; play tent labelled Kid&#x27;s Tent My Castle, model no. 600-31 in blue. The label gives its size as 105 x 105 x 135 cm, with installation steps on the back of the label. It folds into a round carry bag.</p><ul><li>Blue castle play tent, no. 600-31</li><li>105 x 105 x 135 cm</li><li>Installation steps on the label</li><li>Folds into a round carry bag</li><li>Not for children under 3 (small parts)</li></ul><p><strong>What's included:</strong></p><ul><li>1 blue castle play tent</li><li>Round carry bag</li></ul>",The Toy Gift Shop,,Outdoor Toys,"age:3-5, feature:new, occasion:birthday, occasion:eid, play:outdoor, play:pretend, sub:Play Tents",FALSE,Title,Default Title,TGS-KIDS-TENT-MY-CASTLE,,shopify,1,deny,manual,4500.00,,TRUE,TRUE,output_pending/TGS-KIDS-TENT-MY-CASTLE/1-front.jpg,1,Kid's Tent My Castle label showing the blue castle play tent.,FALSE,Kid's Tent My Castle in Pakistan | Toy Gift Shop,"A castle-shaped kids' play tent labelled Kid's Tent My Castle, model no.",draft
kids-tent-my-castle,,,,,,,,,,,,,,,,,,,,output_pending/TGS-KIDS-TENT-MY-CASTLE/2-angle2.jpg,2,Kid's Tent My Castle label showing the blue castle play tent.,,,,
kids-tool-drill-set,Kids Tool Drill Set with Accessories,"<p>This is a toy drill set designed for pretend play. It includes a drill body, three drill bits, a ruler, and a tool card. The drill is made of plastic and has a trigger that can be pressed. It is intended for children aged 3 and up.</p><ul><li>Plastic drill body with trigger</li><li>Three plastic drill bits included</li><li>Ruler and tool card included</li><li>Ages 3+ as printed on box</li><li>Designed for pretend play</li></ul><p><strong>What's included:</strong></p><ul><li>Drill body</li><li>Three drill bits</li><li>Ruler</li><li>Tool card</li></ul>",The Toy Gift Shop,,Pretend Play & Role Play,"age:3-5, feature:new, occasion:birthday, occasion:eid, play:pretend, sub:Role Play Sets",FALSE,Title,Default Title,TGS-TOOL-DRILL,,shopify,1,deny,manual,3850.00,,TRUE,TRUE,output_pending/TGS-TOOL-DRILL/1-front.jpg,1,A plastic toy drill set with accessories in packaging.,FALSE,Kids Tool Drill Set in Pakistan | Toy Gift Shop,"Kids Tool Drill Set with 3 bits, ruler, and tool card. Ages 3+. Plastic pretend play tool set for role play.",draft
kids-tool-drill-set,,,,,,,,,,,,,,,,,,,,output_pending/TGS-TOOL-DRILL/2-angle2.jpg,2,A plastic toy drill set with accessories in packaging.,,,,
kids-tool-drill-set,,,,,,,,,,,,,,,,,,,,output_pending/TGS-TOOL-DRILL/3-angle3.jpg,3,A plastic toy drill set with accessories in packaging.,,,,
kuromi-makeup-case,Kuromi Makeup Case with 30+ Accessories,"<p>This toy makeup case features Kuromi characters and includes 30+ pretend play accessories. It opens to reveal compartments for brushes, nail polish, and other cosmetic items. The case is made of plastic with a printed design and has a handle for carrying. It is intended for children to play pretend makeup.</p><ul><li>Plastic case with printed design</li><li>Includes 30+ pretend makeup accessories</li><li>Features a mirror and storage compartments</li><li>Has a handle for carrying</li><li>Intended for children&#x27;s pretend play</li></ul><p><strong>What's included:</strong></p><ul><li>Plastic makeup case</li><li>Mirror</li><li>30+ pretend makeup accessories (including brushes, nail polish, eyeshadow, lipstick, and makeup tools)</li><li>Kuromi character stickers</li></ul>",The Toy Gift Shop,,Pretend Play & Role Play,"age:3-5, feature:new, gender:girls, occasion:birthday, occasion:eid, play:pretend, sub:Makeup Sets",FALSE,Title,Default Title,TGS-MAKEUP-CASE,,shopify,2,deny,manual,5850.00,,TRUE,TRUE,output_pending/TGS-MAKEUP-CASE/1-front.jpg,1,"Kuromi Makeup Case with 30+ pretend play accessories, open to show compartments and tools.",FALSE,Kuromi Makeup Case in Pakistan | Toy Gift Shop,Kuromi Makeup Case with 30+ pretend play accessories. Plastic case with mirror and storage. For ages 3+. Toy makeup set for pretend play.,draft
kuromi-makeup-case,,,,,,,,,,,,,,,,,,,,output_pending/TGS-MAKEUP-CASE/2-angle2.jpg,2,"Kuromi Makeup Case with 30+ pretend play accessories, open to show compartments and tools.",,,,
kuromi-makeup-case,,,,,,,,,,,,,,,,,,,,output_pending/TGS-MAKEUP-CASE/3-angle3.jpg,3,"Kuromi Makeup Case with 30+ pretend play accessories, open to show compartments and tools.",,,,
kuromi-pop-figures-set-of-4,Kuromi Pop! Figures - Set of 4 Collectible Vinyl Figures,"<p>This set contains four Kuromi Pop! vinyl figures. Each figure is a stylized, collectible toy with a unique design. The figures are made of vinyl and are intended for display or collection. The packaging indicates they are suitable for ages 3 and up.</p><ul><li>Made of vinyl material</li><li>Set of 4 figures</li><li>Each figure has unique design</li><li>Includes 4 collectible figures</li><li>Intended for ages 3 and up</li></ul><p><strong>What's included:</strong></p><ul><li>4 Kuromi Pop! vinyl figures</li><li>Original packaging box</li></ul>",The Toy Gift Shop,,Action Figures & Characters,"age:3-5, feature:new, occasion:birthday, occasion:eid, play:pretend, sub:Action Figures",FALSE,Title,Default Title,TGS-POP-FIGURES,,shopify,1,deny,manual,3860.00,,TRUE,TRUE,output_pending/TGS-POP-FIGURES/1-front.jpg,1,Four Kuromi Pop! vinyl figures displayed in front of their packaging box.,FALSE,Kuromi Pop! Figures in Pakistan | Toy Gift Shop,Set of 4 Kuromi Pop! vinyl figures. Collectible toy figures for ages 3 and up. Great for display or collection.,draft
kuromi-pop-figures-set-of-4,,,,,,,,,,,,,,,,,,,,output_pending/TGS-POP-FIGURES/2-angle2.jpg,2,Four Kuromi Pop! vinyl figures displayed in front of their packaging box.,,,,
kuromi-pop-figures-set-of-4,,,,,,,,,,,,,,,,,,,,output_pending/TGS-POP-FIGURES/3-angle3.jpg,3,Four Kuromi Pop! vinyl figures displayed in front of their packaging box.,,,,
little-helper-simulated-cleaning-kit,Little Helper Simulated Cleaning Kit,"<p>This toy cleaning set includes a bucket and mop. The bucket is yellow with a purple rim and white handle. The mop has a white handle, yellow grip, and a pink cloth head. It is designed for children to simulate cleaning activities.</p><ul><li>Plastic bucket with white handle</li><li>Mop with pink cloth head</li><li>Bucket has purple rim</li><li>Mop handle is white with yellow grip</li><li>Intended for children aged 3+</li></ul><p><strong>What's included:</strong></p><ul><li>Yellow bucket with purple rim and white handle</li><li>Mop with white handle, yellow grip, and pink cloth head</li></ul>",The Toy Gift Shop,,Pretend Play & Role Play,"age:3-5, feature:new, occasion:birthday, occasion:eid, play:pretend, sub:Cleaning Play Sets",FALSE,Title,Default Title,TGS-LITTLE-HELPER-CLEANING,,shopify,1,deny,manual,4250.00,,TRUE,TRUE,output_pending/TGS-LITTLE-HELPER-CLEANING/1-front.jpg,1,A yellow plastic bucket with purple rim and white handle next to a toy mop with pink cloth head.,FALSE,Little Helper Cleaning Kit in Pakistan | Toy Gift Shop,Little Helper Simulated Cleaning Kit for kids aged 3+. Includes yellow bucket and mop with pink cloth head for pretend play.,draft
little-helper-simulated-cleaning-kit,,,,,,,,,,,,,,,,,,,,output_pending/TGS-LITTLE-HELPER-CLEANING/2-angle2.jpg,2,A yellow plastic bucket with purple rim and white handle next to a toy mop with pink cloth head.,,,,
little-helper-simulated-cleaning-kit,,,,,,,,,,,,,,,,,,,,output_pending/TGS-LITTLE-HELPER-CLEANING/3-angle3.jpg,3,A yellow plastic bucket with purple rim and white handle next to a toy mop with pink cloth head.,,,,
ludo-game-magnetic-board,Ludo Game Magnetic Board,<p>A Ludo game with a magnetic board and playing pieces. Classic Ludo gameplay with pieces that stay securely in place. For ages 3 and up.</p><ul><li>Magnetic Ludo board and pieces</li><li>Classic Ludo gameplay</li><li>For ages 3 and up</li></ul><p><strong>What's included:</strong></p><ul><li>1 magnetic Ludo board</li><li>Playing pieces</li><li>1 die</li></ul>,The Toy Gift Shop,,Board Games,"age:5-8, feature:new, occasion:birthday, occasion:eid, occasion:ramadan, play:games, sub:Family Board Games",FALSE,Title,Default Title,TGS-LUDO-MAGNETIC-BOARD,,shopify,1,deny,manual,1450.00,,TRUE,TRUE,output_pending/TGS-LUDO-MAGNETIC-BOARD/1-front.jpg,1,"Ludo Game Magnetic Board with pieces, red green blue and orange.",FALSE,Ludo Game Magnetic Board in Pakistan | Toy Gift Shop,Ludo Game Magnetic Board with playing pieces that stay in place. Ages 3+.,draft
ludo-game-magnetic-board,,,,,,,,,,,,,,,,,,,,output_pending/TGS-LUDO-MAGNETIC-BOARD/2-angle2.jpg,2,"Ludo Game Magnetic Board with pieces, red green blue and orange.",,,,
ludo-game-magnetic-board,,,,,,,,,,,,,,,,,,,,output_pending/TGS-LUDO-MAGNETIC-BOARD/3-angle3.jpg,3,"Ludo Game Magnetic Board with pieces, red green blue and orange.",,,,
ludo-magnetic-game-compact,"Ludo Magnetic Game, Compact Folding Board","<p>A magnetic Ludo game with a compact folding board and magnetic playing pieces, so pieces stay in place during travel play. For ages 4 and up.</p><ul><li>Magnetic playing pieces stay in place</li><li>Compact folding board</li><li>Classic Ludo gameplay</li><li>For ages 4 and up</li></ul><p><strong>What's included:</strong></p><ul><li>1 folding magnetic board</li><li>Playing pieces</li><li>1 die</li></ul>",The Toy Gift Shop,,Board Games,"age:5-8, feature:new, occasion:birthday, occasion:eid, occasion:ramadan, play:games, sub:Family Board Games",FALSE,Title,Default Title,TGS-LUDO-COMPACT,,shopify,2,deny,manual,1750.00,,TRUE,TRUE,output_pending/TGS-LUDO-COMPACT/1-front.jpg,1,Ludo Magnetic Game folding board with pieces and a die.,FALSE,Ludo Magnetic Game in Pakistan | Toy Gift Shop,Ludo Magnetic Game with a compact folding board and magnetic pieces. Ages 4+.,draft
ludo-magnetic-game-compact,,,,,,,,,,,,,,,,,,,,output_pending/TGS-LUDO-COMPACT/2-angle2.jpg,2,Ludo Magnetic Game folding board with pieces and a die.,,,,
ludo-magnetic-game-compact,,,,,,,,,,,,,,,,,,,,output_pending/TGS-LUDO-COMPACT/3-angle3.jpg,3,Ludo Magnetic Game folding board with pieces and a die.,,,,
magical-pony-figure-blue,"Magical Pony Figure with Brushable Hair, Blue","<p>A blue collectible pony figure with brushable, colourful hair and a glittery mane and tail. Comes in a display box. For ages 3 and up.</p><ul><li>Blue pony figure with brushable hair</li><li>Glittery mane and tail</li><li>Comes in a display box</li><li>For ages 3 and up</li></ul><p><strong>What's included:</strong></p><ul><li>1 blue pony figure</li></ul>",The Toy Gift Shop,,Action Figures & Characters,"age:3-5, feature:new, occasion:birthday, occasion:eid, occasion:return-gift, play:pretend, sub:Collectible Figures",FALSE,Title,Default Title,TGS-PONY-FIGURE-BLUE,,shopify,2,deny,manual,750.00,,TRUE,TRUE,output_pending/TGS-PONY-FIGURE-BLUE/1-front.jpg,1,"Blue collectible pony figure with glittery brushable hair, in its display box.",FALSE,Magical Pony Figure with Brushable Hair in Pakistan | Toy Gift Shop,"Magical Pony collectible figure in blue with brushable, glittery hair. Ages 3+.",draft
magical-pony-figure-blue,,,,,,,,,,,,,,,,,,,,output_pending/TGS-PONY-FIGURE-BLUE/2-angle2.jpg,2,"Blue collectible pony figure with glittery brushable hair, in its display box.",,,,
magical-pony-figure-blue,,,,,,,,,,,,,,,,,,,,output_pending/TGS-PONY-FIGURE-BLUE/3-angle3.jpg,3,"Blue collectible pony figure with glittery brushable hair, in its display box.",,,,
maisto-ducati-streetfighter-s-1-12-scale,Maisto Ducati Streetfighter S 1/12 Scale Diecast Motorcycle,"<p>This is a 1/12 scale diecast metal model of a Ducati Streetfighter S motorcycle. It has a red and black color scheme with detailed parts including wheels, handlebars, and a kickstand. The model is packaged in a box with a clear window. It is intended for children aged 3 and up.</p><ul><li>Diecast metal construction</li><li>1/12 scale model</li><li>Includes kickstand for display</li><li>Red and black color scheme</li><li>Intended for ages 3 and up</li></ul><p><strong>What's included:</strong></p><ul><li>Maisto Ducati Streetfighter S diecast motorcycle model</li><li>Original packaging box</li></ul>",Maisto,,Cars & Vehicles,"age:3-5, feature:new, occasion:birthday, occasion:eid, play:vehicles, sub:Die-Cast Cars",FALSE,Title,Default Title,TGS-MOTO-DIECAST,,shopify,1,deny,manual,2750.00,,TRUE,TRUE,output_pending/TGS-MOTO-DIECAST/1-front.jpg,1,"Maisto Ducati Streetfighter S diecast motorcycle model in red and black, displayed with its packaging box.",FALSE,Maisto Ducati Motorcycle Diecast in Pakistan | Toy Gift Shop,"Maisto 1/12 scale diecast Ducati Streetfighter S motorcycle model. Metal construction, red and black, for ages 3+. Includes kickstand and original box.",draft
maisto-ducati-streetfighter-s-1-12-scale,,,,,,,,,,,,,,,,,,,,output_pending/TGS-MOTO-DIECAST/2-angle2.jpg,2,"Maisto Ducati Streetfighter S diecast motorcycle model in red and black, displayed with its packaging box.",,,,
maisto-ducati-streetfighter-s-1-12-scale,,,,,,,,,,,,,,,,,,,,output_pending/TGS-MOTO-DIECAST/3-angle3.jpg,3,"Maisto Ducati Streetfighter S diecast motorcycle model in red and black, displayed with its packaging box.",,,,
makeup-set-case-princess-bag-and-chest,Makeup Set Case for Kids - Colorful Princess Bag,<p>This toy makeup set is a pink and light blue plastic case shaped like a princess bag. It opens to reveal a mirror and multiple compartments for pretend makeup. The case has a heart-shaped clasp with a red gem and stands on four small feet. It is designed for children aged 5 and up.</p><ul><li>Made of hard plastic</li><li>Pink and light blue color scheme</li><li>Includes mirror and pretend makeup accessories</li><li>Features a heart-shaped clasp with a red gem</li><li>Intended for children aged 5 and up</li></ul><p><strong>What's included:</strong></p><ul><li>Plastic makeup case with mirror and compartments</li><li>Pretend makeup accessories</li><li>Instructional sticker on mirror</li></ul>,The Toy Gift Shop,,Pretend Play & Role Play,"age:3-5, feature:new, gender:girls, occasion:birthday, occasion:eid, play:pretend, sub:Makeup Sets",FALSE,Title,Default Title,TGS-MAKEUP-SET-CASE,,shopify,1,deny,manual,3450.00,,TRUE,TRUE,output_pending/TGS-MAKEUP-SET-CASE/1-front.jpg,1,Pink and light blue plastic princess bag makeup set with heart-shaped clasp and mirror.,FALSE,Makeup Set Case for Kids in Pakistan | Toy Gift Shop,"Colorful princess bag makeup set for kids. Includes pretend makeup, mirror, and compartments. Ages 5+. Toy for pretend play.",draft
makeup-set-case-princess-bag-and-chest,,,,,,,,,,,,,,,,,,,,output_pending/TGS-MAKEUP-SET-CASE/2-angle2.jpg,2,Pink and light blue plastic princess bag makeup set with heart-shaped clasp and mirror.,,,,
makeup-set-case-princess-bag-and-chest,,,,,,,,,,,,,,,,,,,,output_pending/TGS-MAKEUP-SET-CASE/3-angle3.jpg,3,Pink and light blue plastic princess bag makeup set with heart-shaped clasp and mirror.,,,,
mermaid-makeup-case-2in1,Mermaid 2-in-1 Beauty Make Up Case with Jewellery,"<p>A glitter makeup case with a mermaid design, combining a toy makeup set and jewellery box in one carry case with a handle. It opens to reveal a mirror, brushes and a colourful toy makeup palette. Available in pink and purple glitter. For ages 3 and up.</p><ul><li>2-in-1 makeup and jewellery case</li><li>Glitter exterior with mermaid design</li><li>Mirror and toy brushes included</li><li>Carry handle for portability</li><li>For ages 3 and up</li></ul><p><strong>What's included:</strong></p><ul><li>Makeup case with mermaid design</li><li>Mirror inside lid</li><li>Toy makeup palette</li><li>Toy brushes</li></ul>",The Toy Gift Shop,,Pretend Play & Role Play,"age:3-5, feature:new, gender:girls, occasion:birthday, occasion:eid, play:pretend, sub:Makeup Sets",FALSE,Title,Default Title,TGS-MERMAID-MAKEUP,,shopify,11,deny,manual,3250.00,,TRUE,TRUE,output_pending/TGS-MERMAID-MAKEUP/1-front.jpg,1,"Glitter mermaid makeup case, pink and purple, open to show toy makeup and brushes.",FALSE,Mermaid 2-in-1 Beauty Makeup Case in Pakistan | Toy Gift Shop,Mermaid 2-in-1 beauty makeup and jewellery case with mirror and brushes. Pink or purple glitter. Ages 3+.,draft
mermaid-makeup-case-2in1,,,,,,,,,,,,,,,,,,,,output_pending/TGS-MERMAID-MAKEUP/2-angle2.jpg,2,"Glitter mermaid makeup case, pink and purple, open to show toy makeup and brushes.",,,,
mermaid-makeup-case-2in1,,,,,,,,,,,,,,,,,,,,output_pending/TGS-MERMAID-MAKEUP/3-angle3.jpg,3,"Glitter mermaid makeup case, pink and purple, open to show toy makeup and brushes.",,,,
minecraft-diamond-sword-light,Minecraft Diamond Sword Light with Stand,"<p>A Minecraft diamond sword that lights up and stands upright on its own base, with a USB cable. It works as a room light or display piece.</p><ul><li>Pixel diamond sword that lights up</li><li>Stands on its own base</li><li>USB cable included</li></ul><p><strong>What's included:</strong></p><ul><li>1 diamond sword light with stand</li><li>USB cable</li></ul>",The Toy Gift Shop,,Novelty & Fun Toys,"age:3-5, feature:new, occasion:birthday, occasion:eid, play:pretend, sub:Night Lights",FALSE,Title,Default Title,TGS-MC-SWORD-LIGHT,,shopify,3,deny,manual,3250.00,,TRUE,TRUE,output_pending/TGS-MC-SWORD-LIGHT/1-front.jpg,1,Minecraft diamond sword light on its stand beside the box.,FALSE,Minecraft Diamond Sword Light in Pakistan | Toy Gift Shop,"A Minecraft diamond sword that lights up and stands upright on its own base, with a USB cable.",draft
minecraft-diamond-sword-light,,,,,,,,,,,,,,,,,,,,output_pending/TGS-MC-SWORD-LIGHT/2-angle2.jpg,2,Minecraft diamond sword light on its stand beside the box.,,,,
minecraft-diamond-sword-light,,,,,,,,,,,,,,,,,,,,output_pending/TGS-MC-SWORD-LIGHT/3-angle3.jpg,3,Minecraft diamond sword light on its stand beside the box.,,,,
minecraft-village-pillage-figure-set,Minecraft Village & Pillage Figure Set with Blocks,"<p>A Minecraft Village &amp; Pillage figure set: blocky villager, pillager and iron golem figures with mini weapons and blocks, in a window box.</p><ul><li>Minecraft Village &amp; Pillage figures</li><li>Mini weapons included</li><li>Blocks to stand the figures on</li><li>Window display box</li></ul><p><strong>What's included:</strong></p><ul><li>Minecraft figures</li><li>Mini weapons</li><li>Blocks</li></ul>",The Toy Gift Shop,,Action Figures & Characters,"age:3-5, feature:new, occasion:birthday, occasion:eid, play:build, play:pretend, sub:Action Figures",FALSE,Title,Default Title,TGS-MC-VILLAGE-FIGURES,,shopify,5,deny,manual,3350.00,,TRUE,TRUE,output_pending/TGS-MC-VILLAGE-FIGURES/1-front.jpg,1,Minecraft Village & Pillage figure set in its window box.,FALSE,Minecraft Village & Pillage Figure Set in Pakistan | Toy Gift Shop,"A Minecraft Village & Pillage figure set: blocky villager, pillager and iron golem figures with mini weapons and blocks, in a window box.",draft
minecraft-village-pillage-figure-set,,,,,,,,,,,,,,,,,,,,output_pending/TGS-MC-VILLAGE-FIGURES/2-angle2.jpg,2,Minecraft Village & Pillage figure set in its window box.,,,,
minecraft-village-pillage-figure-set,,,,,,,,,,,,,,,,,,,,output_pending/TGS-MC-VILLAGE-FIGURES/3-angle3.jpg,3,Minecraft Village & Pillage figure set in its window box.,,,,
minecraft-village-pillage-weapon-figure-set,Minecraft Village & Pillage Weapon & Figure Set – Design Varies,"<p>A Minecraft Village &amp; Pillage set with a large toy weapon, figures and a small accessory. It comes in three designs, a diamond shovel, a trident or an axe; the design you receive may vary.</p><ul><li>Large Minecraft-style toy weapon</li><li>Figures and mini accessories</li><li>Three designs: shovel, trident or axe (varies)</li></ul><p><strong>What's included:</strong></p><ul><li>1 large toy weapon (shovel, trident or axe)</li><li>Figures</li><li>Mini accessories</li></ul>",The Toy Gift Shop,,Action Figures & Characters,"age:3-5, feature:new, occasion:birthday, occasion:eid, play:pretend, sub:Action Figures",FALSE,Title,Default Title,TGS-MC-WEAPON-SET,,shopify,3,deny,manual,4650.00,,TRUE,TRUE,output_pending/TGS-MC-WEAPON-SET/1-front.jpg,1,"Minecraft Village & Pillage weapon and figure sets in shovel, trident and axe designs.",FALSE,Minecraft Weapon & Figure Set in Pakistan | Toy Gift Shop,"A Minecraft Village & Pillage set with a large toy weapon, figures and a small accessory.",draft
minecraft-village-pillage-weapon-figure-set,,,,,,,,,,,,,,,,,,,,output_pending/TGS-MC-WEAPON-SET/2-angle2.jpg,2,"Minecraft Village & Pillage weapon and figure sets in shovel, trident and axe designs.",,,,
minecraft-village-pillage-weapon-figure-set,,,,,,,,,,,,,,,,,,,,output_pending/TGS-MC-WEAPON-SET/3-angle3.jpg,3,"Minecraft Village & Pillage weapon and figure sets in shovel, trident and axe designs.",,,,
mini-appliances-toy-refrigerator,Mini Appliances Toy Refrigerator with Play & Learn Simulation,"<p>This is a toy refrigerator designed for pretend play. It has a pink and white color scheme with digital displays showing temperature and time. The doors open to reveal shelves and compartments holding toy food items. It is intended for children to simulate household activities.</p><ul><li>Made of plastic</li><li>Approximately 10 inches tall</li><li>Doors open and close</li><li>Includes toy food items</li><li>For children aged 3+</li></ul><p><strong>What's included:</strong></p><ul><li>Mini refrigerator toy</li><li>Toy food items (bottles, ice cream, grapes)</li><li>Digital display components</li></ul>",The Toy Gift Shop,,Pretend Play & Role Play,"age:3-5, feature:new, occasion:birthday, occasion:eid, play:learning, play:pretend, sub:Mini Appliances",FALSE,Title,Default Title,TGS-APPLIANCE-FRIDGE,,shopify,1,deny,manual,2850.00,,TRUE,TRUE,output_pending/TGS-APPLIANCE-FRIDGE/1-front.jpg,1,A pink and white toy refrigerator with open doors showing toy food inside.,FALSE,Mini Appliances Toy Refrigerator in Pakistan | Toy Gift Shop,"A pink and white mini refrigerator toy with open doors, digital displays, and toy food for children aged 3+ to simulate household life.",draft
mini-appliances-toy-refrigerator,,,,,,,,,,,,,,,,,,,,output_pending/TGS-APPLIANCE-FRIDGE/2-angle2.jpg,2,A pink and white toy refrigerator with open doors showing toy food inside.,,,,
mini-appliances-toy-refrigerator,,,,,,,,,,,,,,,,,,,,output_pending/TGS-APPLIANCE-FRIDGE/3-angle3.jpg,3,A pink and white toy refrigerator with open doors showing toy food inside.,,,,
mini-rc-forklift-1-64-scale,Mini Rc Forklift 1:64 Scale Remote Control Toy with Phone App Control,"<p>This is a 1:64 scale remote control forklift toy. It is controlled via a phone app or a handheld remote. The toy is made of plastic and alloy parts. It includes a remote, decals, and a pallet accessory. It is designed for children aged 6 and up.</p><ul><li>1:64 scale model</li><li>Made of plastic and alloy</li><li>Controlled by phone app or handheld remote</li><li>Includes decals and pallet accessory</li><li>For children aged 6 and up</li></ul><p><strong>What's included:</strong></p><ul><li>Mini Rc Forklift vehicle</li><li>Handheld remote control</li><li>Decals sheet</li><li>Pallet accessory</li><li>Small metal parts</li></ul>",The Toy Gift Shop,,RC & Remote Control Toys,"age:5-8, feature:new, gender:boys, occasion:birthday, occasion:eid, play:vehicles, sub:RC Vehicles",FALSE,Title,Default Title,TGS-RC-FORKLIFT,,shopify,1,deny,manual,4250.00,,TRUE,TRUE,output_pending/TGS-RC-FORKLIFT/1-front.jpg,1,Mini Rc Forklift 1:64 scale remote control toy with phone app control and included accessories.,FALSE,Mini Rc Forklift in Pakistan | Toy Gift Shop,"1:64 scale remote control forklift toy with phone app control. Made of plastic and alloy. Includes remote, decals, and pallet. For ages 6+.",draft
mini-rc-forklift-1-64-scale,,,,,,,,,,,,,,,,,,,,output_pending/TGS-RC-FORKLIFT/2-angle2.jpg,2,Mini Rc Forklift 1:64 scale remote control toy with phone app control and included accessories.,,,,
mini-rc-forklift-1-64-scale,,,,,,,,,,,,,,,,,,,,output_pending/TGS-RC-FORKLIFT/3-angle3.jpg,3,Mini Rc Forklift 1:64 scale remote control toy with phone app control and included accessories.,,,,
monopoly-classic-board-game,Monopoly Classic Property Trading Board Game,"<p>The world&#x27;s favourite property trading board game. Buy, sell and trade properties to build your real estate empire and bankrupt your opponents. For ages 8 and up.</p><ul><li>Classic property trading gameplay</li><li>Buy, sell and trade properties</li><li>For 2 to 8 players</li><li>For ages 8 and up</li></ul><p><strong>What's included:</strong></p><ul><li>Game board</li><li>Property cards</li><li>Play money</li><li>Tokens and dice</li><li>Instructions</li></ul>",Monopoly,,Board Games,"age:5-8, feature:new, occasion:birthday, occasion:eid, occasion:ramadan, play:games, sub:Family Board Games",FALSE,Title,Default Title,TGS-MONOPOLY-CLASSIC,,shopify,3,deny,manual,1850.00,,TRUE,TRUE,output_pending/TGS-MONOPOLY-CLASSIC/1-front.jpg,1,Monopoly Classic board game box.,FALSE,Monopoly Classic Board Game in Pakistan | Toy Gift Shop,Monopoly Classic property trading board game -- the world's favourite game. Ages 8+.,draft
monopoly-classic-board-game,,,,,,,,,,,,,,,,,,,,output_pending/TGS-MONOPOLY-CLASSIC/2-angle2.jpg,2,Monopoly Classic board game box.,,,,
monopoly-deal-card-game,Monopoly Deal Card Game,"<p>The fast-paced Monopoly Deal card game. Collect property sets, play action cards and outmanoeuvre opponents to win. Plays in about 15 minutes. For ages 8 and up.</p><ul><li>Fast-paced card game version of Monopoly</li><li>Collect property sets to win</li><li>Plays in about 15 minutes</li><li>For 2 to 5 players</li><li>For ages 8 and up</li></ul><p><strong>What's included:</strong></p><ul><li>1 deck of Monopoly Deal cards</li><li>Instructions</li></ul>",Monopoly,,Board Games,"age:5-8, feature:new, occasion:birthday, occasion:eid, occasion:ramadan, occasion:return-gift, play:games, sub:Family Board Games",FALSE,Title,Default Title,TGS-MONOPOLY-DEAL,,shopify,5,deny,manual,480.00,,TRUE,TRUE,output_pending/TGS-MONOPOLY-DEAL/1-front.jpg,1,Monopoly Deal card game box and deck of cards.,FALSE,Monopoly Deal Card Game in Pakistan | Toy Gift Shop,Monopoly Deal fast-paced card game. Collect property sets and win in about 15 minutes. Ages 8+.,draft
monopoly-deal-card-game,,,,,,,,,,,,,,,,,,,,output_pending/TGS-MONOPOLY-DEAL/2-angle2.jpg,2,Monopoly Deal card game box and deck of cards.,,,,
monopoly-deal-card-game,,,,,,,,,,,,,,,,,,,,output_pending/TGS-MONOPOLY-DEAL/3-angle3.jpg,3,Monopoly Deal card game box and deck of cards.,,,,
multifunction-learn-shelf,Multifunction Learn Shelf with Abacus and Activity Panels,"<p>This multifunctional learning shelf is a colorful educational toy with multiple activity panels. It includes an abacus with beads, a drawing board, a sea maze, and a clock mode. The toy is made of plastic and is designed for children aged 3 and up. It helps with recognition of letters and words, and enhances cognitive skills through hands-on play.</p><ul><li>Plastic construction with colorful beads and panels</li><li>Five activity panels: abacus, drawing, sea maze, clock, and letter recognition</li><li>Abacus with movable beads for counting practice</li><li>Includes drawing board and sea maze game</li><li>Designed for children aged 3 years and older</li></ul><p><strong>What's included:</strong></p><ul><li>Multifunction Learn Shelf with abacus and activity panels</li><li>Drawing board</li><li>Sea maze</li><li>Clock mode</li><li>Color calculation beads</li><li>Letters and words recognition panels</li></ul>",The Toy Gift Shop,,Educational Toys,"age:3-5, feature:new, occasion:birthday, occasion:eid, play:learning, sub:Learning Toys",FALSE,Title,Default Title,TGS-MULTI-LEARN-SHELF,,shopify,1,deny,manual,4500.00,,TRUE,TRUE,output_pending/TGS-MULTI-LEARN-SHELF/1-front.jpg,1,Colorful multifunctional learning shelf with abacus and activity panels.,FALSE,Multifunction Learn Shelf in Pakistan | Toy Gift Shop,"Educational toy with abacus, drawing board, sea maze, and clock mode. Helps children learn letters, words, and counting. Ages 3+. Plastic construction.",draft
multifunction-learn-shelf,,,,,,,,,,,,,,,,,,,,output_pending/TGS-MULTI-LEARN-SHELF/2-angle2.jpg,2,Colorful multifunctional learning shelf with abacus and activity panels.,,,,
multifunction-learn-shelf,,,,,,,,,,,,,,,,,,,,output_pending/TGS-MULTI-LEARN-SHELF/3-angle3.jpg,3,Colorful multifunctional learning shelf with abacus and activity panels.,,,,
my-world-hz1005-minifigure-set,My World Minifigure Set – 24 Blocky Figures,"<p>A My World (HZ1005) set of 24 blocky minifigures in a long window box, with small blocks and accessories in the trays.</p><ul><li>24 blocky minifigures</li><li>Small blocks and accessories</li><li>Item HZ1005</li><li>Long window box</li></ul><p><strong>What's included:</strong></p><ul><li>24 minifigures</li><li>Blocks and accessories</li></ul>",The Toy Gift Shop,,Action Figures & Characters,"age:8+, feature:new, occasion:birthday, occasion:eid, play:build, play:pretend, sub:Action Figures",FALSE,Title,Default Title,TGS-MY-WORLD-MINIFIGS,,shopify,3,deny,manual,3650.00,,TRUE,TRUE,output_pending/TGS-MY-WORLD-MINIFIGS/1-front.jpg,1,My World minifigure set with 24 figures in its window box.,FALSE,My World Minifigure Set in Pakistan | Toy Gift Shop,"A My World (HZ1005) set of 24 blocky minifigures in a long window box, with small blocks and accessories in the trays.",draft
my-world-hz1005-minifigure-set,,,,,,,,,,,,,,,,,,,,output_pending/TGS-MY-WORLD-MINIFIGS/2-angle2.jpg,2,My World minifigure set with 24 figures in its window box.,,,,
my-world-hz1005-minifigure-set,,,,,,,,,,,,,,,,,,,,output_pending/TGS-MY-WORLD-MINIFIGS/3-angle3.jpg,3,My World minifigure set with 24 figures in its window box.,,,,
naruto-shippuden-naruto-uzumaki-action-figure,Naruto Shippuden Naruto Uzumaki Action Figure,"<p>This is a Naruto Uzumaki action figure from the Shippuden series. It is made of hard plastic and stands upright. The figure is shown in its original packaging, which includes artwork of other characters. It is intended for display or play.</p><ul><li>HARD PLASTIC
FIGURE</li><li>APPROX 6 INCHES
TALL</li><li>STANDS UPRIGHT
ON ITS OWN</li><li>INCLUDES FIGURE
ONLY</li><li>FOR DISPLAY
OR PLAY</li></ul><p><strong>What's included:</strong></p><ul><li>Naruto Uzumaki Action Figure</li></ul>",The Toy Gift Shop,,Action Figures & Characters,"age:3-5, feature:new, gender:boys, occasion:birthday, occasion:eid, play:pretend, sub:Action Figures",FALSE,Title,Default Title,TGS-FIG-NARUTO,,shopify,1,deny,manual,1650.00,,TRUE,TRUE,output_pending/TGS-FIG-NARUTO/1-front.jpg,1,"Naruto Shippuden Naruto Uzumaki action figure in original packaging, standing upright.",FALSE,Naruto Uzumaki Action Figure in Pakistan | Toy Gift Shop,"Naruto Shippuden Naruto Uzumaki Action Figure. Hard plastic, approx 6 inches tall, stands upright, for display or play. Includes figure only.",draft
naruto-shippuden-naruto-uzumaki-action-figure,,,,,,,,,,,,,,,,,,,,output_pending/TGS-FIG-NARUTO/2-angle2.jpg,2,"Naruto Shippuden Naruto Uzumaki action figure in original packaging, standing upright.",,,,
naruto-shippuden-naruto-uzumaki-action-figure,,,,,,,,,,,,,,,,,,,,output_pending/TGS-FIG-NARUTO/3-angle3.jpg,3,"Naruto Shippuden Naruto Uzumaki action figure in original packaging, standing upright.",,,,
nmk-poptent-kids-tent-with-50-balls,PopTent Kids Play Tent with 50 Balls – Character Design Varies,"<p>A pop-up kids&#x27; play tent from NMK&#x27;s PopTent New Style range, with 50 play balls in the box. It comes in two printed character designs, a pink-and-teal L.O.L. Surprise! tent and a pink Barbie The Island Princess tent; the design you receive may vary. The box describes it as a playground to take home, with room for a few children.</p><ul><li>Pop-up play tent, item no. NMK7003SS-1</li><li>50 play balls included</li><li>Two character designs: L.O.L. Surprise! or Barbie The Island Princess (design varies)</li><li>Mesh window and door opening</li><li>Room for a few children to play inside, per the box</li></ul><p><strong>What's included:</strong></p><ul><li>1 pop-up play tent (L.O.L. Surprise! or Barbie design)</li><li>50 play balls</li></ul>",The Toy Gift Shop,,Outdoor Toys,"age:3-5, feature:new, occasion:birthday, occasion:eid, play:outdoor, play:pretend, sub:Play Tents",FALSE,Title,Default Title,TGS-POPTENT-50-BALLS,,shopify,5,deny,manual,3250.00,,TRUE,TRUE,output_pending/TGS-POPTENT-50-BALLS/1-front.jpg,1,PopTent kids play tent box with 50 balls in L.O.L. Surprise! and Barbie designs.,FALSE,PopTent Kids Play Tent with 50 Balls in Pakistan | Toy Gift Shop,"A pop-up kids' play tent from NMK's PopTent New Style range, with 50 play balls in the box.",draft
nmk-poptent-kids-tent-with-50-balls,,,,,,,,,,,,,,,,,,,,output_pending/TGS-POPTENT-50-BALLS/2-angle2.jpg,2,PopTent kids play tent box with 50 balls in L.O.L. Surprise! and Barbie designs.,,,,
nmk-poptent-kids-tent-with-50-balls,,,,,,,,,,,,,,,,,,,,output_pending/TGS-POPTENT-50-BALLS/3-angle3.jpg,3,PopTent kids play tent box with 50 balls in L.O.L. Surprise! and Barbie designs.,,,,
ocean-liner-water-gun-toy,Ocean Liner Water Gun Toy with Sound and Lighting,<p>This toy is a water gun shaped like a cruise ship. It has sound effects and lighting. The toy is made of plastic. It is designed to be used in water for play. It is for children aged 3 and up.</p><ul><li>Plastic construction</li><li>Water spray function</li><li>Sound effects and lighting</li><li>Includes one water gun</li><li>For ages 3+</li></ul><p><strong>What's included:</strong></p><ul><li>Ocean Liner Water Gun Toy</li><li>Instruction Manual</li></ul>,The Toy Gift Shop,,Water & Beach Toys,"age:3-5, feature:new, occasion:birthday, occasion:eid, play:outdoor, sub:Water Play",FALSE,Title,Default Title,TGS-OCEAN-LINER-WATER,,shopify,1,deny,manual,2450.00,,TRUE,TRUE,output_pending/TGS-OCEAN-LINER-WATER/1-front.jpg,1,"A blue and white plastic cruise ship water gun toy with red accents, shown next to its packaging.",FALSE,Ocean Liner Water Gun in Pakistan | Toy Gift Shop,"Ocean Liner Water Gun Toy with sound effects, lighting, and water spray. Plastic cruise ship design for ages 3+. Includes instruction manual.",draft
ocean-liner-water-gun-toy,,,,,,,,,,,,,,,,,,,,output_pending/TGS-OCEAN-LINER-WATER/2-angle2.jpg,2,"A blue and white plastic cruise ship water gun toy with red accents, shown next to its packaging.",,,,
ocean-liner-water-gun-toy,,,,,,,,,,,,,,,,,,,,output_pending/TGS-OCEAN-LINER-WATER/3-angle3.jpg,3,"A blue and white plastic cruise ship water gun toy with red accents, shown next to its packaging.",,,,
ozen-star-arabic-sound-learning-book,Ozen Star Arabic Sound Learning Book for Children,<p>This is an educational toy book with a yellow plastic handle and a white marker. It features interactive pages with Arabic text and illustrations. The book is designed for children aged 3 and up to learn Arabic through sound and visual aids. It includes a marker for drawing and tracing activities.</p><ul><li>Yellow plastic handle with buttons</li><li>White marker with red cap</li><li>Interactive pages with Arabic text</li><li>Illustrations of children and mosques</li><li>Ages 3+ printed on the cover</li></ul><p><strong>What's included:</strong></p><ul><li>Educational toy book</li><li>White marker with red cap</li><li>Yellow plastic handle with buttons</li></ul>,The Toy Gift Shop,,Educational Toys,"age:3-5, feature:new, occasion:birthday, occasion:eid, occasion:ramadan, play:learning, sub:Learning Toys",FALSE,Title,Default Title,TGS-ARABIC-SOUND-LEARNING,,shopify,1,deny,manual,2500.00,,TRUE,TRUE,output_pending/TGS-ARABIC-SOUND-LEARNING/1-front.jpg,1,Ozen Star Arabic Sound Learning Book for Children with interactive pages and a marker.,FALSE,Arabic Sound Learning Book in Pakistan | Toy Gift Shop,"Ozen Star Arabic Sound Learning Book for Children. Educational toy with interactive pages, Arabic text, and illustrations. Ages 3+. Includes marker and handle.",draft
ozen-star-arabic-sound-learning-book,,,,,,,,,,,,,,,,,,,,output_pending/TGS-ARABIC-SOUND-LEARNING/2-angle2.jpg,2,Ozen Star Arabic Sound Learning Book for Children with interactive pages and a marker.,,,,
ozen-star-arabic-sound-learning-book,,,,,,,,,,,,,,,,,,,,output_pending/TGS-ARABIC-SOUND-LEARNING/3-angle3.jpg,3,Ozen Star Arabic Sound Learning Book for Children with interactive pages and a marker.,,,,
pinball-game-machine,Pinball Game Machine with Marbles and Digital Score Display,<p>A small red plastic pinball game machine with a digital score display. It includes marbles for play and a lever to launch them. The game has a digital score display and is designed for children. It is shown with its original packaging.</p><ul><li>Red plastic construction</li><li>Digital score display</li><li>Includes marbles and launch lever</li><li>Designed for children aged 3+</li><li>Game has 6 levels</li></ul><p><strong>What's included:</strong></p><ul><li>Pinball game machine</li><li>Marbles</li><li>Lever</li><li>Digital score display</li><li>Original packaging</li></ul>,The Toy Gift Shop,,Robots & Electronic Toys,"age:5-8, feature:new, occasion:birthday, occasion:eid, play:games, sub:Arcade Games",FALSE,Title,Default Title,TGS-PINBALL,,shopify,1,deny,manual,6900.00,,TRUE,TRUE,output_pending/TGS-PINBALL/1-front.jpg,1,"Red plastic pinball game machine with marbles and digital score display, shown with original packaging.",FALSE,Pinball Game Machine in Pakistan | Toy Gift Shop,"Red plastic pinball game machine with digital score, marbles, and lever for children aged 3+. Includes original packaging.",draft
pinball-game-machine,,,,,,,,,,,,,,,,,,,,output_pending/TGS-PINBALL/2-angle2.jpg,2,"Red plastic pinball game machine with marbles and digital score display, shown with original packaging.",,,,
pinball-game-machine,,,,,,,,,,,,,,,,,,,,output_pending/TGS-PINBALL/3-angle3.jpg,3,"Red plastic pinball game machine with marbles and digital score display, shown with original packaging.",,,,
pixel-led-sword-light-up,"Pixel LED Light-Up Sword, Minecraft-Style","<p>A pixelated, Minecraft-style toy sword with built-in LED lights along the blade. Available in blue/black and purple/green colourways. For ages 3 and up.</p><ul><li>Pixelated, blocky sword design</li><li>Built-in LED lights along the blade</li><li>Available in 2 colourways</li><li>For ages 3 and up</li></ul><p><strong>What's included:</strong></p><ul><li>1 pixel LED sword</li></ul>",The Toy Gift Shop,,Fantasy & Magic Toys,"age:3-5, feature:new, occasion:birthday, occasion:eid, play:pretend, sub:Pretend Weapons",FALSE,Style,Blue/Black,TGS-PIXEL-LED-SWORD-BLU,,shopify,2,deny,manual,2450.00,,TRUE,TRUE,output_pending/TGS-PIXEL-LED-SWORD/1-front.jpg,1,"Two pixelated LED light-up toy swords, one blue and one green, lit up.",FALSE,Pixel LED Light-Up Sword in Pakistan | Toy Gift Shop,"Pixel LED light-up toy sword, Minecraft-style, blue/black or purple/green. Ages 3+.",draft
pixel-led-sword-light-up,,,,,,,,Style,Purple/Green,TGS-PIXEL-LED-SWORD-PUR,,shopify,2,deny,manual,2450.00,,TRUE,TRUE,,,,,,,
pixel-led-sword-light-up,,,,,,,,,,,,,,,,,,,,output_pending/TGS-PIXEL-LED-SWORD/2-angle2.jpg,2,"Two pixelated LED light-up toy swords, one blue and one green, lit up.",,,,
pixel-led-sword-light-up,,,,,,,,,,,,,,,,,,,,output_pending/TGS-PIXEL-LED-SWORD/3-angle3.jpg,3,"Two pixelated LED light-up toy swords, one blue and one green, lit up.",,,,
play-balls-net-bag,Colourful Play Balls in a Net Bag,"<p>A net bag of plastic play balls in mixed bright colours, for ball pits and play tents.</p><ul><li>Plastic play balls</li><li>Mixed bright colours</li><li>For ball pits and play tents</li><li>Comes in a net bag</li></ul><p><strong>What's included:</strong></p><ul><li>1 net bag of play balls</li></ul>",The Toy Gift Shop,,Outdoor Toys,"age:3-5, feature:new, occasion:birthday, occasion:eid, occasion:return-gift, play:outdoor, sub:Play Tents",FALSE,Title,Default Title,TGS-PLAY-BALLS-NET,,shopify,5,deny,manual,850.00,,TRUE,TRUE,output_pending/TGS-PLAY-BALLS-NET/1-front.jpg,1,Net bag of colourful plastic play balls.,FALSE,Colourful Play Balls in Pakistan | Toy Gift Shop,"A net bag of soft plastic play balls in mixed bright colours, for ball pits and play tents.",draft
power-punch-arcade-game,Power Punch Arcade Game with Punch Meter and Digital Display,<p>This arcade-style game features a tall red and black unit with a digital display and a vertical punch meter. It is designed for children to punch the target to see how hard they hit. The box indicates it is for ages 3 and up. The unit has a soft rubber base and a digital screen with buttons.</p><ul><li>Red and black plastic construction</li><li>Digital display with buttons</li><li>Vertical punch meter with colored lights</li><li>Soft rubber base for safety</li><li>For ages 3 and up</li></ul><p><strong>What's included:</strong></p><ul><li>Power Punch Arcade Game unit</li><li>Instruction manual (not visible in photos)</li></ul>,The Toy Gift Shop,,Robots & Electronic Toys,"age:5-8, feature:new, occasion:birthday, occasion:eid, play:games, sub:Arcade Games",FALSE,Title,Default Title,TGS-POWER-PUNCH-ARCADE,,shopify,1,deny,manual,7600.00,,TRUE,TRUE,output_pending/TGS-POWER-PUNCH-ARCADE/1-front.jpg,1,Power Punch Arcade Game with punch meter and digital display for children.,FALSE,Power Punch Arcade Game in Pakistan | Toy Gift Shop,Power Punch Arcade Game with punch meter and digital display. For ages 3+. Soft rubber base. Real action game for kids.,draft
power-punch-arcade-game,,,,,,,,,,,,,,,,,,,,output_pending/TGS-POWER-PUNCH-ARCADE/2-angle2.jpg,2,Power Punch Arcade Game with punch meter and digital display for children.,,,,
power-punch-arcade-game,,,,,,,,,,,,,,,,,,,,output_pending/TGS-POWER-PUNCH-ARCADE/3-angle3.jpg,3,Power Punch Arcade Game with punch meter and digital display for children.,,,,
prince-princess-castle-tent,"Prince Princess Castle Play Tent – Hexagon, Indoor & Outdoor","<p>A hexagonal castle play tent for indoors or outdoors, labelled Prince Princess Castle Tent. It builds from numbered poles and connectors into a six-sided tent with net curtains, about 55 x 53 inches (D x H) according to the label, and packs into its own zipped carry bag. Available in blue or pink.</p><ul><li>Hexagonal castle tent with net curtains</li><li>About 55&quot; x 53&quot; (D x H), per the label</li><li>Poles and connectors included, with step-by-step instructions on the label</li><li>Indoor and outdoor play tent</li><li>Stores in a zipped carry bag</li></ul><p><strong>What's included:</strong></p><ul><li>Tent fabric with net curtains</li><li>Poles (3 lengths)</li><li>Connectors</li><li>Zipped carry bag</li></ul>",The Toy Gift Shop,,Outdoor Toys,"age:3-5, feature:new, occasion:birthday, occasion:eid, play:outdoor, play:pretend, sub:Play Tents",FALSE,Style,Blue,TGS-CASTLE-TENT-HEXAGON-BLUE,,shopify,2,deny,manual,6250.00,,TRUE,TRUE,output_pending/TGS-CASTLE-TENT-HEXAGON/1-front.jpg,1,Prince Princess hexagonal castle play tent label showing the blue and pink tents.,FALSE,Prince Princess Castle Play Tent in Pakistan | Toy Gift Shop,"A hexagonal castle play tent for indoors or outdoors, labelled Prince Princess Castle Tent.",draft
prince-princess-castle-tent,,,,,,,,Style,Pink,TGS-CASTLE-TENT-HEXAGON-PINK,,shopify,2,deny,manual,6250.00,,TRUE,TRUE,,,,,,,
prince-princess-castle-tent,,,,,,,,,,,,,,,,,,,,output_pending/TGS-CASTLE-TENT-HEXAGON/2-angle2.jpg,2,Prince Princess hexagonal castle play tent label showing the blue and pink tents.,,,,
prince-princess-castle-tent,,,,,,,,,,,,,,,,,,,,output_pending/TGS-CASTLE-TENT-HEXAGON/3-angle3.jpg,3,Prince Princess hexagonal castle play tent label showing the blue and pink tents.,,,,
puzzle-busy-board-house-educational-toy,Puzzle Busy Board House Educational Toy for Toddlers,"<p>This toy is a house-shaped activity board with multiple interactive elements. It is made of plastic and features colorful, removable parts. The board includes a light, a tissue pull, a switch, a refrigerator, a dishwasher, a drum washing machine, and a microwave oven. It is designed for children aged 18 months and older to develop fine motor skills, hand-eye coordination, and thinking.</p><ul><li>Made of plastic</li><li>House-shaped design</li><li>Includes 8 interactive parts</li><li>Intended for children 18 months and older</li><li>Educational activity toy</li></ul><p><strong>What's included:</strong></p><ul><li>Puzzle Busy Board House</li><li>Instruction Manual</li></ul>",The Toy Gift Shop,,Baby & Toddler Toys,"age:1-3, feature:new, occasion:birthday, occasion:eid, occasion:new-baby, play:learning, sub:Baby Activity Toys",FALSE,Title,Default Title,TGS-PUZZLE-BUSY-BOARD,,shopify,1,deny,manual,4850.00,,TRUE,TRUE,output_pending/TGS-PUZZLE-BUSY-BOARD/1-front.jpg,1,Puzzle Busy Board House educational toy with interactive parts for toddlers.,FALSE,Puzzle Busy Board House in Pakistan | Toy Gift Shop,"Educational toy for toddlers 18 months and older. House-shaped puzzle busy board with interactive parts including light, tissue pull, switch, refrigerator, dishwasher, drum washing machine, and microwave oven.",draft
puzzle-busy-board-house-educational-toy,,,,,,,,,,,,,,,,,,,,output_pending/TGS-PUZZLE-BUSY-BOARD/2-angle2.jpg,2,Puzzle Busy Board House educational toy with interactive parts for toddlers.,,,,
puzzle-busy-board-house-educational-toy,,,,,,,,,,,,,,,,,,,,output_pending/TGS-PUZZLE-BUSY-BOARD/3-angle3.jpg,3,Puzzle Busy Board House educational toy with interactive parts for toddlers.,,,,
rainbow-tower-unicorn-stacker-toy,Rainbow Tower Unicorn Stacker Toy,<p>A wooden stacking toy with a unicorn head. It has seven rings in rainbow colors that stack on a base. The rings are smooth and can be removed and placed back. It is for children aged 36+ months.</p><ul><li>Made of wood with painted rings</li><li>Seven rings in rainbow colors</li><li>Unicorn head with closed eyes</li><li>Rings can be stacked and removed</li><li>Intended for children 36+ months</li></ul><p><strong>What's included:</strong></p><ul><li>1 wooden unicorn tower with 7 rings</li></ul>,The Toy Gift Shop,,Baby & Toddler Toys,"age:1-3, feature:new, occasion:birthday, occasion:eid, occasion:new-baby, play:learning, sub:Baby Activity Toys",FALSE,Title,Default Title,TGS-RAINBOW-TOWER-UNICORN,,shopify,1,deny,manual,2350.00,,TRUE,TRUE,output_pending/TGS-RAINBOW-TOWER-UNICORN/1-front.jpg,1,Wooden rainbow unicorn tower stacking toy with seven colored rings.,FALSE,Rainbow Tower Unicorn Stacker in Pakistan | Toy Gift Shop,"Wooden unicorn stacking toy with 7 colorful rings for children 36+ months. Develops fine motor skills and color recognition. Safe, sturdy, and fun.",draft
rainbow-tower-unicorn-stacker-toy,,,,,,,,,,,,,,,,,,,,output_pending/TGS-RAINBOW-TOWER-UNICORN/2-angle2.jpg,2,Wooden rainbow unicorn tower stacking toy with seven colored rings.,,,,
rainbow-tower-unicorn-stacker-toy,,,,,,,,,,,,,,,,,,,,output_pending/TGS-RAINBOW-TOWER-UNICORN/3-angle3.jpg,3,Wooden rainbow unicorn tower stacking toy with seven colored rings.,,,,
rc-drift-racing-car,RC Drift Racing Car with 4WD and Neon LED Lights,<p>This remote-controlled drift racing car features 4WD for all-terrain performance. It includes a 2.4G RC controller and neon LED lights for visibility. The car has a blue and orange racing livery with sponsor decals. It is designed for indoor and outdoor play on smooth surfaces.</p><ul><li>Plastic body with racing decals</li><li>Includes 2.4G RC controller</li><li>4WD drivetrain for movement</li><li>Neon LED lights for illumination</li><li>For ages 8 and up</li></ul><p><strong>What's included:</strong></p><ul><li>RC Drift Racing Car</li><li>2.4G RC Controller</li><li>Neon LED Lights</li><li>Instruction Manual</li></ul>,The Toy Gift Shop,,RC & Remote Control Toys,"age:5-8, feature:new, gender:boys, occasion:birthday, occasion:eid, play:vehicles, sub:RC Vehicles",FALSE,Title,Default Title,TGS-RC-DRIFT-RACING,,shopify,5,deny,manual,12600.00,,TRUE,TRUE,output_pending/TGS-RC-DRIFT-RACING/1-front.jpg,1,"RC Drift Racing Car with neon LED lights and 4WD, shown with its controller and box.",FALSE,RC Drift Racing Car in Pakistan | Toy Gift Shop,RC Drift Racing Car with 4WD and Neon LED lights for ages 8+. Includes controller and lights. Perfect for indoor and outdoor play.,draft
rc-drift-racing-car,,,,,,,,,,,,,,,,,,,,output_pending/TGS-RC-DRIFT-RACING/2-angle2.jpg,2,"RC Drift Racing Car with neon LED lights and 4WD, shown with its controller and box.",,,,
red-race-car-toy-no-95,"Red Race Car Toy with Cartoon Face, No. 95","<p>A red race car toy with a cartoon face, big eyes on the windscreen, flame decals and the number 95 on the side.</p><ul><li>Red race car with a cartoon face</li><li>Flame decals and no. 95</li><li>Rear spoiler</li></ul><p><strong>What's included:</strong></p><ul><li>1 red race car</li></ul>",The Toy Gift Shop,,Cars & Vehicles,"age:3-5, feature:new, occasion:birthday, occasion:eid, play:vehicles, sub:Toy Cars",FALSE,Title,Default Title,TGS-RED-RACE-CAR,,shopify,9,deny,manual,1250.00,,TRUE,TRUE,output_pending/TGS-RED-RACE-CAR/1-front.jpg,1,Red race car toy with a cartoon face and the number 95.,FALSE,Red Race Car Toy in Pakistan | Toy Gift Shop,"A red race car toy with a cartoon face, big eyes on the windscreen, flame decals and the number 95 on the side.",draft
red-race-car-toy-no-95,,,,,,,,,,,,,,,,,,,,output_pending/TGS-RED-RACE-CAR/2-angle2.jpg,2,Red race car toy with a cartoon face and the number 95.,,,,
red-race-car-toy-no-95,,,,,,,,,,,,,,,,,,,,output_pending/TGS-RED-RACE-CAR/3-angle3.jpg,3,Red race car toy with a cartoon face and the number 95.,,,,
remote-control-swim-crocodile-toy,Remote Control Swim Crocodile Toy with Controller,<p>This remote control swim crocodile toy is designed to move through water. It is made of hard plastic and includes a 2.4GHz controller. The toy has a realistic crocodile design with an open mouth and textured skin. It is intended for children to play with in a pool or bathtub.</p><ul><li>Hard plastic body</li><li>Approximately 10 inches long</li><li>Remote control with directional buttons</li><li>Includes 2.4GHz controller</li><li>Intended for children aged 3 and up</li></ul><p><strong>What's included:</strong></p><ul><li>Remote control swim crocodile toy</li><li>2.4GHz controller</li><li>Instruction manual</li><li>Battery pack</li></ul>,The Toy Gift Shop,,RC & Remote Control Toys,"age:5-8, feature:new, occasion:birthday, occasion:eid, play:outdoor, sub:RC Vehicles",FALSE,Title,Default Title,TGS-SWIM-CROCODILE,,shopify,1,deny,manual,7000.00,,TRUE,TRUE,output_pending/TGS-SWIM-CROCODILE/1-front.jpg,1,Remote control swim crocodile toy with controller on white surface.,FALSE,Swim Crocodile in Pakistan | Toy Gift Shop,Remote control swim crocodile toy with controller. Made of hard plastic. For children aged 3 and up. Includes instructions and battery pack.,draft
remote-control-swim-crocodile-toy,,,,,,,,,,,,,,,,,,,,output_pending/TGS-SWIM-CROCODILE/2-angle2.jpg,2,Remote control swim crocodile toy with controller on white surface.,,,,
remote-control-swim-crocodile-toy,,,,,,,,,,,,,,,,,,,,output_pending/TGS-SWIM-CROCODILE/3-angle3.jpg,3,Remote control swim crocodile toy with controller on white surface.,,,,
roblox-figure-set,Roblox Figure Set with Accessories,"<p>A Roblox figure set: blocky Roblox characters with swap-on accessories, in a large box with a scene backdrop.</p><ul><li>Roblox character figures</li><li>Accessories for the figures</li><li>Box with a scene backdrop</li></ul><p><strong>What's included:</strong></p><ul><li>Roblox figures</li><li>Accessories</li></ul>",The Toy Gift Shop,,Action Figures & Characters,"age:3-5, feature:new, occasion:birthday, occasion:eid, play:pretend, sub:Action Figures",FALSE,Title,Default Title,TGS-ROBLOX-FIGURE-SET,,shopify,23,deny,manual,4950.00,,TRUE,TRUE,output_pending/TGS-ROBLOX-FIGURE-SET/1-front.jpg,1,Roblox figure set with accessories in front of its box.,FALSE,Roblox Figure Set in Pakistan | Toy Gift Shop,"A Roblox figure set: blocky Roblox characters with swap-on accessories, in a large box with a scene backdrop.",draft
roblox-figure-set,,,,,,,,,,,,,,,,,,,,output_pending/TGS-ROBLOX-FIGURE-SET/2-angle2.jpg,2,Roblox figure set with accessories in front of its box.,,,,
roblox-figure-set,,,,,,,,,,,,,,,,,,,,output_pending/TGS-ROBLOX-FIGURE-SET/3-angle3.jpg,3,Roblox figure set with accessories in front of its box.,,,,
shining-unicorn-makeup-case,Shining Unicorn Makeup Case with 46 Kinds of Toys,<p>A toy makeup case with a unicorn design. It opens to reveal compartments holding colorful toy makeup items. The case has a handle and a mirror inside. It includes small brushes and other accessories for pretend play.</p><ul><li>ALUMINUM FRAME</li><li>PINK GLITTER COVER</li><li>OPENING LID</li><li>INCLUDES 46 TOYS</li><li>TOY BRUSHES INCLUDED</li></ul><p><strong>What's included:</strong></p><ul><li>Makeup case with unicorn design</li><li>Mirror inside lid</li><li>46 toy makeup items</li><li>4 toy brushes with pink handles</li></ul>,The Toy Gift Shop,,Pretend Play & Role Play,"age:3-5, feature:new, gender:girls, occasion:birthday, occasion:eid, play:pretend, sub:Makeup Sets",FALSE,Title,Default Title,TGS-SHINING-UNICORN-MAKEUP,,shopify,1,deny,manual,5250.00,,TRUE,TRUE,output_pending/TGS-SHINING-UNICORN-MAKEUP/1-front.jpg,1,"A pink glitter unicorn makeup case with a handle, open to show toy makeup items and brushes inside.",FALSE,Shining Unicorn Makeup Case in Pakistan | Toy Gift Shop,"Shining Unicorn Makeup Case with 46 kinds of pretend play toys. Includes brushes, palette, and mirror. Perfect for kids ages 3+.",draft
shining-unicorn-makeup-case,,,,,,,,,,,,,,,,,,,,output_pending/TGS-SHINING-UNICORN-MAKEUP/2-angle2.jpg,2,"A pink glitter unicorn makeup case with a handle, open to show toy makeup items and brushes inside.",,,,
shining-unicorn-makeup-case,,,,,,,,,,,,,,,,,,,,output_pending/TGS-SHINING-UNICORN-MAKEUP/3-angle3.jpg,3,"A pink glitter unicorn makeup case with a handle, open to show toy makeup items and brushes inside.",,,,
shooting-elite-graffiti-gel-blaster,Shooting Elite Water Gun with Accessories,"<p>This water gun has a colorful comic-book design with a clear water reservoir. It shoots water bullets using a USB rechargeable battery. The gun includes a water tank, USB cable, and other accessories. It is designed for children to play with during outdoor or indoor water games.</p><ul><li>Colorful comic-book patterned plastic body</li><li>USB rechargeable battery for operation</li><li>Clear water reservoir with fill cap</li><li>Includes USB cable and water tank</li><li>Designed for children&#x27;s water play</li></ul><p><strong>What's included:</strong></p><ul><li>Water gun with comic-book pattern</li><li>Clear water reservoir</li><li>USB charging cable</li><li>Water tank</li><li>Accessories in plastic bag</li></ul>",The Toy Gift Shop,,Water & Beach Toys,"age:3-5, feature:new, occasion:birthday, occasion:eid, play:outdoor, sub:Water Play",FALSE,Title,Default Title,TGS-SHOOT-ELITE-GRAFFITI,,shopify,1,deny,manual,5400.00,,TRUE,TRUE,output_pending/TGS-SHOOT-ELITE-GRAFFITI/1-front.jpg,1,Colorful comic-book patterned water gun with USB cable and accessories on white foam background.,FALSE,Shooting Elite Water Gun with Accessories in Pakistan | Toy Gift Shop,"Shooting Elite Water Gun with USB rechargeable battery, clear water reservoir, and comic-book design. Includes accessories for children's water play.",draft
shooting-elite-graffiti-gel-blaster,,,,,,,,,,,,,,,,,,,,output_pending/TGS-SHOOT-ELITE-GRAFFITI/2-angle2.jpg,2,Colorful comic-book patterned water gun with USB cable and accessories on white foam background.,,,,
shooting-elite-graffiti-gel-blaster,,,,,,,,,,,,,,,,,,,,output_pending/TGS-SHOOT-ELITE-GRAFFITI/3-angle3.jpg,3,Colorful comic-book patterned water gun with USB cable and accessories on white foam background.,,,,
sonic-4-figure-set-of-6,Sonic Figure Set of 6,"<p>A set of six Sonic figures from the Sonic 4 box, including Sonic, Tails, Knuckles and Shadow, each on red shoes and packed in a window box.</p><ul><li>6 Sonic figures</li><li>Includes Sonic, Tails, Knuckles and Shadow</li><li>Window display box</li><li>Ages 3+</li></ul><p><strong>What's included:</strong></p><ul><li>6 figures</li></ul>",The Toy Gift Shop,,Action Figures & Characters,"age:3-5, feature:new, occasion:birthday, occasion:eid, play:pretend, sub:Action Figures",FALSE,Title,Default Title,TGS-SONIC-FIGURES-6,,shopify,3,deny,manual,2800.00,,TRUE,TRUE,output_pending/TGS-SONIC-FIGURES-6/1-front.jpg,1,Six Sonic figures in their window box.,FALSE,Sonic Figure Set of 6 in Pakistan | Toy Gift Shop,"A set of six Sonic figures from the Sonic 4 box, including Sonic, Tails, Knuckles and Shadow, each on red shoes and packed in a window box.",draft
sonic-4-figure-set-of-6,,,,,,,,,,,,,,,,,,,,output_pending/TGS-SONIC-FIGURES-6/2-angle2.jpg,2,Six Sonic figures in their window box.,,,,
sonic-4-figure-set-of-6,,,,,,,,,,,,,,,,,,,,output_pending/TGS-SONIC-FIGURES-6/3-angle3.jpg,3,Six Sonic figures in their window box.,,,,
space-journey-bubble-machine,Space Journey Bubble Machine with Adjustable Speed,<p>This toy bubble machine is light blue with space-themed decals. It produces bubbles and has a third gear for adjustable speed. It requires six AA batteries to operate. The device has a bottle cap for bubble solution and a battery compartment cover.</p><ul><li>Light blue plastic body</li><li>Three speed settings (adjustable)</li><li>Includes bubble solution bottle cap</li><li>Requires 6 AA batteries</li><li>For children aged 3+</li></ul><p><strong>What's included:</strong></p><ul><li>Bubble machine</li><li>Bubble solution bottle cap</li><li>Battery compartment cover</li><li>Instructions</li></ul>,The Toy Gift Shop,,Outdoor Toys,"age:3-5, feature:new, occasion:birthday, occasion:eid, play:outdoor, sub:Bubble Toys",FALSE,Title,Default Title,TGS-SPACE-JOURNEY-BUBBLE,,shopify,1,deny,manual,2850.00,,TRUE,TRUE,output_pending/TGS-SPACE-JOURNEY-BUBBLE/1-front.jpg,1,Light blue space-themed bubble machine with adjustable speed settings.,FALSE,Space Journey Bubble Machine in Pakistan | Toy Gift Shop,Space Journey Bubble Machine with adjustable speed settings. Requires 6 AA batteries. For ages 3+. Includes bubble solution cap and instructions.,draft
space-journey-bubble-machine,,,,,,,,,,,,,,,,,,,,output_pending/TGS-SPACE-JOURNEY-BUBBLE/2-angle2.jpg,2,Light blue space-themed bubble machine with adjustable speed settings.,,,,
space-journey-bubble-machine,,,,,,,,,,,,,,,,,,,,output_pending/TGS-SPACE-JOURNEY-BUBBLE/3-angle3.jpg,3,Light blue space-themed bubble machine with adjustable speed settings.,,,,
stem-chemistry-experiment-set,STEM Chemistry Experiment Set with 14 Experiments,"<p>This STEM Chemistry Experiment Set includes 14 different experiments using colorful liquid, test tubes, and a black volcano mold. The kit contains small bottles of pigment, baking soda, and other materials for safe, hands-on science activities. It is designed for children aged 8 and up to explore basic chemical reactions.</p><ul><li>Includes 4 clear test tubes with a green plastic holder</li><li>Contains 3 small bottles of colored pigment (blue, red, yellow)</li><li>Includes a black plastic volcano mold and a white plastic spoon</li><li>Features a white plastic measuring cup and clear plastic containers</li><li>Designed for children aged 8 and up</li></ul><p><strong>What's included:</strong></p><ul><li>4 test tubes with a green plastic holder</li><li>3 small pigment bottles (blue, red, yellow)</li><li>1 black plastic volcano mold</li><li>1 white plastic spoon</li><li>1 white plastic measuring cup</li><li>Clear plastic containers</li><li>Baking soda (in a bag)</li><li>Instruction booklet (not visible)</li></ul>",The Toy Gift Shop,,STEM & Science Toys,"age:8+, feature:new, occasion:birthday, occasion:eid, play:build, play:learning, sub:STEM Kits",FALSE,Title,Default Title,TGS-STEM-CHEM-EXPERMNT,,shopify,1,deny,manual,3250.00,,TRUE,TRUE,output_pending/TGS-STEM-CHEM-EXPERMNT/1-front.jpg,1,"STEM Chemistry Experiment Set with test tubes, colored pigment bottles, and a black volcano mold on a white surface.",FALSE,STEM Chemistry Experiment Set in Pakistan | Toy Gift Shop,"STEM Chemistry Experiment Set with 14 experiments. Includes test tubes, pigment, volcano mold, and baking soda for safe, hands-on science fun for ages 8+.",draft
stem-chemistry-experiment-set,,,,,,,,,,,,,,,,,,,,output_pending/TGS-STEM-CHEM-EXPERMNT/2-angle2.jpg,2,"STEM Chemistry Experiment Set with test tubes, colored pigment bottles, and a black volcano mold on a white surface.",,,,
stem-chemistry-experiment-set,,,,,,,,,,,,,,,,,,,,output_pending/TGS-STEM-CHEM-EXPERMNT/3-angle3.jpg,3,"STEM Chemistry Experiment Set with test tubes, colored pigment bottles, and a black volcano mold on a white surface.",,,,
stitch-rc-bumper-car,"Stitch RC Bumper Car with Collision Ejection, 2.4GHz","<p>A remote-control bumper car set featuring Stitch and Angel figures riding molded bumper cars. Each car has a 2.4GHz remote and collision-ejection action, with lighting, music and spray effects. Two cars and two remotes are included, one pink (Angel) and one blue (Stitch).</p><ul><li>2.4GHz remote control, one car per remote</li><li>Collision ejection action on impact</li><li>Cool lighting and dynamic music effects</li><li>Spray effect and crash resistance</li><li>Includes 2 bumper cars and 2 remotes</li></ul><p><strong>What's included:</strong></p><ul><li>1 blue bumper car with figure</li><li>1 pink bumper car with figure</li><li>2 remote controls</li></ul>",The Toy Gift Shop,,RC & Remote Control Toys,"age:5-8, feature:new, occasion:birthday, occasion:eid, play:vehicles, sub:RC Vehicles",FALSE,Title,Default Title,TGS-STITCH-BUMPER-CAR,,shopify,3,deny,manual,9850.00,,TRUE,TRUE,output_pending/TGS-STITCH-BUMPER-CAR/1-front.jpg,1,"Stitch and Angel RC bumper cars with two remote controls, blue and pink.",FALSE,Stitch RC Bumper Car in Pakistan | Toy Gift Shop,"Stitch RC Bumper Car set with 2.4GHz remotes, collision ejection, lights and music. Includes 2 cars and 2 remotes.",draft
stitch-rc-bumper-car,,,,,,,,,,,,,,,,,,,,output_pending/TGS-STITCH-BUMPER-CAR/2-angle2.jpg,2,"Stitch and Angel RC bumper cars with two remote controls, blue and pink.",,,,
stitch-rc-bumper-car,,,,,,,,,,,,,,,,,,,,output_pending/TGS-STITCH-BUMPER-CAR/3-angle3.jpg,3,"Stitch and Angel RC bumper cars with two remote controls, blue and pink.",,,,
taboo-card-game-french,Taboo Card Game (French Edition),"<p>Taboo, the fast-talking, forbidden-words party card game (French-language edition). Get your team to guess the word on the card without saying any of the taboo words listed. For ages 16 and up.</p><ul><li>Fast-talking party card game</li><li>Guess the word without saying taboo words</li><li>French-language edition</li><li>For ages 16 and up</li></ul><p><strong>What's included:</strong></p><ul><li>Deck of Taboo cards</li><li>Timer</li><li>Instructions</li></ul>",The Toy Gift Shop,,Board Games,"age:5-8, feature:new, occasion:birthday, occasion:eid, occasion:ramadan, play:games, sub:Family Board Games",FALSE,Title,Default Title,TGS-TABOO,,shopify,3,deny,manual,3000.00,,TRUE,TRUE,output_pending/TGS-TABOO/1-front.jpg,1,"Taboo card game box, French edition.",FALSE,Taboo Card Game in Pakistan | Toy Gift Shop,"Taboo fast-talking party card game, French edition. Ages 16+.",draft
taboo-card-game-french,,,,,,,,,,,,,,,,,,,,output_pending/TGS-TABOO/2-angle2.jpg,2,"Taboo card game box, French edition.",,,,
taboo-card-game-french,,,,,,,,,,,,,,,,,,,,output_pending/TGS-TABOO/3-angle3.jpg,3,"Taboo card game box, French edition.",,,,
tambola-housie-deluxe,"Tambola Housie Deluxe Edition, 300 Tickets","<p>Tambola Housie Deluxe Edition, the classic number-calling bingo-style family game. Includes a checking board, 90 permanent plastic numbers, 6 pencil colours and 300 perforated tickets. For family entertainment.</p><ul><li>1 checking board</li><li>90 permanent plastic numbers</li><li>6 different pencil colours</li><li>300 perforated tickets</li><li>1 rule sheet included</li></ul><p><strong>What's included:</strong></p><ul><li>1 checking board</li><li>90 permanent plastic numbers</li><li>6 different pencil colours</li><li>300 perforated tickets</li><li>1 rule sheet</li></ul>",The Toy Gift Shop,,Board Games,"age:5-8, feature:new, occasion:birthday, occasion:eid, occasion:ramadan, play:games, sub:Family Board Games",FALSE,Title,Default Title,TGS-TAMBOLA-HOUSIE,,shopify,3,deny,manual,2850.00,,TRUE,TRUE,output_pending/TGS-TAMBOLA-HOUSIE/1-front.jpg,1,Tambola Housie Deluxe Edition box.,FALSE,Tambola Housie Deluxe Edition in Pakistan | Toy Gift Shop,"Tambola Housie Deluxe Edition with 300 tickets, checking board and plastic numbers. Family fun.",draft
tambola-housie-deluxe,,,,,,,,,,,,,,,,,,,,output_pending/TGS-TAMBOLA-HOUSIE/2-angle2.jpg,2,Tambola Housie Deluxe Edition box.,,,,
tiger-bubble-machine,Tiger Bubble Machine with 10-Hole Bubble Blower,"<p>This toy is a tiger-shaped bubble machine designed for outdoor play. It has a yellow and black striped body with a bubble blower on its head. To use, press the switch on its back to launch bubbles. It comes with a small bottle of bubble solution. The toy is made of plastic and is intended for children.</p><ul><li>Plastic body with tiger design</li><li>10-hole bubble blower on head</li><li>Press switch to launch bubbles</li><li>Includes small bubble solution bottle</li><li>For children&#x27;s outdoor play</li></ul><p><strong>What's included:</strong></p><ul><li>Tiger bubble machine</li><li>Small bottle of bubble solution</li></ul>",The Toy Gift Shop,,Outdoor Toys,"age:3-5, feature:new, occasion:birthday, occasion:eid, play:outdoor, sub:Bubble Toys",FALSE,Title,Default Title,TGS-TIGER-BUBBLE,,shopify,1,deny,manual,1950.00,,TRUE,TRUE,output_pending/TGS-TIGER-BUBBLE/1-front.jpg,1,Tiger bubble machine with 10-hole bubble blower and bubble solution bottle.,FALSE,Tiger Bubble Machine in Pakistan | Toy Gift Shop,Tiger Bubble Machine with 10-hole bubble blower for outdoor play. Includes bubble solution. Made of plastic for children's fun.,draft
tiger-bubble-machine,,,,,,,,,,,,,,,,,,,,output_pending/TGS-TIGER-BUBBLE/2-angle2.jpg,2,Tiger bubble machine with 10-hole bubble blower and bubble solution bottle.,,,,
tiger-bubble-machine,,,,,,,,,,,,,,,,,,,,output_pending/TGS-TIGER-BUBBLE/3-angle3.jpg,3,Tiger bubble machine with 10-hole bubble blower and bubble solution bottle.,,,,
toy-electric-kettle,Toy Electric Kettle with Lights and Sounds,"<p>This toy electric kettle is designed for pretend play. It has a colorful plastic body with a handle, spout, and a transparent water level window. The toy includes a start button, a light show, and sound effects. It is intended for children to simulate boiling water and making tea or coffee.</p><ul><li>Plastic construction</li><li>Two-color flashing light</li><li>Sound effects</li><li>Open lid to add water</li><li>For pretend play</li></ul><p><strong>What's included:</strong></p><ul><li>Toy electric kettle (orange or blue)</li><li>Instructional packaging</li></ul>",The Toy Gift Shop,,Pretend Play & Role Play,"age:3-5, feature:new, occasion:birthday, occasion:eid, play:pretend, sub:Mini Appliances",FALSE,Title,Default Title,TGS-ELEC-KETTLE,,shopify,1,deny,manual,2200.00,,TRUE,TRUE,output_pending/TGS-ELEC-KETTLE/1-front.jpg,1,A colorful toy electric kettle with flashing lights and sound effects for pretend play.,FALSE,Toy Electric Kettle in Pakistan | Toy Gift Shop,A colorful toy electric kettle with flashing lights and sound effects for pretend play. Ages 3+. Comes in orange or blue.,draft
toy-electric-kettle,,,,,,,,,,,,,,,,,,,,output_pending/TGS-ELEC-KETTLE/2-angle2.jpg,2,A colorful toy electric kettle with flashing lights and sound effects for pretend play.,,,,
toy-electric-kettle,,,,,,,,,,,,,,,,,,,,output_pending/TGS-ELEC-KETTLE/3-angle3.jpg,3,A colorful toy electric kettle with flashing lights and sound effects for pretend play.,,,,
toy-story-4-buzz-lightyear-and-forky,Toy Story 4 Buzz Lightyear & Forky Figures,"<p>Two Toy Story 4 figures: Buzz Lightyear in his white and green space suit with a clear helmet, and Forky with his pipe-cleaner arms.</p><ul><li>Buzz Lightyear figure with clear helmet</li><li>Forky figure with pipe-cleaner arms</li><li>Toy Story 4 box</li><li>Ages 3+</li></ul><p><strong>What's included:</strong></p><ul><li>1 Buzz Lightyear figure</li><li>1 Forky figure</li></ul>",The Toy Gift Shop,,Action Figures & Characters,"age:3-5, feature:new, occasion:birthday, occasion:eid, play:pretend, sub:Action Figures",FALSE,Title,Default Title,TGS-BUZZ-FORKY,,shopify,1,deny,manual,5500.00,,TRUE,TRUE,output_pending/TGS-BUZZ-FORKY/1-front.jpg,1,Toy Story 4 Buzz Lightyear and Forky figures with their box.,FALSE,Toy Story 4 Buzz Lightyear & Forky in Pakistan | Toy Gift Shop,"Two Toy Story 4 figures: Buzz Lightyear in his white and green space suit with a clear helmet, and Forky with his pipe-cleaner arms.",draft
toy-story-4-buzz-lightyear-and-forky,,,,,,,,,,,,,,,,,,,,output_pending/TGS-BUZZ-FORKY/2-angle2.jpg,2,Toy Story 4 Buzz Lightyear and Forky figures with their box.,,,,
toy-story-4-buzz-lightyear-and-forky,,,,,,,,,,,,,,,,,,,,output_pending/TGS-BUZZ-FORKY/3-angle3.jpg,3,Toy Story 4 Buzz Lightyear and Forky figures with their box.,,,,
transparent-gear-vehicle-excavator-set,Transparent Gear Vehicle Excavator & Bulldozer Set,<p>This toy set includes a transparent excavator and a transparent bulldozer. Both vehicles have large wheels and visible internal gears. The vehicles are made of plastic and are designed to be pushed and moved. They are for children aged 3 and up.</p><ul><li>Plastic construction</li><li>Large wheels for movement</li><li>Visible internal gears</li><li>Includes excavator and bulldozer</li><li>Intended for children 3+</li></ul><p><strong>What's included:</strong></p><ul><li>Transparent excavator vehicle</li><li>Transparent bulldozer vehicle</li><li>Instruction manual</li></ul>,The Toy Gift Shop,,Cars & Vehicles,"age:3-5, feature:new, occasion:birthday, occasion:eid, play:vehicles, sub:Die-Cast Cars",FALSE,Title,Default Title,TGS-GEAR-VEHICLE-CLEAR,,shopify,1,deny,manual,2500.00,,TRUE,TRUE,output_pending/TGS-GEAR-VEHICLE-CLEAR/1-front.jpg,1,"Transparent gear vehicle excavator and bulldozer set in packaging, designed for children 3+.",FALSE,Gear Vehicle Transparent Tractor in Pakistan | Toy Gift Shop,Transparent gear vehicle excavator and bulldozer set for ages 3+. Includes 2 vehicles with visible internal gears and large wheels for pushing and moving. Made of plastic.,draft
transparent-gear-vehicle-excavator-set,,,,,,,,,,,,,,,,,,,,output_pending/TGS-GEAR-VEHICLE-CLEAR/2-angle2.jpg,2,"Transparent gear vehicle excavator and bulldozer set in packaging, designed for children 3+.",,,,
transparent-gear-vehicle-excavator-set,,,,,,,,,,,,,,,,,,,,output_pending/TGS-GEAR-VEHICLE-CLEAR/3-angle3.jpg,3,"Transparent gear vehicle excavator and bulldozer set in packaging, designed for children 3+.",,,,
unicorn-princess-makeup-case-2in1,Unicorn Princess 2-in-1 Beauty Make Up Case,"<p>A glitter makeup case with a &#x27;Princess Unicorn&#x27; design, combining a toy makeup set and jewellery box in one carry case with a handle. It opens to reveal a mirror, brushes and a colourful toy makeup and nail palette. Available in pink and purple glitter -- same case line as the Mermaid version, different character artwork. For ages 3 and up.</p><ul><li>2-in-1 makeup and jewellery case</li><li>Glitter exterior with Princess Unicorn design</li><li>Mirror and toy brushes included</li><li>Toy nail polish and lip gloss pieces</li><li>For ages 3 and up</li></ul><p><strong>What's included:</strong></p><ul><li>Makeup case with Princess Unicorn design</li><li>Mirror inside lid</li><li>2 toy brushes</li><li>3 toy nail polish/star pieces</li><li>1 eyeshadow palette</li><li>Toe separators</li><li>3 lip gloss pieces</li></ul>",The Toy Gift Shop,,Pretend Play & Role Play,"age:3-5, feature:new, gender:girls, occasion:birthday, occasion:eid, play:pretend, sub:Makeup Sets",FALSE,Title,Default Title,TGS-UNICORN-PRINCESS-MAKEUP,,shopify,3,deny,manual,3250.00,,TRUE,TRUE,output_pending/TGS-UNICORN-PRINCESS-MAKEUP/1-front.jpg,1,"Glitter Princess Unicorn makeup case, pink and purple, open to show toy makeup and brushes.",FALSE,Unicorn Princess 2-in-1 Beauty Makeup Case in Pakistan | Toy Gift Shop,Unicorn Princess 2-in-1 beauty makeup and jewellery case with mirror and brushes. Pink or purple glitter. Ages 3+.,draft
unicorn-princess-makeup-case-2in1,,,,,,,,,,,,,,,,,,,,output_pending/TGS-UNICORN-PRINCESS-MAKEUP/2-angle2.jpg,2,"Glitter Princess Unicorn makeup case, pink and purple, open to show toy makeup and brushes.",,,,
uno-attack-card-shooter-game,UNO Attack! Electronic Card Shooter Game,"<p>UNO Attack! is an electronic, random, rapid-fire card shooter edition of UNO. Press the button and the shooter randomly launches 1 to 5 cards into your hand. Includes special command cards. For ages 7 and up.</p><ul><li>Electronic random rapid-fire card shooter</li><li>Launches 1 to 5 cards per press</li><li>Includes special command cards</li><li>For ages 7 and up</li></ul><p><strong>What's included:</strong></p><ul><li>1 electronic card shooter</li><li>Deck of UNO Attack cards</li><li>Instructions</li></ul>",UNO,,Board Games,"age:5-8, feature:new, occasion:birthday, occasion:eid, occasion:ramadan, play:games, sub:Family Board Games",FALSE,Title,Default Title,TGS-UNO-ATTACK,,shopify,3,deny,manual,5550.00,,TRUE,TRUE,output_pending/TGS-UNO-ATTACK/1-front.jpg,1,UNO Attack electronic card shooter with cards launching out.,FALSE,UNO Attack Card Shooter Game in Pakistan | Toy Gift Shop,UNO Attack! electronic random card shooter game. Fast family fun. Ages 7+.,draft
uno-attack-card-shooter-game,,,,,,,,,,,,,,,,,,,,output_pending/TGS-UNO-ATTACK/2-angle2.jpg,2,UNO Attack electronic card shooter with cards launching out.,,,,
uno-attack-card-shooter-game,,,,,,,,,,,,,,,,,,,,output_pending/TGS-UNO-ATTACK/3-angle3.jpg,3,UNO Attack electronic card shooter with cards launching out.,,,,
uno-classic-card-game,UNO Classic Card Game,"<p>The original UNO card game. Match colours and numbers, play action cards like Skip, Reverse and Draw Two, and be the first to empty your hand. For ages 7 and up.</p><ul><li>Classic UNO matching gameplay</li><li>Action cards: Skip, Reverse, Draw Two</li><li>For 2 to 10 players</li><li>For ages 7 and up</li></ul><p><strong>What's included:</strong></p><ul><li>1 deck of UNO cards</li><li>Instructions</li></ul>",UNO,,Board Games,"age:5-8, feature:new, occasion:birthday, occasion:eid, occasion:ramadan, play:games, sub:Family Board Games",FALSE,Title,Default Title,TGS-UNO-CLASSIC,,shopify,1,deny,manual,1100.00,,TRUE,TRUE,output_pending/TGS-UNO-CLASSIC/1-front.jpg,1,UNO Classic card game boxes and decks.,FALSE,UNO Classic Card Game in Pakistan | Toy Gift Shop,"UNO Classic card game -- match colours and numbers, play action cards. Ages 7+.",draft
uno-classic-card-game,,,,,,,,,,,,,,,,,,,,output_pending/TGS-UNO-CLASSIC/2-angle2.jpg,2,UNO Classic card game boxes and decks.,,,,
uno-classic-card-game,,,,,,,,,,,,,,,,,,,,output_pending/TGS-UNO-CLASSIC/3-angle3.jpg,3,UNO Classic card game boxes and decks.,,,,
uno-show-em-no-mercy,UNO Show 'Em No Mercy Card Game,"<p>UNO Show &#x27;Em No Mercy is a brutal, ruthless, unforgiving edition of UNO with harsher action cards and new twists on the classic matching gameplay. For ages 7 and up.</p><ul><li>Brutal twist on classic UNO gameplay</li><li>New and harsher action cards</li><li>Match colours and numbers to win</li><li>For ages 7 and up</li></ul><p><strong>What's included:</strong></p><ul><li>1 deck of UNO Show &#x27;Em No Mercy cards</li><li>Instructions</li></ul>",UNO,,Board Games,"age:5-8, feature:new, occasion:birthday, occasion:eid, occasion:ramadan, occasion:return-gift, play:games, sub:Family Board Games",FALSE,Title,Default Title,TGS-UNO-NO-MERCY,,shopify,1,deny,manual,890.00,,TRUE,TRUE,output_pending/TGS-UNO-NO-MERCY/1-front.jpg,1,UNO Show 'Em No Mercy card game box.,FALSE,UNO Show 'Em No Mercy Card Game in Pakistan | Toy Gift Shop,"UNO Show 'Em No Mercy -- a brutal, ruthless, unforgiving edition of UNO. Ages 7+.",draft
uno-show-em-no-mercy,,,,,,,,,,,,,,,,,,,,output_pending/TGS-UNO-NO-MERCY/2-angle2.jpg,2,UNO Show 'Em No Mercy card game box.,,,,
uno-show-em-no-mercy,,,,,,,,,,,,,,,,,,,,output_pending/TGS-UNO-NO-MERCY/3-angle3.jpg,3,UNO Show 'Em No Mercy card game box.,,,,
uno-travel-case-2-deck,UNO 2-Deck Travel Case Card Game,<p>Two UNO card decks (red and blue) housed in a hard plastic travel case for easy carrying. Classic UNO matching and action-card gameplay. For ages 7 and up.</p><ul><li>2 UNO card decks in a hard travel case</li><li>Red and blue deck colours</li><li>Classic UNO matching gameplay</li><li>For ages 7 and up</li></ul><p><strong>What's included:</strong></p><ul><li>1 red UNO deck</li><li>1 blue UNO deck</li><li>1 hard plastic travel case</li></ul>,UNO,,Board Games,"age:5-8, feature:new, occasion:birthday, occasion:eid, occasion:ramadan, play:games, sub:Family Board Games",FALSE,Title,Default Title,TGS-UNO-TRAVEL-CASE,,shopify,2,deny,manual,1500.00,,TRUE,TRUE,output_pending/TGS-UNO-TRAVEL-CASE/1-front.jpg,1,UNO 2-deck travel case with red and blue card decks.,FALSE,UNO 2-Deck Travel Case Card Game in Pakistan | Toy Gift Shop,"UNO 2-deck travel case card game, red and blue decks in a hard case. Ages 7+.",draft
uno-travel-case-2-deck,,,,,,,,,,,,,,,,,,,,output_pending/TGS-UNO-TRAVEL-CASE/2-angle2.jpg,2,UNO 2-deck travel case with red and blue card decks.,,,,
uno-travel-case-2-deck,,,,,,,,,,,,,,,,,,,,output_pending/TGS-UNO-TRAVEL-CASE/3-angle3.jpg,3,UNO 2-deck travel case with red and blue card decks.,,,,
venom-action-figure,Venom Action Figure – Multi-Joint,"<p>A black Venom action figure with multi-joint mobility, from the Super Power Hero range. The box says it can be posed and styled casually.</p><ul><li>Venom figure with multi-joint mobility</li><li>Poseable arms and legs</li><li>Super Power Hero range</li><li>Ages 3+</li></ul><p><strong>What's included:</strong></p><ul><li>1 Venom figure</li></ul>",The Toy Gift Shop,,Action Figures & Characters,"age:3-5, feature:new, gender:boys, occasion:birthday, occasion:eid, play:pretend, sub:Action Figures",FALSE,Title,Default Title,TGS-VENOM-FIGURE,,shopify,1,deny,manual,5250.00,,TRUE,TRUE,output_pending/TGS-VENOM-FIGURE/1-front.jpg,1,Black Venom action figure standing in front of its box.,FALSE,Venom Action Figure in Pakistan | Toy Gift Shop,"A black Venom action figure with multi-joint mobility, from the Super Power Hero range.",draft
venom-action-figure,,,,,,,,,,,,,,,,,,,,output_pending/TGS-VENOM-FIGURE/2-angle2.jpg,2,Black Venom action figure standing in front of its box.,,,,
venom-action-figure,,,,,,,,,,,,,,,,,,,,output_pending/TGS-VENOM-FIGURE/3-angle3.jpg,3,Black Venom action figure standing in front of its box.,,,,
water-canvas-magic-drawing-mat,Magical Water Canvas Reusable Doodle Mat with Pen,"<p>A reusable doodle mat that reveals colour when filled with water using the included pen. Draw on the mat and the pattern disappears as it dries, so it can be used again and again. The pen only works on the mat. Sold in assorted designs (ocean/animal theme mat with pen, and a folded alphabet-border mat). For ages 3 and up.</p><ul><li>Fill the doodle pen with water to write on the mat</li><li>Pattern fades and the mat can be reused</li><li>Pen only works on the doodle mat</li><li>Supports colour recognition and creativity</li><li>For ages 3 and up</li></ul><p><strong>What's included:</strong></p><ul><li>1 doodle mat</li><li>1 water pen</li></ul>",The Toy Gift Shop,,"Arts, Crafts & Creative Toys","age:3-5, feature:new, occasion:birthday, occasion:eid, play:arts_crafts, sub:Drawing & Colouring",FALSE,Title,Default Title,TGS-WATER-CANVAS,,shopify,1,deny,manual,2750.00,,TRUE,TRUE,output_pending/TGS-WATER-CANVAS/1-front.jpg,1,"Water Canvas doodle mat with a water pen, showing a colourful revealed drawing.",FALSE,Magic Water Canvas Doodle Mat in Pakistan | Toy Gift Shop,"Magical Water Canvas reusable doodle mat with water pen. Mess-free, reusable drawing for ages 3+.",draft
water-canvas-magic-drawing-mat,,,,,,,,,,,,,,,,,,,,output_pending/TGS-WATER-CANVAS/2-angle2.jpg,2,"Water Canvas doodle mat with a water pen, showing a colourful revealed drawing.",,,,
water-canvas-magic-drawing-mat,,,,,,,,,,,,,,,,,,,,output_pending/TGS-WATER-CANVAS/3-angle3.jpg,3,"Water Canvas doodle mat with a water pen, showing a colourful revealed drawing.",,,,
wooden-busy-board,Wooden Busy Board with Blue Strap for Babies 36m+,"<p>This wooden busy board is designed for babies 36 months and older. It features a yellow and black striped panel, multiple interactive elements including buttons and knobs, and a blue strap for hanging. The board is made of wood and is intended for sensory and motor skill development.</p><ul><li>Made of wood</li><li>Features interactive elements</li><li>Includes a blue strap</li><li>Intended for babies 36m+</li><li>Has multiple moving parts</li></ul><p><strong>What's included:</strong></p><ul><li>Wooden busy board</li><li>Blue strap</li></ul>",The Toy Gift Shop,,Baby & Toddler Toys,"age:1-3, feature:new, occasion:birthday, occasion:eid, occasion:new-baby, play:learning, sub:Baby Activity Toys",FALSE,Title,Default Title,TGS-WD-BUSY-BOARD,,shopify,1,deny,manual,2250.00,,TRUE,TRUE,output_pending/TGS-WD-BUSY-BOARD/1-front.jpg,1,Wooden busy board with yellow and black striped panel and blue strap for babies 36 months and older.,FALSE,Wooden Busy Board in Pakistan | Toy Gift Shop,"Wooden busy board for babies 36 months and older with interactive buttons, knobs, and a blue strap for sensory and motor skill development.",draft
wooden-busy-board,,,,,,,,,,,,,,,,,,,,output_pending/TGS-WD-BUSY-BOARD/2-angle2.jpg,2,Wooden busy board with yellow and black striped panel and blue strap for babies 36 months and older.,,,,
wooden-busy-board,,,,,,,,,,,,,,,,,,,,output_pending/TGS-WD-BUSY-BOARD/3-angle3.jpg,3,Wooden busy board with yellow and black striped panel and blue strap for babies 36 months and older.,,,,
wooden-clock-learning-toy,Wooden Clock Learning Toy with Removable Hands and Number Discs,<p>This wooden clock learning toy features a circular base with numbered discs that can be removed and repositioned. It has two blue hands that can be moved to show different times. The toy is made of wood and is designed for children to learn about time and spatial relationships. It includes a warning label for choking hazard.</p><ul><li>Made of wood</li><li>Includes removable number discs</li><li>Two blue hands for time setting</li><li>Intended for children aged 36+ months</li><li>Comes with instruction manual</li></ul><p><strong>What's included:</strong></p><ul><li>Wooden clock base</li><li>Removable number discs</li><li>Two blue hands</li><li>Instruction manual</li></ul>,The Toy Gift Shop,,Educational Toys,"age:3-5, feature:new, occasion:birthday, occasion:eid, play:learning, sub:Learning Toys",FALSE,Title,Default Title,TGS-WD-CLOCK-LEARNING,,shopify,1,deny,manual,1850.00,,TRUE,TRUE,output_pending/TGS-WD-CLOCK-LEARNING/1-front.jpg,1,"A wooden clock learning toy with removable number discs and blue hands, shown with its packaging.",FALSE,Wooden Clock Learning Toy in Pakistan | Toy Gift Shop,Educational wooden clock toy with removable hands and number discs for learning time and spatial skills. Ages 36+ months. Made of wood.,draft
wooden-clock-learning-toy,,,,,,,,,,,,,,,,,,,,output_pending/TGS-WD-CLOCK-LEARNING/2-angle2.jpg,2,"A wooden clock learning toy with removable number discs and blue hands, shown with its packaging.",,,,
wooden-clock-learning-toy,,,,,,,,,,,,,,,,,,,,output_pending/TGS-WD-CLOCK-LEARNING/3-angle3.jpg,3,"A wooden clock learning toy with removable number discs and blue hands, shown with its packaging.",,,,
xinlejia-fishing-game,Electric Fishing Game with 30+ Fish Figures and Fishing Rod,"<p>This electric fishing game features a circular board with 30+ fish figures that can be caught using a fishing rod. The game includes a fishing rod, a base with a fish-catching mechanism, and a power source. It is designed for children aged 3 and up. The board is made of plastic and has colorful fish figures.</p><ul><li>Plastic board with 30+ fish figures</li><li>Includes fishing rod and power source</li><li>Fish figures are removable and colorful</li><li>Designed for children aged 3 and up</li><li>Electric mechanism to catch fish</li></ul><p><strong>What's included:</strong></p><ul><li>Circular plastic game board with 30+ fish figures</li><li>Fishing rod</li><li>Power source</li><li>Instruction manual</li></ul>",The Toy Gift Shop,,Robots & Electronic Toys,"age:3-5, feature:new, occasion:birthday, occasion:eid, play:games, sub:Arcade Games",FALSE,Title,Default Title,TGS-XINLEJIA-FISHING-GAME,,shopify,1,deny,manual,4950.00,,TRUE,TRUE,output_pending/TGS-XINLEJIA-FISHING-GAME/1-front.jpg,1,Electric fishing game with 30+ fish figures and fishing rod for children aged 3 and up.,FALSE,Electric Fishing Game in Pakistan | Toy Gift Shop,"Electric fishing game for children 3+ with 30+ fish figures, fishing rod, and power source. Plastic construction, electric mechanism, and fun underwater adventure.",draft
xinlejia-fishing-game,,,,,,,,,,,,,,,,,,,,output_pending/TGS-XINLEJIA-FISHING-GAME/2-angle2.jpg,2,Electric fishing game with 30+ fish figures and fishing rod for children aged 3 and up.,,,,
xinlejia-fishing-game,,,,,,,,,,,,,,,,,,,,output_pending/TGS-XINLEJIA-FISHING-GAME/3-angle3.jpg,3,Electric fishing game with 30+ fish figures and fishing rod for children aged 3 and up.,,,,
zootopia-judy-hopps-talking-toy,Zootopia Judy Hopps Talking Toy,<p>This is a Judy Hopps toy from Zootopia. It is made of hard plastic and has a talking feature. It responds to touch on various parts of its body. It is designed for children to play with and interact with.</p><ul><li>Made of hard plastic</li><li>Approximately 6 inches tall</li><li>Has touch-sensitive areas</li><li>Includes one toy figure</li><li>Intended for children aged 3 and up</li></ul><p><strong>What's included:</strong></p><ul><li>One Judy Hopps toy figure</li></ul>,The Toy Gift Shop,,Novelty & Fun Toys,"age:3-5, feature:new, occasion:birthday, occasion:eid, play:pretend, sub:Novelty Toys",FALSE,Title,Default Title,TGS-JUDY-HOPPS,,shopify,1,deny,manual,3150.00,,TRUE,TRUE,output_pending/TGS-JUDY-HOPPS/1-front.jpg,1,"Zootopia Judy Hopps talking toy with touch-sensitive features, standing next to its box.",FALSE,Judy Hopps Toy in Pakistan | Toy Gift Shop,"Zootopia Judy Hopps talking toy with touch-sensitive features. Made of hard plastic, stands alone, and is for ages 3 and up. Perfect for imaginative play.",draft
zootopia-judy-hopps-talking-toy,,,,,,,,,,,,,,,,,,,,output_pending/TGS-JUDY-HOPPS/2-angle2.jpg,2,"Zootopia Judy Hopps talking toy with touch-sensitive features, standing next to its box.",,,,
zootopia-judy-hopps-talking-toy,,,,,,,,,,,,,,,,,,,,output_pending/TGS-JUDY-HOPPS/3-angle3.jpg,3,"Zootopia Judy Hopps talking toy with touch-sensitive features, standing next to its box.",,,,
avengers-age-of-ultron-magnetic-drawing-board,Avengers Age of Ultron Magnetic Drawing Board with 380 Ball Pops,"<p>An Avengers Age of Ultron magnetic drawing board, called a Magpad on the box: a lattice board of 380 ball pops. Drag the magnetic stylus over the surface and the beads pop up to draw letters, shapes and pictures; wipe them back with a fingertip. The box gives the size as 218 x 175 x 15 mm. Ages 3+.</p><ul><li>380 ball pops in the lattice board</li><li>Magnetic stylus draws letters, shapes and pictures</li><li>Erase with a fingertip</li><li>Size 218 x 175 x 15 mm as printed on the box</li><li>Ages 3+</li></ul><p><strong>What's included:</strong></p><ul><li>Magnetic drawing board</li><li>Magnetic stylus</li></ul>",The Toy Gift Shop,,"Arts, Crafts & Creative Toys","age:3-5, feature:new, occasion:birthday, occasion:eid, play:arts_crafts, sub:Art Sets",FALSE,Title,Default Title,TGS-AVENGERS-MAG-DRAWING,,shopify,4,deny,manual,2250.00,,TRUE,TRUE,output_pending/TGS-AVENGERS-MAG-DRAWING/1-front.jpg,1,Avengers Age of Ultron Magnetic Drawing Board with 180 magnetic ball pops and magnetic stylus on a white surface.,FALSE,Avengers Magnetic Drawing Board in Pakistan | Toy Gift Shop,"Avengers Age of Ultron magnetic drawing board with 380 ball pops and a magnetic stylus. Draw, erase with a fingertip. Ages 3+.",draft
avengers-age-of-ultron-magnetic-drawing-board,,,,,,,,,,,,,,,,,,,,output_pending/TGS-AVENGERS-MAG-DRAWING/2-angle2.jpg,2,Avengers Age of Ultron Magnetic Drawing Board with 180 magnetic ball pops and magnetic stylus on a white surface.,,,,
avengers-age-of-ultron-magnetic-drawing-board,,,,,,,,,,,,,,,,,,,,output_pending/TGS-AVENGERS-MAG-DRAWING/3-angle3.jpg,3,Avengers Age of Ultron Magnetic Drawing Board with 180 magnetic ball pops and magnetic stylus on a white surface.,,,,
cars-dinoco-rc-radio-control-car,Cars RC Radio Control Car – Dinoco 51,"<p>A Cars radio control car in the yellow Dinoco 51 livery, with a steering-wheel remote. The box is Cars 3 branded, ages 3+. Comes with AA batteries and a USB charging cable.</p><ul><li>Yellow Dinoco 51 race car</li><li>Steering-wheel remote control</li><li>AA batteries and USB cable included</li><li>Ages 3+</li></ul><p><strong>What's included:</strong></p><ul><li>Yellow radio control car</li><li>Red and black remote control</li><li>4 AA batteries</li><li>USB charging cable</li></ul>",The Toy Gift Shop,,RC & Remote Control Toys,"age:5-8, feature:new, gender:boys, occasion:birthday, occasion:eid, play:vehicles, sub:RC Vehicles",FALSE,Title,Default Title,TGS-CARS-RC-RADIO,,shopify,3,deny,manual,4250.00,,TRUE,TRUE,output_pending/TGS-CARS-RC-RADIO/1-front.jpg,1,Yellow Cars Rc Radio Control Car with remote control and batteries in packaging.,FALSE,Cars Rc Radio Control Car in Pakistan | Toy Gift Shop,"Radio control car based on Cars movie. Includes remote, batteries, and USB cable. Ages 3+. Plastic toy vehicle for play.",draft
cars-dinoco-rc-radio-control-car,,,,,,,,,,,,,,,,,,,,output_pending/TGS-CARS-RC-RADIO/2-angle2.jpg,2,Yellow Cars Rc Radio Control Car with remote control and batteries in packaging.,,,,
cars-dinoco-rc-radio-control-car,,,,,,,,,,,,,,,,,,,,output_pending/TGS-CARS-RC-RADIO/3-angle3.jpg,3,Yellow Cars Rc Radio Control Car with remote control and batteries in packaging.,,,,
despicable-me-2-minion-slide-toy,Despicable Me 2 Minion Slide Toy,"<p>A Despicable Me 2 slide toy with light and sound: a yellow base with a white staircase and a red curving slide track, plus little Minion figures to send down the slide.</p><ul><li>Light and sound</li><li>Yellow base, white staircase and red slide track</li><li>Comes with small Minion figures</li><li>Despicable Me 2 box design</li><li>Ages 3+</li></ul><p><strong>What's included:</strong></p><ul><li>Slide base with staircase and track</li><li>Minion figures</li></ul>",The Toy Gift Shop,,Novelty & Fun Toys,"age:3-5, feature:new, occasion:birthday, occasion:eid, play:games, sub:Novelty Toys",FALSE,Title,Default Title,TGS-ME-SLIDE,,shopify,4,deny,manual,1450.00,,TRUE,TRUE,output_pending/TGS-ME-SLIDE/1-front.jpg,1,"Despicable Me 2 Minion slide toy with its staircase, red slide track and Minion figures.",FALSE,Despicable Me Minion Slide Toy in Pakistan | Toy Gift Shop,"Despicable Me 2 Minion slide toy with light and sound: staircase, red slide track and little Minion figures. Ages 3+.",draft
despicable-me-2-minion-slide-toy,,,,,,,,,,,,,,,,,,,,output_pending/TGS-ME-SLIDE/2-angle2.jpg,2,"Despicable Me 2 Minion slide toy with its staircase, red slide track and Minion figures.",,,,
despicable-me-2-minion-slide-toy,,,,,,,,,,,,,,,,,,,,output_pending/TGS-ME-SLIDE/3-angle3.jpg,3,"Despicable Me 2 Minion slide toy with its staircase, red slide track and Minion figures.",,,,
two-in-one-deform-robot-car,Two in One Deform Robot Car with Lightning McQueen Design,"<p>A 2-in-1 deform toy: a red race car with big cartoon eyes and a smile that transforms into a robot. It is styled after Lightning McQueen, the red race car from the Cars films.</p><ul><li>Red race car with cartoon eyes and smile</li><li>Transforms from car into robot</li><li>One toy, two ways to play</li><li>Styled after Lightning McQueen from Cars</li></ul><p><strong>What's included:</strong></p><ul><li>1 x 2-in-1 transforming robot car</li></ul>",The Toy Gift Shop,,Robots & Electronic Toys,"age:3-5, feature:new, occasion:birthday, occasion:eid, play:games, play:learning, play:vehicles, sub:Electronic Toys",FALSE,Title,Default Title,TGS-DEFORM-ROBOT-CAR,,shopify,2,deny,manual,2850.00,,TRUE,TRUE,output_pending/TGS-DEFORM-ROBOT-CAR/1-front.jpg,1,"Two in One Deform Robot Car with Lightning McQueen design, shown in car form on a white surface.",FALSE,Two in One Deform Robot Car in Pakistan | Toy Gift Shop,2-in-1 deform robot car styled after Lightning McQueen: a red cartoon race car that transforms into a robot. Ages 3+.,draft
two-in-one-deform-robot-car,,,,,,,,,,,,,,,,,,,,output_pending/TGS-DEFORM-ROBOT-CAR/2-angle2.jpg,2,"Two in One Deform Robot Car with Lightning McQueen design, shown in car form on a white surface.",,,,
two-in-one-deform-robot-car,,,,,,,,,,,,,,,,,,,,output_pending/TGS-DEFORM-ROBOT-CAR/3-angle3.jpg,3,"Two in One Deform Robot Car with Lightning McQueen design, shown in car form on a white surface.",,,,
winnie-the-pooh-action-figure,Winnie The Pooh Action Figure,<p>A Winnie the Pooh figure in a Mickey Mouse &amp; Friends window box. The box says his hands and feet can move. Ages 3+.</p><ul><li>Winnie the Pooh in his red top</li><li>Hands and feet can move</li><li>Mickey Mouse &amp; Friends box</li><li>Ages 3+</li></ul><p><strong>What's included:</strong></p><ul><li>1 Winnie the Pooh figure</li></ul>,The Toy Gift Shop,,Action Figures & Characters,"age:3-5, feature:new, occasion:birthday, occasion:eid, play:pretend, sub:Action Figures",FALSE,Title,Default Title,TGS-WINNIE-POOH,,shopify,4,deny,manual,3250.00,,TRUE,TRUE,output_pending/TGS-WINNIE-POOH/1-front.jpg,1,Winnie The Pooh action figure in clear plastic bubble with pink box.,FALSE,Winnie The Pooh Toy in Pakistan | Toy Gift Shop,Winnie The Pooh action figure with movable hands and feet. Age 3+. Hard plastic. Includes 1 figure. Packaged with clear plastic bubble and pink box.,draft
winnie-the-pooh-action-figure,,,,,,,,,,,,,,,,,,,,output_pending/TGS-WINNIE-POOH/2-angle2.jpg,2,Winnie The Pooh action figure in clear plastic bubble with pink box.,,,,
winnie-the-pooh-action-figure,,,,,,,,,,,,,,,,,,,,output_pending/TGS-WINNIE-POOH/3-angle3.jpg,3,Winnie The Pooh action figure in clear plastic bubble with pink box.,,,,
